filename,DensityFeatures__vpa,DensityFeatures__packing fraction,GlobalSymmetryFeatures__spacegroup_num,GlobalSymmetryFeatures__n_symmetry_ops,ChemicalOrdering__mean ordering parameter shell 1,ChemicalOrdering__mean ordering parameter shell 3,MaximumPackingEfficiency__max packing efficiency,StructuralComplexity__structural complexity per atom,StructuralComplexity__structural complexity per cell,AtomicOrbitals__HOMO_energy,AtomicOrbitals__LUMO_energy,AtomicPackingEfficiency__mean simul. packing efficiency,AtomicPackingEfficiency__mean abs simul. packing efficiency,AtomicPackingEfficiency__dist from 1 clusters |APE| < 0.010,CohesiveEnergy__cohesive energy,ElectronegativityDiff__std_dev EN difference,ElementProperty_magpie__MagpieData mode MendeleevNumber,ElementProperty_magpie__MagpieData minimum AtomicWeight,ElementProperty_magpie__MagpieData maximum Row,ElementProperty_magpie__MagpieData mean Electronegativity,ElementProperty_magpie__MagpieData mean NsValence,ElementProperty_magpie__MagpieData avg_dev NsValence,ElementProperty_magpie__MagpieData avg_dev NpValence,ElementProperty_magpie__MagpieData maximum NdValence,ElementProperty_magpie__MagpieData avg_dev NdValence,ElementProperty_magpie__MagpieData mode NdValence,ElementProperty_magpie__MagpieData mean NfValence,ElementProperty_magpie__MagpieData avg_dev NfValence,ElementProperty_magpie__MagpieData avg_dev NValence,ElementProperty_magpie__MagpieData range NpUnfilled,ElementProperty_magpie__MagpieData avg_dev NpUnfilled,ElementProperty_magpie__MagpieData mode NpUnfilled,ElementProperty_magpie__MagpieData maximum NdUnfilled,ElementProperty_magpie__MagpieData minimum NUnfilled,ElementProperty_magpie__MagpieData avg_dev NUnfilled,ElementProperty_magpie__MagpieData mode NUnfilled,ElementProperty_magpie__MagpieData minimum GSvolume_pa,ElementProperty_magpie__MagpieData mode GSvolume_pa,ElementProperty_magpie__MagpieData avg_dev GSbandgap,ElementProperty_magpie__MagpieData mode GSbandgap,ElementProperty_magpie__MagpieData minimum SpaceGroupNumber,ElementProperty_magpie__MagpieData maximum SpaceGroupNumber,ElementProperty_magpie__MagpieData mode SpaceGroupNumber,ElementProperty_matminer__PymatgenData maximum block,ElementProperty_matminer__PymatgenData std_dev electrical_resistivity,ElementProperty_matminer__PymatgenData minimum velocity_of_sound,ElementProperty_matminer__PymatgenData maximum velocity_of_sound,ElementProperty_matminer__PymatgenData mean thermal_conductivity,ElementProperty_matminer__PymatgenData std_dev thermal_conductivity,ElementProperty_matminer__PymatgenData minimum bulk_modulus,ElementProperty_matminer__PymatgenData range bulk_modulus,ElementProperty_matminer__PymatgenData minimum coefficient_of_linear_thermal_expansion,ElementProperty_matminer__PymatgenData range coefficient_of_linear_thermal_expansion,ElementProperty_mp_transport__TransportData maximum sigma_n,ElementProperty_mp_transport__TransportData mode S_p,ElementProperty_mp_transport__TransportData maximum S_n,ElementProperty_mp_transport__TransportData maximum PF_n,ElementProperty_mp_transport__TransportData maximum m_p,ElementProperty_mp_transport__TransportData minimum m_n,ElementProperty_mp_transport__TransportData mode m_n,Miedema__Miedema_deltaH_ss_min,OxidationStates_deml__minimum oxidation state,OxidationStates_deml__maximum oxidation state,WenAlloys__Radii local mismatch,WenAlloys__Total weight,WenAlloys__Lambda entropy,WenAlloys__Electronegativity local mismatch,WenAlloys__Mixing enthalpy,WenAlloys__Interant electrons,WenAlloys__Interant s electrons,WenAlloys__Interant d electrons,WenAlloys__Shear modulus mean
Ag,17.28523119,0.992597929,225,192,0.0,0.0,0.74048049,0.0,0.0,-0.157407,-0.157407,0.023994,0.023994,1.0,2.95,0.0,65,107.8682,5,1.93,1.0,0.0,0.0,10,0.0,10,0.0,0.0,0.0,0,0.0,0,0,1,0.0,1,16.33,16.33,0.0,0.0,225,225,225,3,0.0,2600.0,2600.0,430.0,0.0,100.0,0.0,1.89e-05,0.0,200974.7217,34.00272875,42.78526199,17.10095134,0.000140408,0.00014037,0.00014037,0.0,0.0,0.0,0.0,431.4728,0.0,0.0,1e-06,1,1,0,28.65
Ag2S,20.54908897,0.624575289,14,4,0.454465697,0.033964956,0.393269204,1.584962501,19.01955001,-0.261676,-0.157407,-0.010553536,0.010553536,0.277296777,3.035040533,0.0,65,32.065,5,2.146666667,1.333333333,0.444444444,1.777777778,10,4.444444444,10,0.0,0.0,2.222222222,2,0.888888889,0,0,1,0.444444444,1,16.33,16.33,0.978666667,0.0,70,225,225,3,1414210000000000.0,2600.0,3505.7375,286.735,303.910959,7.7,92.3,1.63e-05,2.62e-06,200974.7217,34.00272875,42.78526199,17.10095134,0.000140408,-0.000414428,0.00014037,-0.021402835,-2.0,1.0,9.111111111,991.2056,-0.24064337,0.06608828,12.62540166,5,1,0,36.76219178
Ag2Se,20.10654804,0.674493297,19,4,0.441771903,0.030547872,0.488289384,1.584962501,19.01955001,-0.245806,-0.157407,0.005850317,0.015088016,0.094280904,3.006581319,0.0,65,78.96,5,2.136666667,1.333333333,0.444444444,1.777777778,10,0.0,10,0.0,0.0,2.222222222,2,0.888888889,0,0,1,0.444444444,1,16.33,16.33,0.355111111,0.0,14,225,225,3,17247200000000.0,2600.0,3350.0,286.84,303.6882204,8.3,91.7,1.63e-05,2.62e-06,200974.7217,34.00272875,42.78526199,17.10095134,0.000140408,-0.000401584,0.00014037,-0.021402835,-2.0,1.0,5.777777778,1178.7856,-0.645198681,0.06608828,12.62540166,5,1,0,36.76219178
Ag2Te,23.04480953,0.662601986,14,4,0.481833886,0.066310588,0.532223632,1.584962501,19.01955001,-0.226594,-0.157407,0.023821865,0.023821865,0.033671751,2.791856538,0.0,65,107.8682,5,1.986666667,1.333333333,0.444444444,1.777777778,10,0.0,10,0.0,0.0,2.222222222,2,0.888888889,0,0,1,0.444444444,1,16.33,16.33,0.206222222,0.0,152,225,225,3,7.07e-05,2600.0,2610.0,287.6666667,301.9345956,65.0,35.0,1.63e-05,2.62e-06,200974.7217,34.00272875,42.78526199,17.10095134,0.000140408,-0.000893918,0.00014037,-0.021402835,-2.0,1.0,0.888888889,1373.3456,-30.29393261,0.06608828,12.62540166,5,1,0,36.76219178
Ag3SbS3,22.75937092,0.482113973,161,18,0.526022742,0.090569802,0.334487958,1.448815636,60.8502567,-0.261676,-0.185623,0.009659942,0.009659942,0.03888079,3.085360761,0.084852814,65,32.065,5,2.225714286,1.571428571,0.489795918,1.836734694,10,4.897959184,0,0.0,0.0,2.93877551,3,1.102040816,0,0,1,0.612244898,1,16.33,16.33,1.078530612,0.0,70,225,70,3,1264910000000000.0,2600.0,3505.7375,187.8021429,268.2486585,7.7,92.3,1.1e-05,7.9e-06,200974.7217,34.00272875,42.78526199,17.95677256,0.001005039,-0.000414428,-0.000414428,-0.264137899,-2.0,3.0,11.3877551,3249.3576,-0.283974288,0.078954431,14.89329979,8,1,0,37.84567515
Ag8SnS6,20.85266258,0.559995855,33,4,0.684042874,0.122304016,0.38018965,3.906890596,234.4134357,-0.261676,-0.261676,0.005934543,0.005934543,0.038640077,3.127630076,0.021213203,65,32.065,5,2.192,1.466666667,0.497777778,1.848888889,10,4.8,10,0.0,0.0,2.56,4,1.137777778,0,0,1,0.64,1,16.33,16.33,1.05696,0.0,70,225,225,3,1319820000000000.0,2500.0,3505.7375,233.882,283.236779,7.7,92.3,1.63e-05,5.72e-06,200974.7217,34.00272875,42.78526199,18.72348504,0.000220362,-0.000414428,0.00014037,-0.119389829,-2.0,4.0,10.52444444,4696.1824,-0.277714902,0.07315312,14.06210046,7,1,0,37.70396347
AgBiS2,22.61747728,0.471893364,166,36,0.932701676,0.778057469,0.516651638,1.5,18.0,-0.261676,-0.180198,0.008982384,0.008982384,0.049232334,2.999416004,0.06363961,88,32.065,6,2.2775,1.75,0.375,1.375,10,5.0,0,3.5,5.25,8.0,3,0.875,2,0,1,0.5,2,16.33,25.786875,1.101,2.202,12,225,70,3,1264910000000000.0,1790.0,3505.7375,109.6025,234.0198727,7.7,92.3,1.34e-05,5.5e-06,200974.7217,688.7617189,42.78526199,20.90051016,0.000276223,-0.000414428,-0.000414428,-0.201077331,-2.0,3.0,13.625,1142.9358,-0.212813228,0.061849315,13.70357686,8,1,0,36.86828767
AgGaS2,22.1219084,0.392570529,33,4,0.739853871,0.294723865,0.314538773,2.0,32.0,-0.261676,-0.261676,-0.01979952,0.02269959,0.0,3.485011174,0.084852814,88,32.065,5,2.225,1.75,0.375,1.75,10,5.0,0,0.0,0.0,3.0,5,1.375,2,0,1,1.25,2,16.33,25.786875,1.101,2.202,64,225,70,3,1264910000000000.0,2600.0,3505.7375,114.8525,230.6310448,7.7,92.3,1.63e-05,0.000103724,200974.7217,688.7617189,42.78526199,20.63066982,0.000173757,-0.000414428,-0.000414428,-0.206743145,-2.0,3.0,9.625,966.8848,-0.376107862,0.058724315,15.45357686,6,1,0,43.02328767
AgInS2-1,24.6413873,0.417320215,33,4,0.755060769,0.318331796,0.329468755,2.0,32.0,-0.261676,-0.261676,0.011549689,0.01984848,0.03928371,3.352108353,0.106066017,88,32.065,5,2.2175,1.75,0.375,1.75,10,5.0,0,0.0,0.0,3.0,5,1.375,2,0,1,1.25,2,16.33,25.786875,1.101,2.202,70,225,70,3,1264910000000000.0,1215.0,3505.7375,128.1025,224.484371,7.7,92.3,1.63e-05,1.58e-05,205785.0644,688.7617189,45.19519666,17.10095134,0.000140408,-0.000414428,-0.000414428,-0.128710998,-2.0,3.0,12.3125,1147.2648,-0.247947016,0.084375,14.70357686,6,1,0,34.58778767
AgInSe2-1,29.26187321,0.388706048,33,4,0.753727026,0.316093774,0.331737024,2.0,32.0,-0.245806,-0.245806,0.00056496,0.013044805,0.036021908,3.248737781,0.106066017,89,78.96,5,2.2025,1.75,0.375,1.75,10,0.0,10,0.0,0.0,2.0,5,1.375,2,0,1,1.25,2,16.33,25.92,0.3995,0.799,14,225,14,3,15426300000000.0,1215.0,3350.0,128.26,224.3408393,8.3,91.7,1.63e-05,1.58e-05,205785.0644,646.9921645,45.19519666,17.10095134,0.000140408,-0.000401584,-0.000401584,-0.128710998,-2.0,3.0,8.5625,1522.4248,-0.587555726,0.084375,14.70357686,6,1,0,34.58778767
AgInSe2-2,28.05929114,0.405365447,122,16,0.662723812,0.176547634,0.336149096,1.5,24.0,-0.245806,-0.245806,0.00056496,0.013044805,0.036021908,3.248737781,0.106066017,89,78.96,5,2.2025,1.75,0.375,1.75,10,0.0,10,0.0,0.0,2.0,5,1.375,2,0,1,1.25,2,16.33,25.92,0.3995,0.799,14,225,14,3,15426300000000.0,1215.0,3350.0,128.26,224.3408393,8.3,91.7,1.63e-05,1.58e-05,205785.0644,646.9921645,45.19519666,17.10095134,0.000140408,-0.000401584,-0.000401584,-0.128710998,-2.0,3.0,8.5625,1522.4248,-0.587555726,0.084375,14.70357686,6,1,0,34.58778767
AgInTe2,34.04640507,0.409322925,122,16,0.661225727,0.174282801,0.337660261,1.5,24.0,-0.226594,-0.226594,0.005649644,0.014770133,0.050507627,2.838613978,0.106066017,90,107.8682,5,1.9775,1.75,0.375,1.75,10,0.0,10,0.0,0.0,2.0,5,1.375,2,0,1,1.25,2,16.33,34.76333333,0.232,0.464,139,225,152,3,6.32e-05,1215.0,2610.0,129.5,223.2137989,65.0,35.0,1.63e-05,1.58e-05,205785.0644,424.94949,45.19519666,17.10095134,0.000140408,-0.000893918,-0.000893918,-0.128710998,-2.0,3.0,3.0625,1911.5448,-4.805809544,0.084375,14.70357686,6,1,0,34.58778767
AgSbS2,24.20872293,0.395569355,15,8,0.673340758,0.226900942,0.320933469,2.25,72.0,-0.261676,-0.185623,0.011549689,0.01984848,0.03928371,3.100111399,0.084852814,88,32.065,5,2.285,1.75,0.375,1.375,10,5.0,0,0.0,0.0,3.5,3,0.875,2,0,1,0.5,2,16.33,25.786875,1.101,2.202,70,225,70,3,1264910000000000.0,2600.0,3505.7375,113.6025,231.3905547,7.7,92.3,1.1e-05,7.9e-06,200974.7217,688.7617189,42.78526199,17.95677256,0.001005039,-0.000414428,-0.000414428,-0.341326839,-2.0,3.0,12.3125,2350.0656,-0.247947016,0.083724315,15.20357686,8,1,0,38.65828767
Al2Se3,25.25534513,0.280925408,9,4,0.457242656,0.028658925,0.272879129,2.321928095,46.4385619,-0.245806,-0.245806,0.0137064,0.019356919,0.035355339,3.840823536,0.0,89,26.9815386,4,2.174,2.0,0.0,1.44,10,4.8,10,0.0,0.0,6.24,3,1.44,2,0,2,1.44,2,16.48,25.92,0.38352,0.799,14,225,14,2,17247200000000.0,3350.0,5100.0,94.312,165.8023981,8.3,67.7,1.63e-05,6.82e-06,157354.8977,646.9921645,-37.09278318,16.80903446,0.000178962,-0.000401584,-0.000401584,-0.353570638,-2.0,3.0,5.52,1163.372309,-0.713082736,0.035375342,13.63543379,5,0,0,42.42794521
Au,18.14473803,0.567988068,225,192,0.0,0.0,0.74048049,0.0,0.0,-0.162334,-0.162334,0.023994,0.023994,1.0,3.81,0.0,66,196.966569,6,2.54,1.0,0.0,0.0,10,0.0,10,14.0,0.0,0.0,0,0.0,0,0,1,0.0,1,16.7,16.7,0.0,0.0,225,225,225,3,0.0,1740.0,1740.0,320.0,0.0,220.0,0.0,1.42e-05,0.0,324361.4986,-18.74595916,-36.53975772,21.04207243,8.69e-05,8.69e-05,8.69e-05,0.0,0.0,0.0,0.0,787.866276,0.0,0.0,1e-06,1,1,0,27.57
Au3Pd,17.31292318,0.612433036,221,48,0.333333333,0.014245014,0.74048049,0.811278124,3.245112498,-0.160771,-0.160771,0.023984988,0.023984988,1.0,3.92625477,0.0,66,106.42,6,2.455,0.75,0.375,0.0,10,0.0,10,10.5,5.25,5.625,0,0.0,0,0,0,0.375,1,14.41,16.7,0.0,0.0,225,225,225,3,5.89e-08,1740.0,3070.0,258.0,175.3624817,180.0,40.0,1.18e-05,2.4e-06,330022.5646,-18.74595916,80.3307176,23.32029032,8.69e-05,8.54e-05,8.69e-05,0.006928238,0.0,0.0,0.1875,697.319707,-508.1082058,0.05625,1e-06,1,1,0,33.455
BaClF,23.68918279,0.652086049,129,16,0.415610702,0.109867518,0.52755092,1.584962501,9.509775004,-0.32038,-0.118967,-0.007667367,0.014313772,0.07856742,4.777053105,0.0,9,18.9984032,6,2.676666667,2.0,0.0,2.222222222,0,0.0,0,0.0,0.0,2.222222222,1,0.444444444,0,0,0,0.444444444,0,9.7075,9.7075,0.991777778,0.0,15,229,15,2,14082300000000.0,206.0,3505.7375,6.0122,10.38174359,1.1,89.6942029,1.63e-05,4.32e-06,62199.72394,197.2206286,-136.5393806,16.82117099,0.000457989,-0.000605728,-0.000605728,0.393068022,-1.0,2.0,15.36990155,383.5568064,-0.268848614,0.385022831,18.93810249,10,0,0,36.95938356
BaF2,20.10896748,0.707428422,225,192,0.389072747,0.053131622,0.510131071,0.918295834,11.01955001,-0.415606,-0.118967,-0.007667367,0.014313772,0.07856742,5.355251923,0.0,93,18.9984032,6,2.95,2.0,0.0,2.222222222,0,0.0,0,0.0,0.0,2.222222222,1,0.444444444,1,0,0,0.444444444,1,9.7075,9.7075,0.875555556,1.97,15,229,15,2,17247200000000.0,1620.0,3505.7375,6.018466667,12.7083352,9.6,81.1942029,1.63e-05,4.32e-06,62199.72394,846.8504535,-136.5393806,16.82117099,0.000457989,-0.000605728,-0.000605728,0.281429435,-1.0,2.0,15.36990155,701.2952256,-0.155765554,0.385022831,12.62540166,5,0,0,36.95938356
Bi,36.0824186,0.475502623,166,36,0.0,0.0,0.436448165,0.0,0.0,-0.180198,-0.180198,0.023994,0.023994,1.0,2.18,0.0,86,208.9804,6,2.02,2.0,0.0,0.0,10,0.0,10,14.0,0.0,0.0,0,0.0,3,0,3,0.0,3,32.95,32.95,0.0,0.0,12,12,12,2,0.0,1790.0,1790.0,8.0,0.0,31.0,0.0,1.34e-05,0.0,103172.6523,111.8858866,-80.96944956,20.90051016,0.000276223,0.000276168,0.000276168,-0.098460595,0.0,0.0,0.0,1253.8824,0.0,0.0,1e-06,3,0,0,12.85
Bi2S3,25.86405318,0.362518122,62,8,0.58333906,0.132284564,0.377758015,2.321928095,46.4385619,-0.261676,-0.180198,0.020678664,0.020678664,0.044659376,2.996615469,0.0,88,32.065,6,2.356,2.0,0.0,0.48,10,4.8,0,5.6,6.72,11.04,1,0.48,2,0,2,0.48,2,25.786875,25.786875,1.05696,2.202,12,70,70,2,1414210000000000.0,1790.0,3505.7375,3.323,5.511897359,7.7,23.3,1.34e-05,2.88e-06,103172.6523,688.7617189,-80.96944956,20.90051016,0.000276223,-0.000414428,-0.000414428,-0.476629537,-2.0,3.0,14.16,2056.6232,-0.107345726,0.023375342,13.63543379,7,0,0,36.93194521
Bi2Se3,30.35556509,0.352004307,166,36,0.567164186,0.182685063,0.434981012,1.521928095,22.82892142,-0.245806,-0.180198,-0.00565877,0.013366384,0.094280904,2.782076935,0.0,89,78.96,6,2.338,2.0,0.0,0.48,10,0.0,10,5.6,6.72,6.24,1,0.48,2,0,2,0.48,2,25.92,25.92,0.38352,0.799,12,14,14,2,17247200000000.0,1790.0,3350.0,3.512,5.289158723,8.3,22.7,1.34e-05,2.88e-06,103172.6523,646.9921645,-80.96944956,20.90051016,0.000276223,-0.000401584,-0.000401584,-0.476629537,-2.0,3.0,10.56,1964.5224,-0.221429458,0.023375342,13.63543379,7,0,0,36.93194521
Bi8Se9,30.85770327,0.37095116,166,36,0.603768124,0.257329861,0.42390698,3.146286371,160.4606049,-0.180198,-0.180198,-0.026852698,0.026852698,0.0,2.709457517,0.0,89,78.96,6,2.300588235,2.0,0.0,0.498269896,10,0.0,10,6.588235294,6.975778547,6.477508651,1,0.498269896,2,0,2,0.498269896,2,25.92,25.92,0.398117647,0.799,12,14,14,2,17247200000000.0,1790.0,3350.0,4.04,5.289158723,8.3,22.7,1.34e-05,2.88e-06,103172.6523,646.9921645,-80.96944956,20.90051016,0.000276223,-0.000401584,-0.000401584,-0.500886662,-2.0,2.25,10.96193772,7147.4496,-0.229297461,0.024265061,14.15442954,7,0,0,34.09877518
BiBrO,21.58434955,0.377321071,129,16,0.511518423,0.232853988,0.465318784,1.584962501,9.509775004,-0.295334,-0.180198,0.008564412,0.02526523,0.048029211,3.377466067,0.0,86,15.9994,6,2.806666667,2.0,0.0,0.666666667,10,4.444444444,0,4.666666667,6.222222222,7.777777778,2,0.666666667,1,0,1,0.666666667,1,9.105,9.105,0.647555556,0.0,12,64,12,2,14059800000000.0,317.5,3505.7375,2.715526667,4.576726519,1.9,88.8942029,1.34e-05,2.88e-06,103172.6523,111.8858866,-80.96944956,20.90051016,0.000276223,-0.000478495,-0.000478495,-0.564138961,-2.0,3.0,21.77777778,609.7676,-0.074278943,0.021643836,18.93810249,12,0,0,39.60771689
BiClO,18.93096423,0.391789404,129,16,0.479332069,0.169833053,0.493916609,1.584962501,9.509775004,-0.32038,-0.180198,0.008564412,0.02526523,0.048029211,3.551080428,0.0,86,15.9994,6,2.873333333,2.0,0.0,0.666666667,10,4.444444444,0,4.666666667,6.222222222,10.0,2,0.666666667,1,0,1,0.666666667,1,9.105,9.105,1.108,0.0,12,64,12,2,14082300000000.0,206.0,1790.0,2.678493333,4.608568438,1.1,89.6942029,1.34e-05,2.88e-06,103172.6523,111.8858866,-80.96944956,20.90051016,0.000276223,-0.000568144,-0.000568144,-0.564138961,-2.0,3.0,21.77777778,520.8656,-0.074278943,0.021643836,18.93810249,12,0,0,39.60771689
BiSe,31.14559486,0.377708486,164,12,0.632502381,0.28781652,0.424655798,2.584962501,31.01955001,-0.180198,-0.180198,-0.035659177,0.035659177,0.041594517,2.677938195,0.0,86,78.96,6,2.285,2.0,0.0,0.5,10,0.0,10,7.0,7.0,6.5,1,0.5,2,0,2,0.5,2,25.92,25.92,0.3995,0.0,12,14,12,2,17247200000000.0,1790.0,3350.0,4.26,5.289158723,8.3,22.7,1.34e-05,2.88e-06,103172.6523,111.8858866,-80.96944956,20.90051016,0.000276223,-0.000401584,-0.000401584,-0.505984395,-2.0,2.0,11.0,1727.6424,-0.233370626,0.024349315,14.20357686,7,0,0,32.91828767
C,5.643293951,0.254595109,227,192,0.0,0.0,0.340087381,0.0,0.0,-0.199186,-0.199186,0.023994,0.023994,1.0,7.37,0.0,77,12.0107,2,2.55,2.0,0.0,0.0,0,0.0,0,0.0,0.0,0.0,0,0.0,4,0,4,0.0,4,5.64,5.64,0.0,4.496,194,194,194,2,0.0,18350.0,18350.0,140.0,0.0,33.0,0.0,7.1e-06,0.0,34182.10615,518.9706708,-543.0263829,7.705405766,0.000835509,0.000835706,0.000835706,-0.025910683,0.0,0.0,0.0,96.0856,0.0,0.0,1e-06,2,0,0,451.3
CH5N2PbBr3,18.99420397,0.208860208,25,4,0.828136413,0.382044843,0.250764572,3.084962501,37.01955001,-0.266297,-0.233471,0.006660874,0.024261112,0.041143998,3.901945142,0.184070145,92,1.00794,6,2.57,1.583333333,0.486111111,1.763888889,10,4.444444444,0,1.166666667,2.138888889,7.722222222,4,1.388888889,0,0,1,1.111111111,1,5.64,6.615,2.758694444,7.853,64,225,194,2,14122700000000.0,333.6,18350.0,14.69284667,45.86935945,1.9,88.8942029,7.1e-06,2.18e-05,143338.1374,738.6523347,-162.4705406,22.55550469,0.001868154,-0.000737103,0.001864669,3.080224547,-3.0,2.0,16.64143812,491.9758,-0.166532984,0.534442542,21.23601598,13,1,0,51.30464384
CH5N2PbI3,22.33606777,0.23495572,25,4,0.835255475,0.398298445,0.253287669,3.084962501,37.01955001,-0.266297,-0.233471,0.006660874,0.024261112,0.041143998,3.758851165,0.184070145,92,1.00794,6,2.495,1.583333333,0.486111111,1.763888889,10,4.444444444,0,1.166666667,2.138888889,7.722222222,4,1.388888889,0,0,1,1.111111111,1,5.64,6.615,2.873902778,7.853,64,225,194,2,14149800000000.0,333.6,18350.0,14.77509667,45.83347021,7.7,83.0942029,7.1e-06,2.18e-05,143338.1374,738.6523347,-162.4705406,22.55550469,0.001868154,-0.000737103,0.001864669,3.080224547,-3.0,2.0,16.64143812,632.97721,-0.166532984,0.534442542,21.23601598,13,1,0,51.30464384
CH6NPbBr3,17.81620127,0.217595506,62,8,0.771493536,0.474368057,0.213912477,3.084962501,148.0782,-0.233471,-0.233471,0.023255579,0.030701459,0.051031036,3.790989831,0.091923882,92,1.00794,6,2.5,1.5,0.5,1.833333333,10,4.444444444,0,1.166666667,2.138888889,7.944444444,4,1.25,0,0,1,1.0,1,5.64,6.615,2.857027778,7.853,64,225,194,2,14699400000000.0,333.6,18350.0,14.70573583,47.73643178,1.9,88.8942029,7.1e-06,2.18e-05,143338.1374,738.6523347,-162.4705406,22.55550469,0.001868154,-0.000737103,0.001864669,2.762757524,-3.0,2.0,12.59388186,1915.90816,-0.232725431,0.445136986,17.01379376,13,1,0,51.30464384
CH6NPbCl3,17.37039941,0.191778337,1,1,0.768193613,0.430528428,0.184820963,5.584962501,268.0782,-0.233471,-0.233471,0.023255579,0.030701459,0.051031036,4.042026129,0.091923882,92,1.00794,6,2.55,1.5,0.5,1.833333333,10,1.527777778,0,1.166666667,2.138888889,4.611111111,4,1.25,0,0,1,1.0,1,5.64,6.615,2.554861111,7.853,64,225,194,2,14727600000000.0,206.0,18350.0,14.67796083,47.7491963,1.1,89.6942029,7.1e-06,2.18e-05,143338.1374,738.6523347,-162.4705406,22.55550469,0.001868154,-0.000737103,0.001864669,2.762757524,-3.0,2.0,12.59388186,1382.49616,-0.232725431,0.445136986,17.01379376,13,1,0,51.30464384
CH6NPbI3,21.37750491,0.241261965,62,8,0.776595958,0.497921714,0.21140866,3.084962501,148.0782,-0.233471,-0.233471,0.023255579,0.030701459,0.051031036,3.643568759,0.091923882,92,1.00794,6,2.425,1.5,0.5,1.833333333,10,4.444444444,0,1.166666667,2.138888889,7.944444444,4,1.25,0,0,1,1.0,1,5.64,6.615,2.972236111,7.853,64,225,194,2,14727600000000.0,333.6,18350.0,14.78798583,47.6990391,7.7,83.0942029,7.1e-06,2.18e-05,143338.1374,738.6523347,-162.4705406,22.55550469,0.001868154,-0.000737103,0.001864669,2.762757524,-3.0,2.0,12.59388186,2479.9138,-0.232725431,0.445136986,17.01379376,13,1,0,51.30464384
CaF2,13.98633076,0.607169539,225,192,0.389072747,0.053131622,0.510131071,0.918295834,11.01955001,-0.415606,-0.141411,0.004431988,0.004431988,0.027729678,5.395548903,0.0,93,18.9984032,4,2.986666667,2.0,0.0,2.222222222,0,0.0,0,0.0,0.0,2.222222222,1,0.444444444,1,0,0,0.444444444,1,9.7075,9.7075,0.875555556,1.97,15,225,15,2,17247200000000.0,3505.7375,3810.0,66.68513333,141.4017694,17.0,73.7942029,1.63e-05,6.02e-06,99993.23162,846.8504535,-138.3814783,17.46788243,0.000279612,-0.000605728,-0.000605728,0.135736653,-1.0,2.0,10.48101266,312.2992256,-0.307772877,0.33391172,12.62540166,5,0,0,37.77705023
CaS,23.20702872,0.616576448,225,192,1.0,1.0,0.523598776,1.0,8.0,-0.261676,-0.141411,-0.019608497,0.028031581,0.037216146,4.781088926,0.0,7,32.065,4,1.79,2.0,0.0,2.0,0,0.0,0,0.0,0.0,2.0,2,1.0,0,0,0,1.0,0,25.786875,25.786875,1.101,0.0,70,225,70,2,1414210000000000.0,3505.7375,3810.0,100.1025,141.2763993,7.7,9.3,1.63e-05,6.02e-06,99993.23162,264.7974578,-138.3814783,17.46788243,0.000279612,-0.000414428,-0.000414428,0.208130642,-2.0,2.0,24.5,288.572,-0.055453696,0.375650685,14.20357686,4,0,0,30.17228767
Cd,22.30752204,0.699249836,194,24,0.0,0.0,0.607786324,0.0,0.0,0.0,0.0,0.023994,0.023994,1.0,1.16,0.0,70,112.411,5,1.69,2.0,0.0,0.0,10,0.0,10,0.0,0.0,0.0,0,0.0,0,0,0,0.0,0,19.495,19.495,0.0,0.0,194,194,194,3,0.0,2310.0,2310.0,97.0,0.0,42.0,0.0,3.08e-05,0.0,210065.7165,222.1232797,-0.509162544,16.70807701,0.000133778,0.000133713,0.000133713,0.0,0.0,0.0,0.0,224.822,0.0,0.0,1e-06,0,0,0,24.13
Cd3P2,23.92282345,0.461259716,137,16,0.573994101,0.097698618,0.365535025,2.521928095,100.8771238,-0.20608,-0.204228,-0.033381211,0.033381211,0.016637807,2.191177782,0.0,70,30.973762,5,1.89,2.0,0.0,1.44,10,4.8,10,0.0,0.0,3.36,3,1.44,0,0,0,1.44,0,19.495,19.495,0.78,0.0,2,194,194,3,1.93e-08,2310.0,3505.7375,58.2944,68.42248057,11.0,31.0,1.63e-05,1.45e-05,210065.7165,222.1232797,-0.509162544,16.70807701,0.000683586,0.000133713,0.000133713,-0.767880407,-3.0,2.0,13.2,3193.444192,-0.140463514,0.36,11.04,3,0,0,17.3424
CdS-1,25.48884667,0.388156467,216,96,0.660958306,0.173874497,0.340087381,1.0,8.0,-0.261676,-0.204228,0.005983796,0.014313019,0.064282435,2.781608389,0.0,70,32.065,5,2.135,2.0,0.0,2.0,10,5.0,0,0.0,0.0,3.0,2,1.0,0,0,0,1.0,0,19.495,19.495,1.101,0.0,70,194,70,3,1414210000000000.0,2310.0,3505.7375,48.6025,68.44440088,7.7,34.3,1.63e-05,1.45e-05,210065.7165,222.1232797,-0.509162544,16.70807701,0.000133778,-0.000414428,-0.000414428,0.071061999,-2.0,2.0,13.5,577.904,-0.13359637,0.000650685,14.20357686,4,0,0,38.55828767
CdS-2,25.50973137,0.387838685,186,12,0.781810196,0.366810827,0.339636306,1.0,4.0,-0.261676,-0.204228,0.005983796,0.014313019,0.064282435,2.781608389,0.0,70,32.065,5,2.135,2.0,0.0,2.0,10,5.0,0,0.0,0.0,3.0,2,1.0,0,0,0,1.0,0,19.495,19.495,1.101,0.0,70,194,70,3,1414210000000000.0,2310.0,3505.7375,48.6025,68.44440088,7.7,34.3,1.63e-05,1.45e-05,210065.7165,222.1232797,-0.509162544,16.70807701,0.000133778,-0.000414428,-0.000414428,0.071061999,-2.0,2.0,13.5,577.904,-0.13359637,0.000650685,14.20357686,4,0,0,38.55828767
CdSe-1,28.94211178,0.379536186,216,96,0.660958306,0.173874497,0.340087381,1.0,8.0,-0.245806,-0.204228,-0.003878516,0.026209726,0.12478355,2.647606194,0.0,70,78.96,5,2.12,2.0,0.0,2.0,10,0.0,10,0.0,0.0,2.0,2,1.0,0,0,0,1.0,0,19.495,19.495,0.3995,0.0,14,194,14,3,17247200000000.0,2310.0,3350.0,48.76,68.22166225,8.3,33.7,1.63e-05,1.45e-05,210065.7165,222.1232797,-0.509162544,16.70807701,0.000133778,-0.000401584,-0.000401584,0.071061999,-2.0,2.0,9.75,765.484,-0.286531026,0.000650685,14.20357686,4,0,0,38.55828767
CdSe-2,28.99369561,0.378860938,186,12,0.77909452,0.361247281,0.339460616,1.0,4.0,-0.245806,-0.204228,-0.003878516,0.026209726,0.12478355,2.647606194,0.0,70,78.96,5,2.12,2.0,0.0,2.0,10,0.0,10,0.0,0.0,2.0,2,1.0,0,0,0,1.0,0,19.495,19.495,0.3995,0.0,14,194,14,3,17247200000000.0,2310.0,3350.0,48.76,68.22166225,8.3,33.7,1.63e-05,1.45e-05,210065.7165,222.1232797,-0.509162544,16.70807701,0.000133778,-0.000401584,-0.000401584,0.071061999,-2.0,2.0,9.75,765.484,-0.286531026,0.000650685,14.20357686,4,0,0,38.55828767
CdTe-1,35.35581138,0.383141701,216,96,0.660958306,0.173874497,0.340087381,1.0,8.0,-0.226594,-0.204228,-0.012945464,0.022318043,0.047140452,2.235740005,0.0,70,112.411,5,1.895,2.0,0.0,2.0,10,0.0,10,0.0,0.0,2.0,2,1.0,0,0,0,1.0,0,19.495,19.495,0.232,0.0,152,194,152,3,7.07e-05,2310.0,2610.0,50.0,66.46803743,42.0,23.0,1.63e-05,1.45e-05,210065.7165,222.1232797,-0.509162544,16.70807701,0.000133778,-0.000893918,-0.000893918,0.071061999,-2.0,2.0,4.25,960.044,-1.758938023,0.000650685,14.20357686,4,0,0,38.55828767
CdTe-2,35.33441283,0.383373732,186,12,0.772882641,0.348687595,0.33967204,1.0,4.0,-0.226594,-0.204228,-0.012945464,0.022318043,0.047140452,2.235740005,0.0,70,112.411,5,1.895,2.0,0.0,2.0,10,0.0,10,0.0,0.0,2.0,2,1.0,0,0,0,1.0,0,19.495,19.495,0.232,0.0,152,194,152,3,7.07e-05,2310.0,2610.0,50.0,66.46803743,42.0,23.0,1.63e-05,1.45e-05,210065.7165,222.1232797,-0.509162544,16.70807701,0.000133778,-0.000893918,-0.000893918,0.071061999,-2.0,2.0,4.25,960.044,-1.758938023,0.000650685,14.20357686,4,0,0,38.55828767
CeF3,13.11347287,0.535568369,165,12,0.274121162,0.023281996,0.554052124,1.729573959,41.509775,-0.337442,-0.337442,-0.012197991,0.018819567,0.151522882,6.099466344,0.0,93,18.9984032,6,3.265,2.0,0.0,1.875,1,0.375,0,0.25,0.375,1.125,1,0.375,1,9,1,7.875,1,9.7075,9.7075,0.73875,1.97,15,194,15,3,17247200000000.0,2100.0,3505.7375,2.770775,7.758587735,22.0,68.7942029,6.3e-06,9.98e-06,12514.62608,846.8504535,298.8756203,36.29955887,0.00214638,-0.000605728,-0.000605728,-0.220668153,-1.0,3.0,5.28085443,1182.667258,-0.813549139,0.163613014,10.65268265,7,0,1,42.73243151
CeO2,13.61988052,0.69338362,225,192,0.389072747,0.053131622,0.510131071,0.918295834,11.01955001,-0.338381,-0.337442,0.022385204,0.022385204,0.188561808,7.10050953,0.0,87,15.9994,6,2.666666667,2.0,0.0,1.777777778,1,0.444444444,0,0.333333333,0.444444444,0.888888889,2,0.888888889,2,9,2,8.888888889,2,9.105,9.105,0.0,0.0,12,194,12,3,17247200000000.0,317.5,2100.0,3.684386667,7.759379695,22.0,68.7942029,6.3e-06,9.98e-06,12514.62608,736.7362453,298.8756203,36.29955887,0.00214638,-0.000478495,-0.000478495,-0.261436059,-2.0,4.0,26.22222222,688.4592,-0.018261964,0.19391172,12.62540166,6,0,1,39.31438356
CeOF,15.17563581,0.613927627,216,96,0.666666667,0.138522035,0.510131071,1.584962501,19.01955001,-0.337442,-0.337442,-0.036443827,0.036443827,0.048029211,6.670992108,0.0,15,15.9994,6,2.846666667,2.0,0.0,2.0,1,0.444444444,0,0.333333333,0.444444444,1.111111111,2,0.666666667,0,9,1,9.111111111,1,9.105,9.105,0.875555556,0.0,12,194,12,3,14082300000000.0,317.5,3505.7375,3.68476,6.3351837,22.0,68.7942029,6.3e-06,9.98e-06,12514.62608,-386.5925311,298.8756203,36.29955887,0.00214638,-0.000605728,-0.000605728,-0.31418504,-2.0,3.0,26.22222222,700.4552128,-0.064079266,0.19391172,18.93810249,11,0,1,39.31438356
CeSe2,25.05224876,0.522416194,129,16,0.445595358,0.075717621,0.58701774,1.584962501,9.509775004,-0.337442,-0.337442,-0.030493641,0.030493641,0.049621529,5.019128129,0.0,89,78.96,6,2.073333333,2.0,0.0,1.777777778,10,4.0,10,0.333333333,0.444444444,5.333333333,2,0.888888889,2,9,2,8.888888889,2,25.92,25.92,0.355111111,0.799,14,194,14,3,17247200000000.0,2100.0,3350.0,4.013333333,7.410479067,8.3,13.7,6.3e-06,9.98e-06,12514.62608,646.9921645,298.8756203,36.29955887,0.00214638,-0.000401584,-0.000401584,-0.261436059,-2.0,4.0,14.22222222,596.072,-0.112870569,0.19391172,12.62540166,6,0,1,39.31438356
Co-1,10.64013573,0.968596168,194,24,0.0,0.0,0.737623581,0.0,0.0,-0.322368,-0.322368,0.023994,0.023994,1.0,4.39,0.0,58,58.933195,4,1.88,2.0,0.0,0.0,7,0.0,7,0.0,0.0,0.0,0,0.0,0,3,3,0.0,3,10.245,10.245,0.0,0.0,194,194,194,3,0.0,4720.0,4720.0,100.0,0.0,180.0,0.0,1.3e-05,0.0,147998.5402,-431.2298596,272.9728542,21.8785579,0.000195097,0.000195132,0.000195132,-0.010364273,0.0,0.0,0.0,117.86639,0.0,0.0,1e-06,7,0,7,76.42
Co,10.84154263,0.950602239,225,192,0.0,0.0,0.74048049,0.0,0.0,-0.322368,-0.322368,0.023994,0.023994,1.0,4.39,0.0,58,58.933195,4,1.88,2.0,0.0,0.0,7,0.0,7,0.0,0.0,0.0,0,0.0,0,3,3,0.0,3,10.245,10.245,0.0,0.0,194,194,194,3,0.0,4720.0,4720.0,100.0,0.0,180.0,0.0,1.3e-05,0.0,147998.5402,-431.2298596,272.9728542,21.8785579,0.000195097,0.000195132,0.000195132,-0.010364273,0.0,0.0,0.0,117.86639,0.0,0.0,1e-06,7,0,7,76.42
Co2NiS4,14.32366265,0.475468422,227,192,0.686252496,0.214180631,0.379228652,1.378783493,77.21187564,-0.261676,-0.261676,0.006889758,0.009933127,0.033407655,4.262659498,0.021213203,88,32.065,4,2.284285714,2.0,0.0,1.959183673,8,3.591836735,0,0.0,0.0,1.632653061,2,0.979591837,2,3,2,0.408163265,2,10.245,25.786875,1.078530612,2.202,70,225,70,3,1309310000000000.0,3505.7375,4970.0,41.68857143,63.47363466,7.7,172.3,1.3e-05,3.28e-06,252632.9948,688.7617189,272.9728542,22.34306672,0.000195097,-0.000414428,-0.000414428,0.075509557,-2.0,3.0,5.510204082,2438.55832,-0.823677437,0.268750349,13.91370795,19,0,15,62.83375734
Co2P,10.60225864,0.779732585,62,8,0.456625851,0.043978082,0.507316484,1.584962501,19.01955001,-0.20608,-0.20608,0.005640047,0.016901607,0.094280904,4.476338853,0.0,58,30.973762,4,1.983333333,2.0,0.0,1.333333333,7,3.111111111,7,0.0,0.0,1.777777778,3,1.333333333,0,3,3,0.0,3,10.245,10.245,0.722222222,0.0,2,194,194,3,2.66e-08,3505.7375,4720.0,66.74533333,70.54380092,11.0,169.0,1.3e-05,3.28e-06,147998.5402,-431.2298596,272.9728542,21.8785579,0.000683586,0.000195132,0.000195132,0.007522504,-3.0,1.5,5.111111111,595.360608,-0.61975174,0.1,31.55555556,10,0,7,53.33366667
Co9S8,13.49163542,0.550512225,225,192,0.426730274,0.049746264,0.374991968,1.64571137,111.9083732,-0.261676,-0.261676,-0.014572985,0.014572985,0.076256614,4.104410884,0.0,58,32.065,4,2.209411765,2.0,0.0,1.993079585,7,3.487889273,7,0.0,0.0,1.494809689,2,0.996539792,0,3,2,0.498269896,3,10.245,10.245,1.097190311,0.0,70,194,194,3,1414210000000000.0,3505.7375,4720.0,53.03764706,70.56572123,7.7,172.3,1.3e-05,3.28e-06,147998.5402,-431.2298596,272.9728542,21.8785579,0.000195097,-0.000414428,0.000195132,0.153933464,-2.0,1.777777778,5.480968858,3147.67502,-0.626607104,0.260943262,14.15442954,11,0,7,65.39250604
CoFe2O4,10.76027097,0.490072498,227,192,0.686301636,0.214113942,0.380613422,1.378783493,77.21187564,-0.295049,-0.295049,0.004376457,0.004376457,0.084165464,4.908215794,0.035355339,87,15.9994,4,2.757142857,2.0,0.0,1.959183673,7,3.102040816,0,0.0,0.0,1.142857143,2,0.979591837,2,4,2,0.816326531,2,9.105,9.105,0.0,0.0,12,229,12,3,15967800000000.0,317.5,4910.0,37.15804571,57.30392721,90.7942029,89.2057971,1.18e-05,4.48e-06,147998.5402,736.7362453,272.9728542,21.8785579,0.000228936,-0.000478495,-0.000478495,0.116499406,-2.0,3.0,14.93877551,1876.96636,-0.070851551,0.235689125,14.07697326,17,0,13,64.48661448
CoNi,11.00180988,0.93675448,221,48,0.551981525,0.132668526,0.680174762,1.0,2.0,-0.322368,-0.322368,0.023978508,0.023978508,1.0,4.4001959,0.0,58,58.6934,4,1.895,2.0,0.0,0.0,8,0.5,7,0.0,0.0,0.5,0,0.0,0,3,2,0.5,2,10.245,10.245,0.0,0.0,194,225,194,3,4.88e-09,4720.0,4970.0,95.5,6.363961031,180.0,0.0,1.3e-05,4e-07,252632.9948,-431.2298596,272.9728542,22.34306672,0.000195097,0.00011264,0.00011264,-0.007314877,0.0,0.0,0.25,117.626595,-363.0637794,0.025,1e-06,15,0,15,75.735
CoNi2S4,14.77056628,0.461082476,227,192,0.686307992,0.215563413,0.366292739,1.378783493,77.21187564,-0.261676,-0.261676,0.006770737,0.008656935,0.033407655,4.235033092,0.021213203,88,32.065,4,2.288571429,2.0,0.0,1.959183673,8,3.755102041,0,0.0,0.0,1.795918367,2,0.979591837,2,3,2,0.244897959,2,10.245,25.786875,1.078530612,2.202,70,225,70,3,1309310000000000.0,3505.7375,4970.0,40.40285714,61.51307187,7.7,172.3,1.3e-05,3.28e-06,252632.9948,688.7617189,272.9728542,22.34306672,0.000195097,-0.000414428,-0.000414428,0.046659125,-2.0,4.0,5.591836735,2436.63996,-0.8016788,0.276913615,13.91370795,19,0,15,62.63804305
CoO-1,11.57512972,0.484261242,186,12,0.76347192,0.329840311,0.322609128,1.0,4.0,-0.322368,-0.322368,-0.019761135,0.028471255,0.037216146,4.766831146,0.0,58,15.9994,4,2.66,2.0,0.0,2.0,7,3.5,0,0.0,0.0,1.5,2,1.0,0,3,2,0.5,2,9.105,9.105,0.0,0.0,12,194,12,3,17247200000000.0,317.5,4720.0,50.01329,70.69188322,90.7942029,89.2057971,1.3e-05,3.28e-06,147998.5402,-431.2298596,272.9728542,21.8785579,0.000195097,-0.000478495,-0.000478495,0.163318987,-2.0,2.0,15.25,149.86519,-0.055322197,0.261849315,14.20357686,11,0,7,64.70328767
CoO-2,9.124992164,0.61428948,225,192,1.0,1.0,0.523598776,1.0,8.0,-0.322368,-0.322368,-0.019761135,0.028471255,0.037216146,4.766831146,0.0,58,15.9994,4,2.66,2.0,0.0,2.0,7,3.5,0,0.0,0.0,1.5,2,1.0,0,3,2,0.5,2,9.105,9.105,0.0,0.0,12,194,12,3,17247200000000.0,317.5,4720.0,50.01329,70.69188322,90.7942029,89.2057971,1.3e-05,3.28e-06,147998.5402,-431.2298596,272.9728542,21.8785579,0.000195097,-0.000478495,-0.000478495,0.163318987,-2.0,2.0,15.25,149.86519,-0.055322197,0.261849315,14.20357686,11,0,7,64.70328767
CoP,11.23040173,0.645336884,62,8,0.510527872,0.077815046,0.481656272,1.0,8.0,-0.20608,-0.20608,-0.008720189,0.008720189,0.0,4.410380255,0.0,58,30.973762,4,2.035,2.0,0.0,1.5,7,3.5,0,0.0,0.0,2.0,3,1.5,0,3,3,0.0,3,10.245,10.245,0.8125,0.0,2,194,2,3,2.66e-08,3505.7375,4720.0,50.118,70.54380092,11.0,169.0,1.3e-05,3.28e-06,147998.5402,-431.2298596,272.9728542,21.8785579,0.000683586,0.000195132,0.000195132,0.05913442,-1.0,1.0,5.75,359.627828,-0.561347152,0.1125,35.5,10,0,7,41.7905
CoP2,12.90272404,0.482677794,14,4,0.33288926,0.073371123,0.429101513,1.584962501,19.01955001,-0.20608,-0.20608,0.026925832,0.026925832,0.138648388,4.256288873,0.0,83,30.973762,4,2.086666667,2.0,0.0,1.333333333,7,3.111111111,0,0.0,0.0,1.777777778,3,1.333333333,3,3,3,0.0,3,10.245,22.5702381,0.722222222,1.625,2,194,2,3,2.66e-08,3505.7375,4720.0,33.49066667,70.54380092,11.0,169.0,1.3e-05,3.28e-06,147998.5402,279.6544937,272.9728542,21.8785579,0.000683586,0.000195132,0.000683449,0.059552435,-1.0,2.0,5.111111111,483.522876,-0.541407445,0.1,31.55555556,10,0,7,30.24733333
CoPt3,14.53395822,0.709097587,221,48,0.333333333,0.014245014,0.74048049,0.811278124,3.245112498,-0.273634,-0.273634,-0.010191409,0.021246163,0.11785113,5.525026425,0.0,63,58.933195,6,2.18,1.25,0.375,0.0,9,0.75,9,10.5,5.25,5.625,0,0.0,0,3,2,0.375,2,10.245,15.02,0.0,0.0,194,225,225,3,3.01e-08,2680.0,4720.0,79.0,19.79898987,180.0,50.0,8.8e-06,4.2e-06,267657.8464,-51.29777439,272.9728542,21.8785579,0.000195097,0.000105461,0.000105461,-0.011353481,0.0,0.0,2.625,644.185195,-2.335750734,0.103125,5.25,17,1,16,64.87
Cr,13.08447894,0.878448456,229,96,0.0,0.0,0.680174762,0.0,0.0,-0.118123,-0.118123,0.023994,0.023994,1.0,4.1,0.0,49,51.9961,4,1.66,1.0,0.0,0.0,5,0.0,5,0.0,0.0,0.0,0,0.0,0,5,6,0.0,6,11.19,11.19,0.0,0.0,229,229,229,3,0.0,5940.0,5940.0,94.0,0.0,160.0,0.0,4.9e-06,0.0,205534.1999,-253.3491945,50.53564017,14.18289415,0.000137009,0.000137033,0.000137033,0.0,0.0,0.0,0.0,103.9922,0.0,0.0,1e-06,6,1,5,116.7
Cs2AgBiBr6,37.90590406,0.579811209,225,192,0.643162539,0.232724585,0.445030018,1.570950594,62.83802378,-0.295334,-0.180198,0.000400791,0.011984621,0.043041282,2.86183071,0.750539806,95,79.904,6,2.329,1.7,0.42,2.04,10,3.2,10,1.4,2.52,6.04,3,0.54,1,0,1,0.36,1,16.33,29.48,0.69936,1.457,12,229,64,3,50174866630.0,1790.0,3505.7375,51.072,166.8535361,1.6,98.4,1.34e-05,5.5e-06,200974.7217,799.3423707,42.78526199,20.90051016,0.001643421,-0.000469544,-0.000469544,0.230651217,-1.0,3.0,18.91974684,4248.334015,-0.142193937,0.37,15.07543379,10,2,0,36.07134521
Cs2AgBiCl6,32.89658229,0.628307409,225,192,0.643160647,0.23280205,0.444841192,1.570950594,62.83802378,-0.298706,-0.180198,0.000400791,0.011984621,0.043041282,3.217192766,0.750539806,94,35.453,6,2.449,1.7,0.42,2.04,10,3.2,0,1.4,2.52,4.64,3,0.54,1,0,1,0.36,1,16.33,24.4975,1.19664,2.493,12,229,64,3,6.432674933,206.0,3505.7375,51.00534,166.8886442,1.1,98.9,1.34e-05,5.5e-06,200974.7217,778.0546601,42.78526199,20.90051016,0.001643421,-0.000568144,-0.000568144,0.230651217,-1.0,3.0,18.91974684,3181.510015,-0.142193937,0.37,15.07543379,10,2,0,36.07134521
Cs2AgInCl6,30.4580828,0.673492523,225,192,0.64198074,0.254069648,0.426142483,1.570950594,62.83802378,-0.298706,-0.290497,0.0020269,0.008783738,0.076149961,3.286899064,0.676897333,94,35.453,6,2.425,1.7,0.42,2.28,10,3.2,0,0.0,0.0,2.32,5,0.78,1,0,1,0.72,1,16.33,24.4975,1.19664,2.493,64,229,64,3,6.432675127,206.0,3505.7375,58.40534,166.1450151,1.1,98.9,1.63e-05,1.58e-05,205785.0644,778.0546601,45.19519666,17.10095134,0.001643421,-0.000568144,-0.000568144,0.351522557,-1.0,3.0,18.56974684,2804.860415,-0.139390069,0.370812329,13.39543379,8,2,0,35.15914521
Cs2AgSbBr6,36.82949274,0.584844999,225,192,0.643138214,0.233429819,0.443293648,1.570950594,62.83802378,-0.295334,-0.185623,0.0020269,0.008783738,0.076149961,2.869614684,0.760841639,95,79.904,6,2.332,1.7,0.42,2.04,10,3.2,10,0.0,0.0,5.2,3,0.54,1,0,1,0.36,1,16.33,29.48,0.69936,1.457,64,229,64,3,50174866630.0,2600.0,3505.7375,52.672,166.2593998,1.6,98.4,1.1e-05,7.9e-06,200974.7217,799.3423707,42.78526199,17.95677256,0.001643421,-0.000469544,-0.000469544,0.171588136,-1.0,3.0,18.56974684,3899.452415,-0.139390069,0.3885,15.15543379,10,2,0,36.78734521
Cs2AgSbCl6,31.94637457,0.633262561,225,192,0.642993291,0.239053562,0.438621524,1.570950594,62.83802378,-0.298706,-0.185623,0.0020269,0.008783738,0.076149961,3.221930255,0.760841639,94,35.453,6,2.452,1.7,0.42,2.04,10,3.2,0,0.0,0.0,2.4,3,0.54,1,0,1,0.36,1,16.33,24.4975,1.19664,2.493,64,229,64,3,6.432675073,206.0,3505.7375,52.60534,166.2957391,1.1,98.9,1.1e-05,7.9e-06,200974.7217,778.0546601,42.78526199,17.95677256,0.001643421,-0.000568144,-0.000568144,0.171588136,-1.0,3.0,18.56974684,2832.628415,-0.139390069,0.3885,15.15543379,10,2,0,36.78734521
Cs2CoCl4,33.51103424,0.743062324,62,8,0.644010432,0.228909863,0.324683792,2.521640636,70.60593782,-0.32038,-0.32038,-0.022918956,0.032468985,0.024296477,3.451397992,0.770746391,94,35.453,6,2.3,1.714285714,0.408163265,2.448979592,7,1.714285714,0,0.0,0.0,2.612244898,1,0.489795918,1,3,1,0.489795918,1,10.245,24.4975,1.221061224,2.493,64,229,64,3,6.546536604,206.0,4720.0,24.57651429,45.72735761,1.1,178.9,1.3e-05,3.28e-06,147998.5402,778.0546601,272.9728542,21.8785579,0.001643421,-0.000568144,-0.000568144,0.684914714,-1.0,2.0,26.01343322,1866.224395,-0.091919763,0.557355326,4.444320194,13,1,7,41.38004305
Cs2CuBr4,37.98616583,0.68834403,62,8,0.572014568,0.197611722,0.33120853,2.521640636,70.60593782,-0.202272,-0.202272,-0.022557821,0.031664847,0.024296477,2.908125527,0.784888527,95,63.546,6,2.188571429,1.571428571,0.489795918,2.448979592,10,4.081632653,10,0.0,0.0,6.204081633,1,0.489795918,1,0,1,0.0,1,11.07,29.48,0.713632653,1.457,64,229,64,3,51062986315.0,3505.7375,3570.0,67.49714286,180.7629716,1.6,138.4,1.63e-05,2.24e-07,245774.7901,799.3423707,361.6966514,25.65267379,0.001643421,-0.000469544,-0.000469544,0.600981808,-1.0,2.0,25.89098424,2595.891615,-0.092584543,0.477763489,9.342279378,7,2,0,36.91004305
Cs2CuCl4,33.05011841,0.753425046,62,8,0.571317512,0.201568782,0.323365819,2.521640636,70.60593782,-0.202272,-0.202272,-0.022557821,0.031664847,0.024296477,3.250555268,0.784888527,94,35.453,6,2.302857143,1.571428571,0.489795918,2.448979592,10,2.448979592,0,0.0,0.0,2.775510204,1,0.489795918,1,0,1,0.0,1,11.07,24.4975,1.221061224,2.493,64,229,64,3,6.546536614,206.0,3570.0,67.43365714,180.8043926,1.1,138.9,1.63e-05,2.24e-07,245774.7901,778.0546601,361.6966514,25.65267379,0.001643421,-0.000568144,-0.000568144,0.600981808,-1.0,2.0,25.89098424,1884.675615,-0.092584543,0.477763489,9.342279378,7,2,0,36.91004305
Cs2InCl5-H2O,24.53623048,0.684785168,62,8,0.722201553,0.305038542,0.328106354,2.913977073,128.2149912,-0.32038,-0.290497,0.025158173,0.027926636,0.032584565,0.0,0.800991573,94,1.00794,6,2.454545455,1.636363636,0.462809917,2.297520661,10,1.652892562,0,0.0,0.0,3.107438017,5,0.876033058,1,0,1,0.743801653,1,6.615,24.4975,1.924363636,2.493,12,229,64,2,12885100000000.0,206.0,3505.7375,14.03928,30.23694444,1.1,89.6942029,1.63e-05,1.58e-05,205785.0644,778.0546601,45.19519666,12.52890978,0.001868154,-0.000568144,-0.000568144,1.099143711,-2.0,3.0,23.87027932,2303.636735,-0.115564559,0.491038152,19.21075009,12,2,0,29.35831382
Cs2KInCl6,34.71324306,0.669997509,225,192,0.637046296,0.279515094,0.403101711,1.570950594,62.83802378,-0.32038,-0.290497,0.024290183,0.033714789,0.042640143,3.384686464,0.53699162,94,35.453,6,2.314,1.7,0.42,2.28,10,1.8,0,0.0,0.0,2.88,5,0.78,1,0,1,0.72,1,24.26,24.4975,1.19664,2.493,64,229,64,2,6.432675118,206.0,3505.7375,25.40534,47.09068191,1.1,89.6942029,1.63e-05,1.58e-05,205785.0644,778.0546601,45.19519666,12.52890978,0.001643421,-0.000568144,-0.000568144,0.666640367,-1.0,3.0,21.46949367,2529.780815,-0.143850091,0.431124658,14.11543379,8,2,0,32.42164521
Cs2NaBiBr6,39.53062359,0.574376014,225,192,0.643008997,0.23860119,0.438988683,1.570950594,62.83802378,-0.295334,-0.180198,-0.017826329,0.023691511,0.031491833,2.914875468,0.652157956,95,22.98976928,6,2.229,1.7,0.42,2.04,10,4.2,10,1.4,2.52,7.44,3,0.54,1,0,1,0.36,1,29.24333333,29.48,0.69936,1.457,12,229,64,2,50174866630.0,1790.0,3505.7375,22.072,54.74762561,1.6,29.4,1.34e-05,5.76e-05,103172.6523,799.3423707,-80.96944956,20.90051016,0.001643421,-0.000469544,-0.000469544,0.398689762,-1.0,3.0,19.17949367,3908.820292,-0.156995524,0.412812329,16.35543379,10,2,0,33.54974521
Cs2NaBiCl6,32.14849333,0.66554722,225,192,0.643132732,0.233611488,0.443009055,1.570950594,62.83802378,-0.32038,-0.180198,-0.017826329,0.023691511,0.031491833,3.300419227,0.652157956,94,22.98976928,6,2.349,1.7,0.42,2.04,10,1.8,0,1.4,2.52,4.32,3,0.54,1,0,1,0.36,1,24.4975,24.4975,1.19664,2.493,12,229,64,2,6.432674928,206.0,3505.7375,22.00534,54.79373641,1.1,29.9,1.34e-05,5.76e-05,103172.6523,778.0546601,-80.96944956,20.90051016,0.001643421,-0.000568144,-0.000568144,0.398689762,-1.0,3.0,19.17949367,2841.996292,-0.156995524,0.412812329,16.35543379,10,2,0,33.54974521
Cs2NaCeBr6,40.07481064,0.589944108,225,192,0.643117343,0.234489723,0.442305229,1.570950594,62.83802378,-0.295334,-0.295334,-0.017408384,0.032791386,0.042640143,3.57628145,0.171201636,95,22.98976928,6,2.139,1.7,0.42,2.4,10,4.68,10,0.1,0.18,7.32,1,0.48,1,9,1,3.78,1,29.24333333,29.48,0.69936,1.457,64,229,64,3,50174866630.0,2100.0,3505.7375,22.372,54.62729923,1.6,20.4,6.3e-06,6.47e-05,48811.60795,799.3423707,298.8756203,36.29955887,0.00214638,-0.000469544,-0.000469544,0.81348711,-1.0,3.0,19.81949367,3633.362692,-0.163444953,0.430224658,7.67543379,9,2,1,33.46174521
Cs2NaCeCl6,34.30332123,0.651038907,225,192,0.643093744,0.235613602,0.44140222,1.570950594,62.83802378,-0.32038,-0.32038,-0.017408384,0.032791386,0.042640143,4.005780247,0.171201636,94,22.98976928,6,2.259,1.7,0.42,2.4,1,0.18,0,0.1,0.18,2.52,1,0.48,1,9,1,3.78,1,24.4975,24.4975,1.19664,2.493,64,229,64,3,6.432675016,206.0,3505.7375,22.30534,54.67414214,1.1,20.9,6.3e-06,6.47e-05,48811.60795,778.0546601,298.8756203,36.29955887,0.00214638,-0.000568144,-0.000568144,0.81348711,-1.0,3.0,19.81949367,2566.538692,-0.163444953,0.430224658,7.67543379,9,2,1,33.46174521
Cs2NaCeI6,49.75779956,0.536919781,225,192,0.643142555,0.233332191,0.443536395,1.570950594,62.83802378,-0.267904,-0.267904,-0.017408384,0.032791386,0.042640143,3.041274786,0.171201636,96,22.98976928,6,1.959,1.7,0.42,2.4,10,4.68,10,0.1,0.18,7.32,1,0.48,1,9,1,3.78,1,29.24333333,43.015,0.50976,1.062,64,229,64,3,8362477.772,2100.0,3505.7375,22.5694,54.48889707,1.6,20.4,6.3e-06,6.47e-05,48811.60795,763.0549179,298.8756203,36.29955887,0.00214638,-0.000457883,-0.000457883,0.81348711,-1.0,3.0,19.81949367,4761.373972,-0.163444953,0.430224658,7.67543379,9,2,1,33.46174521
Cs2NaErCl6,32.13525142,0.682289407,225,192,0.642089423,0.252986581,0.427063692,1.570950594,62.83802378,-0.278577,-0.278577,-0.017354214,0.029467614,0.042640143,3.941145354,0.232443542,94,22.98976928,6,2.271,1.7,0.42,2.4,0,0.0,0,1.2,2.16,2.94,1,0.48,1,0,1,0.18,1,24.4975,24.4975,1.19664,2.493,64,229,64,3,6.432674997,206.0,3505.7375,22.70534,54.5541108,1.1,42.9,1.22e-05,5.88e-05,179309.5148,778.0546601,-49.98716147,18.96256608,0.001643421,-0.000568144,-0.000568144,0.758478595,-1.0,3.0,19.56949367,2675.110692,-0.161880146,0.429024658,6.99543379,19,2,0,35.22774521
Cs2NaEuCl6,33.56622736,0.665335325,225,192,0.643024522,0.238130555,0.43937018,1.570950594,62.83802378,-0.232773,-0.232773,-0.024914893,0.034938862,0.042640143,3.604365267,0.211730961,94,22.98976928,6,2.2655,1.7,0.42,2.4,0,0.0,0,0.7,1.26,2.64,1,0.48,1,0,1,1.08,1,24.4975,24.4975,1.19664,2.493,64,229,64,3,6.432674991,206.0,3505.7375,22.60534,54.579879,1.1,7.2,1.63e-05,5.47e-05,140883.8962,778.0546601,592.4025881,44.88734787,0.001643421,-0.000568144,-0.000568144,0.759915934,-1.0,3.0,20.51949367,2613.930692,-0.164211454,0.429624658,12.11543379,14,2,0,32.85334521
Cs2NaInCl6,31.10091678,0.682953019,225,192,0.641135232,0.260945545,0.420202244,1.570950594,62.83802378,-0.32038,-0.290497,-0.016257492,0.022573151,0.031491833,3.377904903,0.521718315,94,22.98976928,6,2.325,1.7,0.42,2.28,10,1.8,0,0.0,0.0,2.88,5,0.78,1,0,1,0.72,1,24.26,24.4975,1.19664,2.493,64,229,64,2,6.432675122,206.0,3505.7375,29.40534,59.11598808,1.1,89.6942029,1.63e-05,5.47e-05,205785.0644,778.0546601,45.19519666,13.37962164,0.001643421,-0.000568144,-0.000568144,0.570277048,-1.0,3.0,18.96949367,2465.346692,-0.153402868,0.408624658,13.91543379,8,2,0,32.63754521
Cs2NaLaBr6,40.48081352,0.595236287,225,192,0.643169827,0.23228252,0.446098999,1.570950594,62.83802378,-0.295334,-0.141085,-0.024541556,0.03274876,0.042640143,3.641114561,0.161338154,95,22.98976928,6,2.137,1.7,0.42,2.4,10,4.68,10,0.0,0.0,7.44,1,0.48,1,9,1,1.44,1,29.24333333,29.48,0.69936,1.457,64,229,64,3,50174866630.0,2475.0,3505.7375,22.572,54.56115607,1.6,26.4,1.21e-05,5.89e-05,135075.0225,799.3423707,-127.17393,13.37962164,0.001643421,-0.000469544,-0.000469544,0.822356093,-1.0,3.0,20.06949367,3628.520572,-0.164081959,0.430524658,7.87543379,8,2,1,33.75574521
Cs2NaLaCl6,34.73970418,0.655922323,225,192,0.643151041,0.233115837,0.444071581,1.570950594,62.83802378,-0.32038,-0.141085,-0.024541556,0.03274876,0.042640143,4.06890301,0.161338154,94,22.98976928,6,2.257,1.7,0.42,2.4,1,0.18,0,0.0,0.0,2.64,1,0.48,1,9,1,1.44,1,24.4975,24.4975,1.19664,2.493,64,229,64,3,6.432675037,206.0,3505.7375,22.50534,54.60847665,1.1,26.9,1.21e-05,5.89e-05,135075.0225,778.0546601,-127.17393,13.37962164,0.001643421,-0.000568144,-0.000568144,0.822356093,-1.0,3.0,20.06949367,2561.696572,-0.164081959,0.430524658,7.87543379,8,2,1,33.75574521
Cs2NaSmCl6,31.99699829,0.697965371,225,192,0.643096066,0.235511739,0.441484173,1.570950594,62.83802378,-0.21776,-0.21776,-0.024514016,0.033372253,0.042640143,3.810671766,0.196367003,94,22.98976928,6,2.264,1.7,0.42,2.4,0,0.0,0,0.6,1.08,2.58,1,0.48,1,0,1,1.26,1,24.4975,24.4975,1.19664,2.493,64,229,64,3,6.432674984,206.0,3505.7375,22.50534,54.60847665,1.1,36.9,1.27e-05,5.83e-05,234852.8266,778.0546601,11.20956562,18.80296336,0.001643421,-0.000568144,-0.000568144,0.770182593,-1.0,3.0,19.96949367,2607.514692,-0.163875664,0.429624658,7.31543379,13,2,0,33.52974521
Cs2NaTbCl6,32.69393108,0.670630326,225,192,0.642484144,0.248393088,0.430931497,1.570950594,62.83802378,-0.256311,-0.256311,-0.017344914,0.029132797,0.042640143,4.013550905,0.161338154,94,22.98976928,6,2.268,1.7,0.42,2.4,0,0.0,0,0.9,1.62,2.76,1,0.48,1,0,1,0.72,1,24.4975,24.4975,1.19664,2.493,64,229,64,3,6.43267495,206.0,3505.7375,22.30534,54.67414214,1.1,37.6,1.03e-05,6.07e-05,179302.184,778.0546601,19.59879916,21.66881116,0.001643421,-0.000568144,-0.000568144,0.744742772,-1.0,3.0,19.59949367,2641.776092,-0.162151047,0.429324658,7.11543379,16,2,0,34.55074521
Cs2NaYCl6,32.49736619,0.680778689,225,192,0.642404266,0.249427257,0.430066033,1.570950594,62.83802378,-0.32038,-0.150727,-0.017351662,0.030779397,0.042640143,4.040738326,0.222058551,94,22.98976928,6,2.269,1.7,0.42,2.4,1,0.18,0,0.0,0.0,2.64,1,0.48,1,9,1,1.44,1,24.4975,24.4975,1.19664,2.493,64,229,64,3,6.43267504,206.0,3505.7375,22.90534,54.51107839,1.1,39.9,1.06e-05,6.04e-05,173035.698,778.0546601,-53.79630255,24.71840725,0.001643421,-0.000568144,-0.000568144,0.832907228,-1.0,3.0,19.68949367,2361.698092,-0.162869538,0.429624658,7.31543379,8,2,1,34.84474521
Cs2PdBr6,34.56847785,0.633082069,225,192,0.458057627,0.162605433,0.36904098,1.224394445,44.07820003,-0.160771,-0.160771,-0.010904533,0.011927927,0.07856742,2.791178107,0.997020561,95,79.904,6,2.393333333,1.555555556,0.592592593,2.222222222,10,3.456790123,10,0.0,0.0,5.777777778,1,0.444444444,1,0,0,0.197530864,1,14.41,29.48,0.647555556,1.457,64,229,64,3,52323990673.0,3070.0,3505.7375,16.08,35.01460381,1.6,178.4,1.18e-05,4.48e-06,330022.5646,799.3423707,80.3307176,23.32029032,0.001643421,-0.000469544,-0.000469544,0.240462905,-1.0,4.0,20.20972027,3406.619615,-0.101597463,0.501427363,13.51429055,6,1,0,41.14705023
Cs2SnBr6,36.83408366,0.597991323,225,192,0.45307939,0.153486636,0.386404305,1.224394445,44.07820003,-0.295334,-0.295334,-0.020683629,0.020683629,0.059559556,2.950548856,0.827314934,95,79.904,6,2.366666667,1.777777778,0.345679012,1.925925926,10,3.456790123,10,0.0,0.0,5.382716049,4,0.641975309,1,0,1,0.592592593,1,29.48,29.48,0.647555556,1.457,64,229,64,2,52323990673.0,2500.0,3505.7375,15.52444444,33.24458572,1.6,56.4,1.63e-05,5.72e-06,126773.734,799.3423707,-65.59084956,18.72348504,0.001643421,-0.000469544,-0.000469544,0.300214221,-1.0,4.0,19.09829661,3455.779615,-0.1074308,0.373032302,13.31675968,8,1,0,37.51705023
Cs2SnCl6,32.09279816,0.64101313,225,192,0.454746395,0.160337191,0.373166081,1.224394445,44.07820003,-0.32038,-0.32038,-0.020683629,0.020683629,0.059559556,3.380444175,0.827314934,94,35.453,6,2.5,1.777777778,0.345679012,1.925925926,10,1.975308642,0,0.0,0.0,2.419753086,4,0.641975309,1,0,1,0.592592593,1,24.4975,24.4975,1.108,2.493,64,229,64,2,6.708203816,206.0,3505.7375,15.45037778,33.3140947,1.1,56.9,1.63e-05,5.72e-06,126773.734,778.0546601,-65.59084956,18.72348504,0.001643421,-0.000568144,-0.000568144,0.300214221,-1.0,4.0,19.09829661,2388.955615,-0.1074308,0.373032302,13.31675968,8,1,0,37.51705023
Cs2SnI6,45.40227007,0.560370037,225,192,0.465882465,0.146776644,0.400651912,1.224394445,44.07820003,-0.267904,-0.267904,-0.020683629,0.020683629,0.059559556,2.430757483,0.827314934,96,118.71,6,2.166666667,1.777777778,0.345679012,1.925925926,10,3.456790123,10,0.0,0.0,5.382716049,4,0.641975309,1,0,1,0.592592593,1,33.285,43.015,0.472,1.062,64,229,64,2,8720665.112,2500.0,3505.7375,15.74377778,33.03887741,1.6,56.4,1.63e-05,5.72e-06,126773.734,763.0549179,-65.59084956,18.72348504,0.001643421,-0.000457883,-0.000457883,0.300214221,-1.0,4.0,19.09829661,4583.790895,-0.1074308,0.373032302,13.31675968,8,1,0,37.51705023
Cs2TiBr6,35.07740126,0.623896945,225,192,0.454301187,0.1600309,0.373732494,1.224394445,44.07820003,-0.295334,-0.17001,-0.010904533,0.011927927,0.07856742,0.0,0.530330086,95,47.867,6,2.32,1.777777778,0.345679012,2.222222222,10,4.148148148,10,0.0,0.0,6.666666667,1,0.444444444,1,8,1,1.382716049,1,16.69,29.48,0.647555556,1.457,64,229,64,3,52323990673.0,3505.7375,4140.0,10.52444444,21.62920433,1.6,108.4,8.6e-06,7.68e-06,191617.1814,799.3423707,114.1023304,26.86722492,0.001643421,-0.000469544,-0.000469544,0.718307048,-1.0,4.0,20.20972027,3172.407615,-0.101597463,0.375887029,2.353796719,8,1,2,39.83927245
Cs2TiCl6,30.78303798,0.663681281,225,192,0.46651437,0.168319956,0.359161611,1.224394445,44.07820003,-0.32038,-0.17001,-0.010904533,0.011927927,0.07856742,3.892424778,0.530330086,94,35.453,6,2.453333333,1.777777778,0.345679012,2.222222222,2,0.395061728,0,0.0,0.0,2.222222222,1,0.444444444,1,8,1,1.382716049,1,16.69,24.4975,1.108,2.493,64,229,64,3,6.708203747,206.0,4140.0,10.45037778,21.70136069,1.1,108.9,8.6e-06,7.68e-06,191617.1814,778.0546601,114.1023304,26.86722492,0.001643421,-0.000568144,-0.000568144,0.718307048,-1.0,4.0,20.20972027,2105.583615,-0.101597463,0.375887029,2.353796719,8,1,2,39.83927245
Cs2ZrCl6,32.50661985,0.642520838,225,192,0.452494098,0.158784469,0.376061126,1.224394445,44.07820003,-0.32038,-0.162391,-0.020439146,0.020439146,0.039767717,4.198639168,0.381837662,94,35.453,6,2.43,1.777777778,0.345679012,2.222222222,2,0.395061728,0,0.0,0.0,2.222222222,1,0.444444444,1,8,1,1.382716049,1,23.195,24.4975,1.108,2.493,64,229,64,3,6.708203747,206.0,3800.0,10.56148889,21.82536107,1.1,89.6942029,5.7e-06,1.06e-05,193860.3778,778.0546601,-30.30939565,21.93166046,0.001643421,-0.000568144,-0.000568144,0.64843206,-1.0,4.0,19.24644476,2279.011615,-0.108598002,0.393170979,2.650093015,8,1,2,39.26149467
Cs3Bi2Br9,39.50939027,0.564995406,164,12,0.555909437,0.161388803,0.410828598,2.074164743,29.0383064,-0.295334,-0.180198,-0.018072458,0.019615581,0.015905778,2.871969378,0.869741341,95,79.904,6,2.360714286,1.785714286,0.336734694,1.744897959,10,3.367346939,10,2.0,3.428571429,6.12244898,3,0.551020408,1,0,1,0.489795918,1,29.48,29.48,0.669030612,1.457,12,229,64,2,51808470804.0,1790.0,3505.7375,8.934285714,19.94620412,1.6,29.4,1.34e-05,2.88e-06,103172.6523,799.3423707,-80.96944956,20.90051016,0.001643421,-0.000469544,-0.000469544,0.15780113,-1.0,3.0,19.04798502,1535.813156,-0.118516936,0.36593584,16.35022365,9,1,0,36.03715558
Cs3Bi2Cl9,34.74101698,0.602170486,150,6,0.558789122,0.159268786,0.393898266,2.074164743,29.0383064,-0.32038,-0.180198,-0.018072458,0.019615581,0.015905778,3.256559131,0.869741341,94,35.453,6,2.489285714,1.785714286,0.336734694,1.744897959,10,2.448979592,0,2.0,3.428571429,5.755102041,3,0.551020408,1,0,1,0.489795918,1,24.4975,24.4975,1.144744898,2.493,12,229,64,2,6.642111217,206.0,3505.7375,8.862864286,20.00689557,1.1,29.9,1.34e-05,2.88e-06,103172.6523,778.0546601,-80.96944956,20.90051016,0.001643421,-0.000568144,-0.000568144,0.15780113,-1.0,3.0,19.04798502,1135.754156,-0.118516936,0.36593584,16.35022365,9,1,0,36.03715558
Cs3Bi2I9,48.79575109,0.524968808,194,24,0.538079394,0.148491403,0.412732747,2.074164743,58.0766128,-0.267904,-0.180198,-0.018072458,0.019615581,0.015905778,2.409111491,0.869741341,96,126.90447,6,2.167857143,1.785714286,0.336734694,1.744897959,10,3.367346939,10,2.0,3.428571429,6.12244898,3,0.551020408,1,0,1,0.489795918,1,32.95,43.015,0.487653061,1.062,12,229,64,2,8634745.134,1790.0,3505.7375,9.145785714,19.76700163,1.6,29.4,1.34e-05,2.88e-06,103172.6523,763.0549179,-80.96944956,20.90051016,0.001643421,-0.000457883,-0.000457883,0.15780113,-1.0,3.0,19.04798502,3917.634771,-0.118516936,0.36593584,16.35022365,9,1,0,36.03715558
Cs3BiBr6,49.75568726,0.555208033,225,192,0.595075657,0.280287691,0.402613977,1.570950594,62.83802378,-0.295334,-0.180198,0.007122398,0.023140495,0.053452248,2.885486086,0.869741341,95,79.904,6,2.215,1.7,0.42,2.04,10,4.2,10,1.4,2.52,7.44,3,0.54,1,0,1,0.36,1,29.48,29.48,0.69936,1.457,12,229,64,2,52000000000.0,1790.0,3505.7375,11.672,21.89930897,1.6,29.4,1.34e-05,2.88e-06,103172.6523,799.3423707,-80.96944956,20.90051016,0.001643421,-0.000469544,-0.000469544,0.356689773,-1.0,3.0,23.37949367,4348.483023,-0.105182424,0.450312329,16.87543379,9,1,0,33.27104521
Cs3CoBr5,39.58157962,0.738350343,140,32,0.728960225,0.294866393,0.388033528,2.05881389,74.11730005,-0.295334,-0.295334,0.002325617,0.027705034,0.022447834,3.077871357,0.770746391,95,58.933195,6,2.116666667,1.666666667,0.444444444,2.469135802,10,4.222222222,10,0.0,0.0,6.913580247,1,0.49382716,1,3,1,0.395061728,1,10.245,29.48,0.719506173,1.457,64,229,64,3,51431676925.0,3505.7375,4720.0,23.17777778,42.08652785,1.6,178.4,1.3e-05,3.28e-06,147998.5402,799.3423707,272.9728542,21.8785579,0.001643421,-0.000469544,-0.000469544,0.713682838,-1.0,2.0,27.32895765,3428.678203,-0.090703259,0.570691696,5.435631471,13,1,7,38.14376408
Cs3CoCl5,34.6975405,0.807346611,140,32,0.73408076,0.305138128,0.382109351,2.05881389,74.11730005,-0.32038,-0.32038,0.002325617,0.027705034,0.022447834,3.429601593,0.770746391,94,35.453,6,2.227777778,1.666666667,0.444444444,2.469135802,7,1.382716049,0,0.0,0.0,2.814814815,1,0.49382716,1,3,1,0.395061728,1,10.245,24.4975,1.231111111,2.493,64,229,64,3,6.593804622,206.0,4720.0,23.11605556,42.14609415,1.1,178.9,1.3e-05,3.28e-06,147998.5402,778.0546601,272.9728542,21.8785579,0.001643421,-0.000568144,-0.000568144,0.713682838,-1.0,2.0,27.32895765,2539.658203,-0.090703259,0.570691696,5.435631471,13,1,7,38.14376408
Cs3Cu2Br5,36.32657989,0.752428805,62,8,0.575054152,0.222628111,0.343669836,2.921928095,116.8771238,-0.202272,-0.172056,-0.020472726,0.030089862,0.056040127,3.022405682,0.784888527,95,63.546,6,2.097,1.5,0.5,2.5,10,4.2,10,0.0,0.0,6.0,1,0.5,1,0,1,0.0,1,11.07,29.48,0.7285,1.457,64,229,64,3,49530049530.0,3505.7375,3570.0,90.86,197.2932466,1.6,138.4,1.63e-05,2.24e-07,245774.7901,799.3423707,361.6966514,25.65267379,0.001643421,-0.000469544,-0.000469544,0.600839001,-1.0,1.0,27.58822785,3701.313423,-0.092561092,0.505130137,7.483576865,7,2,0,35.71338767
Cs3Cu2Cl5,32.08752389,0.817833346,62,8,0.588201455,0.229628063,0.335023153,2.921928095,116.8771238,-0.202272,-0.172056,-0.020472726,0.030089862,0.056040127,3.31083712,0.784888527,94,35.453,6,2.197,1.5,0.5,2.5,10,3.2,0,0.0,0.0,3.0,1,0.5,1,0,1,0.0,1,11.07,24.4975,1.2465,2.493,64,229,64,3,6.350006268,206.0,3570.0,90.80445,197.3344627,1.1,138.9,1.63e-05,2.24e-07,245774.7901,778.0546601,361.6966514,25.65267379,0.001643421,-0.000568144,-0.000568144,0.600839001,-1.0,1.0,27.58822785,2812.293423,-0.092561092,0.505130137,7.483576865,7,2,0,35.71338767
Cs3Cu2I5,43.59836862,0.68568786,62,8,0.570009007,0.223238483,0.344915713,2.921928095,116.8771238,-0.202272,-0.172056,-0.020472726,0.030089862,0.056040127,2.693903302,0.784888527,96,63.546,6,1.947,1.5,0.5,2.5,10,4.2,10,0.0,0.0,6.0,1,0.5,1,0,1,0.0,1,11.07,43.015,0.531,1.062,64,229,64,3,8255008.255,3505.7375,3570.0,91.0245,197.1712912,1.6,138.4,1.63e-05,2.24e-07,245774.7901,763.0549179,361.6966514,25.65267379,0.001643421,-0.000457883,-0.000457883,0.600839001,-1.0,1.0,27.58822785,4641.322823,-0.092561092,0.505130137,7.483576865,7,2,0,35.71338767
Cs3EuCl6,39.62676654,0.687719801,14,4,0.570643575,0.197417826,0.359410013,3.421928095,136.8771238,-0.232773,-0.232773,0.00432342,0.008554123,0.024281045,3.550759083,0.28991378,94,35.453,6,2.2515,1.7,0.42,2.4,0,0.0,0,0.7,1.26,2.64,1,0.48,1,0,1,1.08,1,24.4975,24.4975,1.19664,2.493,64,229,64,3,6.666666414,206.0,3505.7375,12.20534,21.91860883,1.1,7.2,1.63e-05,1.87e-05,140883.8962,778.0546601,592.4025881,44.88734787,0.001643421,-0.000568144,-0.000568144,0.633014268,-1.0,3.0,24.39949367,3053.593423,-0.112200975,0.467124658,11.71543379,13,1,0,32.57464521
Cs3FeBr5,42.24752985,0.694882709,140,32,0.699200217,0.270532739,0.359799839,2.05881389,74.11730005,-0.295049,-0.295049,0.002325617,0.027705034,0.022447834,3.083449889,0.735391052,95,55.845,6,2.111111111,1.666666667,0.444444444,2.469135802,10,4.197530864,10,0.0,0.0,7.037037037,1,0.49382716,1,4,1,0.592592593,1,10.73,29.48,0.719506173,1.457,64,229,64,3,51431676925.0,3505.7375,4910.0,20.95555556,35.20828954,1.6,168.4,1.18e-05,4.48e-06,123933.6394,799.3423707,94.0907216,13.20923707,0.001643421,-0.000469544,-0.000469544,0.804833501,-1.0,2.0,27.32895765,3416.325423,-0.090703259,0.553901573,1.435631471,12,1,6,38.71043075
Cs3Sb2Br9,38.62815006,0.561659728,164,12,0.560737817,0.166450767,0.403962198,2.074164743,29.0383064,-0.295334,-0.185623,-0.01578877,0.01578877,0.051780534,2.892276867,0.890954544,95,79.904,6,2.365,1.785714286,0.336734694,1.744897959,10,3.367346939,10,0.0,0.0,5.265306122,3,0.551020408,1,0,1,0.489795918,1,29.48,29.48,0.669030612,1.457,64,229,64,2,51808470804.0,3420.0,3505.7375,11.22,21.21035818,1.6,40.4,1.1e-05,5.28e-06,28542.53084,799.3423707,-182.1216356,17.95677256,0.001643421,-0.000469544,-0.000469544,0.092729637,-1.0,3.0,18.61941359,1361.372356,-0.114935799,0.396548085,16.10532569,9,1,0,37.06001272
Cs3Sb2Cl9,33.66959976,0.602717808,164,12,0.563069475,0.169179036,0.392674725,2.074164743,29.0383064,-0.32038,-0.185623,-0.01578877,0.01578877,0.051780534,3.279410756,0.890954544,94,35.453,6,2.493571429,1.785714286,0.336734694,1.744897959,10,2.448979592,0,0.0,0.0,2.510204082,3,0.551020408,1,0,1,0.489795918,1,24.4975,24.4975,1.144744898,2.493,64,229,64,2,6.642111449,206.0,3505.7375,11.14857857,21.28218724,1.1,40.9,1.1e-05,5.28e-06,28542.53084,778.0546601,-182.1216356,17.95677256,0.001643421,-0.000568144,-0.000568144,0.092729637,-1.0,3.0,18.61941359,961.3133557,-0.114935799,0.396548085,16.10532569,9,1,0,37.06001272
Cs3Sb2I9,47.25380804,0.528835677,164,12,0.558951867,0.164059875,0.411299785,2.074164743,29.0383064,-0.267904,-0.185623,-0.01578877,0.01578877,0.051780534,2.428096705,0.890954544,96,121.76,6,2.172142857,1.785714286,0.336734694,1.744897959,10,3.367346939,10,0.0,0.0,5.265306122,3,0.551020408,1,0,1,0.489795918,1,31.56,43.015,0.487653061,1.062,64,229,64,2,8634745.134,3420.0,3505.7375,11.4315,20.99773098,1.6,40.4,1.1e-05,5.28e-06,28542.53084,763.0549179,-182.1216356,17.95677256,0.001643421,-0.000457883,-0.000457883,0.092729637,-1.0,3.0,18.61941359,1784.376586,-0.114935799,0.396548085,16.10532569,9,1,0,37.06001272
Cs3TbCl6,40.71158464,0.659391107,225,192,0.588384075,0.288756634,0.395437466,1.570950594,62.83802378,-0.256311,-0.256311,0.018863936,0.018863936,0.024281045,3.965486344,0.219203102,94,35.453,6,2.254,1.7,0.42,2.4,0,0.0,0,0.9,1.62,2.76,1,0.48,1,0,1,0.72,1,24.4975,24.4975,1.19664,2.493,64,229,64,3,6.666666373,206.0,3505.7375,11.90534,21.90733545,1.1,37.6,1.03e-05,5.98e-06,179302.184,778.0546601,19.59879916,21.66881116,0.001643421,-0.000568144,-0.000568144,0.614355337,-1.0,3.0,23.79949367,3081.438823,-0.109127995,0.466824658,5.95543379,15,1,0,34.27204521
Cs4CuSb2Cl12,32.9262851,0.608376981,12,8,0.693707562,0.218066217,0.359203974,2.879506461,109.4212455,-0.202272,-0.202272,-0.004103454,0.008392288,0.045652031,3.257351355,0.794494448,94,35.453,6,2.477894737,1.736842105,0.387811634,1.927977839,10,2.659279778,0,0.0,0.0,2.43767313,3,0.498614958,1,0,1,0.376731302,1,11.07,24.4975,1.160177285,2.493,64,229,64,3,6.546536551,206.0,3570.0,31.16351579,119.7317059,1.1,138.9,1.1e-05,5.5e-06,245774.7901,778.0546601,361.6966514,25.65267379,0.001643421,-0.000568144,-0.000568144,0.26109814,-1.0,3.5,19.75588204,2528.247615,-0.122367772,0.398147459,14.03989426,10,2,0,38.08299495
Cs4PbBr6,43.85571754,0.740323267,167,36,0.690096511,0.302039257,0.432783453,1.617189573,106.7345118,-0.295334,-0.141831,-0.014916924,0.015936241,0.017007534,3.016766146,1.088944443,95,79.904,6,2.113636364,1.636363636,0.462809917,2.280991736,10,4.628099174,10,1.272727273,2.314049587,8.132231405,4,0.661157025,1,0,1,0.495867769,1,28.11,29.48,0.722479339,1.457,64,229,64,2,51808470804.0,1260.0,3505.7375,16.33818182,23.70178449,1.6,44.4,1.63e-05,1.26e-05,143338.1374,799.3423707,-162.4705406,22.55550469,0.001643421,-0.000469544,-0.000469544,0.46234802,-1.0,2.0,25.82592321,7309.474846,-0.108306871,0.490469829,17.39197706,8,1,0,29.62758655
Cs4PbCl6,38.58673192,0.810571772,167,36,0.69128499,0.301097629,0.431645047,1.617189573,106.7345118,-0.32038,-0.141831,-0.014916924,0.015936241,0.017007534,3.33686431,1.088944443,94,35.453,6,2.222727273,1.636363636,0.462809917,2.280991736,10,1.652892562,0,1.272727273,2.314049587,4.165289256,4,0.661157025,1,0,1,0.495867769,1,24.4975,24.4975,1.236198347,2.493,64,229,64,2,6.642111505,206.0,3505.7375,16.27758182,23.77556988,1.1,44.9,1.63e-05,1.26e-05,143338.1374,778.0546601,-162.4705406,22.55550469,0.001643421,-0.000568144,-0.000568144,0.46234802,-1.0,2.0,25.82592321,5709.238846,-0.108306871,0.490469829,17.39197706,8,1,0,29.62758655
Cs4PbI6,52.89772738,0.666607041,167,36,0.688077956,0.300509521,0.43512471,1.617189573,106.7345118,-0.267904,-0.141831,-0.014916924,0.015936241,0.017007534,2.61122451,1.088944443,96,126.90447,6,1.95,1.636363636,0.462809917,2.280991736,10,4.628099174,10,1.272727273,2.314049587,8.132231405,4,0.661157025,1,0,1,0.495867769,1,28.11,43.015,0.52661157,1.062,64,229,64,2,8634745.134,1260.0,3505.7375,16.51763636,23.48328443,1.6,44.4,1.63e-05,1.26e-05,143338.1374,763.0549179,-162.4705406,22.55550469,0.001643421,-0.000457883,-0.000457883,0.46234802,-1.0,2.0,25.82592321,9001.491766,-0.108306871,0.490469829,17.39197706,8,1,0,29.62758655
Cs5Cu3Cl6I2,33.86069721,0.825347907,63,16,0.703696028,0.262892989,0.347415308,2.875,184.0,-0.202272,-0.172056,0.020919672,0.032659525,0.05273823,0.0,0.784888527,94,35.453,6,2.120625,1.5,0.5,2.5,10,4.296875,0,0.0,0.0,3.921875,1,0.5,1,0,1,0.0,1,11.07,24.4975,1.06903125,2.493,64,229,64,3,5099017.833,206.0,3570.0,86.3094625,179.6923453,1.1,138.9,1.63e-05,2.24e-07,245774.7901,778.0546601,361.6966514,25.65267379,0.001643421,-0.000568144,-0.000568144,0.734014415,-1.0,1.0,27.90872231,5286.768798,-0.117850869,0.512272046,10.30424753,12,2,0,35.15735017
CsCl,43.11619332,0.902340407,225,192,1.0,1.0,0.523598776,1.0,8.0,-0.32038,-0.078699,0.024102098,0.024102098,0.0,3.357803775,0.0,5,35.453,6,1.975,1.5,0.5,2.5,0,0.0,0,0.0,0.0,3.0,1,0.5,0,0,1,0.0,1,24.4975,24.4975,1.2465,0.0,64,229,64,2,7.071067667,206.0,3505.7375,18.00445,25.44955087,1.1,0.5,1.63e-05,0.0,16219.15232,631.2342167,-363.1359658,10.4397984,0.001643421,-0.000568144,-0.000568144,0.630603143,-1.0,1.0,27.54113924,673.4338076,-0.082901473,0.525650685,14.20357686,6,1,0,26.81678767
CsCu2Cl3,26.25938732,0.677856236,63,16,0.581113247,0.186091666,0.348450471,1.918295834,46.03910002,-0.202272,-0.172056,-0.026154289,0.029464042,0.024944383,3.252337232,0.784888527,94,35.453,6,2.345,1.5,0.5,2.5,10,4.444444444,0,0.0,0.0,2.444444444,1,0.5,1,0,1,0.0,1,11.07,24.4975,1.2465,2.493,64,229,64,3,6.39602144,206.0,3570.0,139.3377833,236.3390629,1.1,138.9,1.63e-05,2.24e-07,245774.7901,778.0546601,361.6966514,25.65267379,0.001643421,-0.000568144,-0.000568144,0.660564448,-1.0,1.0,21.48628692,1465.425808,-0.101519016,0.380338661,7.981354642,7,2,0,41.64445434
CsCu2I3,36.80984516,0.582798281,63,16,0.559559822,0.204892164,0.36390072,1.918295834,46.03910002,-0.202272,-0.172056,-0.026154289,0.029464042,0.024944383,2.660560222,0.784888527,96,63.546,6,2.095,1.5,0.5,2.5,10,2.777777778,10,0.0,0.0,4.666666667,1,0.5,1,0,1,0.0,1,11.07,43.015,0.531,1.062,64,229,64,3,8314827.938,3505.7375,3570.0,139.5578333,236.1268564,1.6,138.4,1.63e-05,2.24e-07,245774.7901,763.0549179,361.6966514,25.65267379,0.001643421,-0.000457883,-0.000457883,0.660564448,-1.0,1.0,21.48628692,2562.843448,-0.101519016,0.380338661,7.981354642,7,2,0,41.64445434
CsEuBr3,40.43499934,0.589864752,62,8,0.642793784,0.176531066,0.409462223,1.921928095,38.4385619,-0.232773,-0.232773,0.02872968,0.028794671,0.044536177,3.556677775,0.28991378,95,79.904,6,2.171,1.8,0.32,2.4,10,4.8,10,1.4,2.24,5.76,1,0.48,1,0,1,1.92,1,29.48,29.48,0.69936,1.457,64,229,64,3,51062986315.0,3505.7375,3505.7375,10.072,18.75421172,1.6,6.7,1.63e-05,1.87e-05,140883.8962,799.3423707,592.4025881,44.88734787,0.001643421,-0.000469544,-0.000469544,0.496087052,-1.0,2.0,20.99949367,2098.325808,-0.144694514,0.404624658,11.07543379,13,1,0,33.09854521
CsEuCl3,35.75046005,0.630539556,221,48,0.663024806,0.234888791,0.44691951,1.370950594,6.854752972,-0.232773,-0.232773,0.02872968,0.028794671,0.044536177,3.975097456,0.28991378,94,35.453,6,2.291,1.8,0.32,2.4,0,0.0,0,1.4,2.24,2.08,1,0.48,1,0,1,1.92,1,24.4975,24.4975,1.19664,2.493,64,229,64,3,6.546536345,206.0,3505.7375,10.00534,18.81741305,1.1,7.2,1.63e-05,1.87e-05,140883.8962,778.0546601,592.4025881,44.88734787,0.001643421,-0.000568144,-0.000568144,0.496087052,-1.0,2.0,20.99949367,391.2284519,-0.144694514,0.404624658,11.07543379,13,1,0,33.09854521
CsGeI3,45.00181558,0.51680372,160,18,0.653395008,0.230920207,0.371802319,1.370950594,20.56425892,-0.267904,-0.149882,0.003173691,0.021403372,0.020412415,2.666408594,0.862670273,96,72.64,6,2.156,1.8,0.32,1.92,10,3.2,10,0.0,0.0,4.88,4,1.04,1,0,1,0.96,1,23.005,43.015,0.41784,1.062,64,229,64,2,8510497.719,3505.7375,5400.0,19.4694,32.73986823,1.6,89.1942029,6e-06,1.03e-05,112438.0625,763.0549179,-114.8107851,20.35038171,0.001643421,-0.000457883,-0.000457883,0.260006604,-1.0,2.0,24.0,1758.776586,-0.087453123,0.416,16.75543379,8,1,0,39.76934521
CsI,59.55115965,0.714647855,225,192,1.0,1.0,0.523598776,1.0,8.0,-0.267904,-0.078699,0.024102098,0.024102098,0.0,2.686146057,0.0,5,126.90447,6,1.725,1.5,0.5,2.5,10,5.0,0,0.0,0.0,8.0,1,0.5,0,0,1,0.0,1,43.015,43.015,0.531,0.0,64,229,64,2,9192388.155,3505.7375,3505.7375,18.2245,25.13835318,1.6,6.1,1.63e-05,0.0,16219.15232,631.2342167,-363.1359658,10.4397984,0.001643421,-0.000457883,-0.000457883,0.630603143,-1.0,1.0,27.54113924,1039.239688,-0.082901473,0.525650685,14.20357686,6,1,0,26.81678767
CsMnBr3,33.14916384,0.628842986,194,24,0.608908999,0.213587892,0.423774132,1.370950594,13.70950594,-0.26654,-0.26654,-0.012197232,0.012197232,0.032536151,3.044558126,0.537401154,95,54.938045,6,2.244,1.8,0.32,2.4,10,3.6,10,0.0,0.0,6.24,1,0.48,1,5,1,1.28,1,10.48758621,29.48,0.69936,1.457,64,229,64,3,51062986315.0,3505.7375,5150.0,8.832,18.58246178,1.6,118.4,1.63e-05,5.42e-06,154367.6018,799.3423707,435.9231652,17.63882657,0.001643421,-0.000469544,-0.000469544,0.675888293,-1.0,2.0,21.12,855.1109938,-0.105122847,0.4,2.27543379,11,1,5,47.22534521
CsMnCl3,28.15436793,0.693907161,166,36,0.632174328,0.225969053,0.422931143,2.289246429,103.0160893,-0.26654,-0.26654,-0.012197232,0.012197232,0.032536151,3.44029332,0.537401154,94,35.453,6,2.364,1.8,0.32,2.4,5,1.6,0,0.0,0.0,1.92,1,0.48,1,5,1,1.28,1,10.48758621,24.4975,1.19664,2.493,64,229,64,3,6.546536169,206.0,5150.0,8.76534,18.63832755,1.1,118.9,1.63e-05,5.42e-06,154367.6018,778.0546601,435.9231652,17.63882657,0.001643421,-0.000568144,-0.000568144,0.675888293,-1.0,2.0,21.12,2647.822472,-0.105122847,0.4,2.27543379,11,1,5,47.22534521
CsNiBr3,31.03252693,0.66407773,194,24,0.606936035,0.223034969,0.409900167,1.370950594,13.70950594,-0.295334,-0.295334,0.009125317,0.009125317,0.032536151,3.076895053,0.791959595,95,58.6934,6,2.316,1.8,0.32,2.4,10,3.04,10,0.0,0.0,5.52,1,0.48,1,2,1,0.32,1,10.32,29.48,0.69936,1.457,64,229,64,3,51062986315.0,3505.7375,4970.0,25.472,47.55796944,1.6,178.4,1.34e-05,2.88e-06,252632.9948,799.3423707,160.0946691,22.34306672,0.001643421,-0.000469544,-0.000469544,0.574632832,-1.0,2.0,22.08,862.6217038,-0.099146439,0.52,5.95543379,14,1,8,46.93134521
CsNiCl3,26.73323364,0.721906996,194,24,0.607732274,0.227514421,0.403555209,1.370950594,13.70950594,-0.32038,-0.32038,0.009125317,0.009125317,0.032536151,3.464046545,0.791959595,94,35.453,6,2.436,1.8,0.32,2.4,8,2.56,0,0.0,0.0,2.16,1,0.48,1,2,1,0.32,1,10.32,24.4975,1.19664,2.493,64,229,64,3,6.546536617,206.0,4970.0,25.40534,47.62143776,1.1,178.9,1.34e-05,2.88e-06,252632.9948,778.0546601,160.0946691,22.34306672,0.001643421,-0.000568144,-0.000568144,0.574632832,-1.0,2.0,22.08,595.9157038,-0.099146439,0.52,5.95543379,14,1,8,46.93134521
CsPb2Br5,35.49895601,0.543443295,140,32,0.584196144,0.100041458,0.433710153,1.75,56.0,-0.295334,-0.141831,0.011256039,0.014406465,0.020335094,2.871450879,1.088944443,95,79.904,6,2.53125,1.875,0.21875,1.71875,10,2.1875,10,3.5,5.25,5.125,4,1.1875,1,0,1,1.125,1,28.11,29.48,0.68296875,1.457,64,229,64,2,51808470804.0,1260.0,3505.7375,13.325,23.39244222,1.6,44.4,1.63e-05,1.26e-05,143338.1374,799.3423707,-162.4705406,22.55550469,0.001643421,-0.000469544,-0.000469544,-0.04135607,-1.0,2.0,14.56981804,3787.301808,-0.176389539,0.238859161,16.44085331,8,1,0,34.54648459
CsPbBr3-1,38.46035879,0.609266703,62,8,0.646414304,0.138451262,0.424949524,2.321928095,46.4385619,-0.295334,-0.141831,-0.025326956,0.025326956,0.034015067,2.933169591,1.088944443,95,79.904,6,2.4,1.8,0.32,1.92,10,3.2,10,2.8,4.48,6.0,4,1.04,1,0,1,0.96,1,28.11,29.48,0.69936,1.457,64,229,64,2,51062986315.0,1260.0,3505.7375,14.272,23.16550144,1.6,44.4,1.63e-05,1.26e-05,143338.1374,799.3423707,-162.4705406,22.55550469,0.001643421,-0.000469544,-0.000469544,0.128425244,-1.0,2.0,19.23949367,2319.269808,-0.139790808,0.344,17.63543379,8,1,0,33.00054521
CsPbBr3-2,42.09989826,0.55659555,221,48,0.663024806,0.234888791,0.44691951,1.370950594,6.854752972,-0.295334,-0.141831,-0.025326956,0.025326956,0.034015067,2.933169591,1.088944443,95,79.904,6,2.4,1.8,0.32,1.92,10,3.2,10,2.8,4.48,6.0,4,1.04,1,0,1,0.96,1,28.11,29.48,0.69936,1.457,64,229,64,2,51062986315.0,1260.0,3505.7375,14.272,23.16550144,1.6,44.4,1.63e-05,1.26e-05,143338.1374,799.3423707,-162.4705406,22.55550469,0.001643421,-0.000469544,-0.000469544,0.128425244,-1.0,2.0,19.23949367,2319.269808,-0.139790808,0.344,17.63543379,8,1,0,33.00054521
CsPbCl3-2,35.1853606,0.628770431,99,8,0.662900699,0.233368531,0.4190152,1.921928095,9.609640474,-0.32038,-0.141831,-0.025326956,0.025326956,0.034015067,3.293597995,1.088944443,94,35.453,6,2.52,1.8,0.32,1.92,10,3.2,0,2.8,4.48,7.2,4,1.04,1,0,1,0.96,1,24.4975,24.4975,1.19664,2.493,64,229,64,2,6.546536572,206.0,3505.7375,14.20534,23.2382214,1.1,44.9,1.63e-05,1.26e-05,143338.1374,778.0546601,-162.4705406,22.55550469,0.001643421,-0.000568144,-0.000568144,0.128425244,-1.0,2.0,19.23949367,446.4644519,-0.139790808,0.344,17.63543379,8,1,0,33.00054521
CsPbCl3,36.64708163,0.603691027,221,48,0.663024806,0.234888791,0.44691951,1.370950594,6.854752972,-0.32038,-0.141831,-0.025326956,0.025326956,0.034015067,3.293597995,1.088944443,94,35.453,6,2.52,1.8,0.32,1.92,10,3.2,0,2.8,4.48,7.2,4,1.04,1,0,1,0.96,1,24.4975,24.4975,1.19664,2.493,64,229,64,2,6.546536572,206.0,3505.7375,14.20534,23.2382214,1.1,44.9,1.63e-05,1.26e-05,143338.1374,778.0546601,-162.4705406,22.55550469,0.001643421,-0.000568144,-0.000568144,0.128425244,-1.0,2.0,19.23949367,446.4644519,-0.139790808,0.344,17.63543379,8,1,0,33.00054521
CsPbI3-2,49.41977111,0.536357491,221,48,0.663024806,0.234888791,0.44691951,1.370950594,6.854752972,-0.267904,-0.141831,-0.025326956,0.025326956,0.034015067,2.496026745,1.088944443,96,126.90447,6,2.22,1.8,0.32,1.92,10,3.2,10,2.8,4.48,6.0,4,1.04,1,0,1,0.96,1,28.11,43.015,0.50976,1.062,64,229,64,2,8510497.719,1260.0,3505.7375,14.4694,22.95015656,1.6,44.4,1.63e-05,1.26e-05,143338.1374,763.0549179,-162.4705406,22.55550469,0.001643421,-0.000457883,-0.000457883,0.128425244,-1.0,2.0,19.23949367,720.8188619,-0.139790808,0.344,17.63543379,8,1,0,33.00054521
CsPbI3,46.54233291,0.569517314,62,8,0.649096875,0.135916586,0.428194077,2.321928095,46.4385619,-0.267904,-0.141831,-0.025326956,0.025326956,0.034015067,2.496026745,1.088944443,96,126.90447,6,2.22,1.8,0.32,1.92,10,3.2,10,2.8,4.48,6.0,4,1.04,1,0,1,0.96,1,28.11,43.015,0.50976,1.062,64,229,64,2,8510497.719,1260.0,3505.7375,14.4694,22.95015656,1.6,44.4,1.63e-05,1.26e-05,143338.1374,763.0549179,-162.4705406,22.55550469,0.001643421,-0.000457883,-0.000457883,0.128425244,-1.0,2.0,19.23949367,720.8188619,-0.139790808,0.344,17.63543379,8,1,0,33.00054521
CsSnBr3,39.15104657,0.538959314,62,8,0.65142884,0.1892676,0.41034792,1.921928095,38.4385619,-0.295334,-0.14445,-0.006980527,0.009101062,0.032536151,3.092884271,0.827314934,95,79.904,6,2.326,1.8,0.32,1.92,10,3.2,10,0.0,0.0,4.88,4,1.04,1,0,1,0.96,1,29.48,29.48,0.69936,1.457,64,229,64,2,51062986315.0,2500.0,3505.7375,20.672,36.09701848,1.6,56.4,1.63e-05,5.72e-06,126773.734,799.3423707,-65.59084956,18.72348504,0.001643421,-0.000469544,-0.000469544,0.140724165,-1.0,2.0,17.71949367,1965.309808,-0.126832705,0.352,14.75543379,8,1,0,35.60934521
CsSnCl3,34.46476983,0.574259444,221,48,0.663024806,0.234888791,0.44691951,1.370950594,6.854752972,-0.32038,-0.14445,-0.006980527,0.009101062,0.032536151,3.437787687,0.827314934,94,35.453,6,2.446,1.8,0.32,1.92,10,3.2,0,0.0,0.0,2.72,4,1.04,1,0,1,0.96,1,24.4975,24.4975,1.19664,2.493,64,229,64,2,6.546536604,206.0,3505.7375,20.60534,36.16480163,1.1,56.9,1.63e-05,5.72e-06,126773.734,778.0546601,-65.59084956,18.72348504,0.001643421,-0.000568144,-0.000568144,0.140724165,-1.0,2.0,17.71949367,357.9744519,-0.126832705,0.352,14.75543379,8,1,0,35.60934521
CsSnI3,45.52787562,0.530990504,62,8,0.631025349,0.127804627,0.418734285,2.321928095,46.4385619,-0.267904,-0.14445,-0.006980527,0.009101062,0.032536151,2.63633632,0.827314934,96,118.71,6,2.146,1.8,0.32,1.92,10,3.2,10,0.0,0.0,4.88,4,1.04,1,0,1,0.96,1,33.285,43.015,0.50976,1.062,64,229,64,2,8510497.719,2500.0,3505.7375,20.8694,35.89640611,1.6,56.4,1.63e-05,5.72e-06,126773.734,763.0549179,-65.59084956,18.72348504,0.001643421,-0.000457883,-0.000457883,0.140724165,-1.0,2.0,17.71949367,2529.315448,-0.126832705,0.352,14.75543379,8,1,0,35.60934521
CsYbI3,47.38348603,0.551051035,221,48,0.663024806,0.234888791,0.44691951,1.370950594,6.854752972,-0.267904,-0.136989,0.028874295,0.032595239,0.0,0.0,0.219203102,96,126.90447,6,2.006,1.8,0.32,2.4,10,4.8,10,2.8,4.48,5.04,1,0.48,1,0,0,0.32,1,34.12,43.015,0.50976,1.062,64,229,64,3,8510497.719,1590.0,3505.7375,15.2694,24.28867991,1.6,29.4,1.63e-05,1e-05,215620.3522,763.0549179,211.6784623,21.24714715,0.001643421,-0.000457883,-0.000457883,0.677894795,-1.0,2.0,20.51949367,686.6588619,-0.144555852,0.403024658,10.59543379,6,1,0,33.31434521
Cu,11.44599855,0.900401538,225,192,0.0,0.0,0.74048049,0.0,0.0,-0.172056,-0.172056,0.023994,0.023994,1.0,3.49,0.0,64,63.546,4,1.9,1.0,0.0,0.0,10,0.0,10,0.0,0.0,0.0,0,0.0,0,0,1,0.0,1,11.07,11.07,0.0,0.0,225,225,225,3,0.0,3570.0,3570.0,400.0,0.0,140.0,0.0,1.65e-05,0.0,245774.7901,-452.569845,361.6966514,25.65267379,0.000119055,0.000119058,0.000119058,0.0,0.0,0.0,0.0,254.184,0.0,0.0,1e-06,1,1,0,45.13
Cu1.43Te,0.0,0.0,59,8,0.0,0.0,0.566104283,1.584962501,9.509775004,-0.202272,-0.202272,-0.006256409,0.018028425,0.172266343,0.0,0.0,64,63.546,5,1.982304527,1.411522634,0.484343511,1.937374045,10,0.0,10,0.0,0.0,2.421717557,2,0.968687023,0,0,1,0.484343511,1,11.07,11.07,0.224735389,0.0,152,225,225,3,7.07e-05,2610.0,3570.0,236.6255144,280.7213921,65.0,75.0,1.63e-05,2.24e-07,245774.7901,-452.569845,361.6966514,25.65267379,0.000119055,-0.000893918,0.000119058,0.186985018,0.0,0.0,3.390404579,436.94156,-2.059949607,0.096238392,13.75882058,5,1,0,48.36315858
Cu1.4Te,0.0,0.0,129,16,0.0,0.0,0.574038357,1.584962501,9.509775004,-0.202272,-0.202272,-0.006626583,0.018096791,0.164991582,0.0,0.0,64,63.546,5,1.983333333,1.416666667,0.486111111,1.944444444,10,0.0,10,0.0,0.0,2.430555556,2,0.972222222,0,0,1,0.486111111,1,11.07,11.07,0.225555556,0.0,152,225,225,3,7.07e-05,2610.0,3570.0,234.5833333,280.7213921,65.0,75.0,1.63e-05,2.24e-07,245774.7901,-452.569845,361.6966514,25.65267379,0.000119055,-0.000893918,0.000119058,0.186877631,0.0,0.0,3.402777778,433.1288,-2.060118652,0.096589612,13.80903306,5,1,0,48.40357306
Cu1.8S,0.0,0.0,225,192,0.0,0.0,0.134577037,0.0,0.0,-0.202272,-0.202272,0.009573138,0.017360411,0.084179379,0.0,0.0,64,32.065,4,2.142857143,1.357142857,0.459183673,1.836734694,10,4.591836735,10,0.0,0.0,2.295918367,2,0.918367347,0,0,1,0.459183673,1,11.07,11.07,1.011122449,0.0,70,225,225,3,1414210000000000.0,3505.7375,3570.0,257.2160714,282.6977556,7.7,132.3,1.63e-05,2.24e-07,245774.7901,-452.569845,361.6966514,25.65267379,0.000119055,-0.000414428,0.000119058,0.18599447,0.0,0.0,5.280612245,585.7912,-0.618968514,0.091239167,13.0441012,5,1,0,47.93591977
Cu12Sb4S13,18.83181649,0.419697662,217,48,0.525841046,0.048525433,0.332467183,2.029046512,117.6846977,-0.202272,-0.202272,-0.011819621,0.016058921,0.034530486,3.400359216,0.106066017,88,32.065,5,2.225517241,1.586206897,0.485136742,1.826397146,10,4.946492271,0,0.0,0.0,2.967895363,3,1.084423306,2,0,1,0.599286564,2,11.07,25.786875,1.089217598,2.202,70,225,70,3,1274750000000000.0,3420.0,3570.0,168.9194828,249.0211817,7.7,132.3,1.1e-05,5.5e-06,245774.7901,688.7617189,361.6966514,25.65267379,0.001005039,-0.000414428,-0.000414428,-0.062625282,-2.0,3.5,9.136741974,3332.874,-0.379390873,0.098048312,12.45347913,8,1,0,45.1870855
Cu2.72Te2,0.0,0.0,129,16,0.0,0.0,0.573265111,1.584962501,9.509775004,-0.202272,-0.202272,-0.007134467,0.018172272,0.155004198,0.0,0.0,64,63.546,5,1.984745763,1.423728814,0.488365412,1.953461649,10,0.0,10,0.0,0.0,2.441827061,2,0.976730824,0,0,1,0.488365412,1,11.07,11.07,0.226601551,0.0,152,225,225,3,7.07e-05,2610.0,3570.0,231.779661,280.7213921,65.0,75.0,1.63e-05,2.24e-07,245774.7901,-452.569845,361.6966514,25.65267379,0.000119055,-0.000893918,0.000119058,0.187553104,0.0,0.0,3.418557886,428.04512,-2.060561291,0.097037538,13.87307134,5,1,0,48.45905735
Cu2CdSnSe4,25.3538205,0.367119604,121,16,0.645918035,0.166545868,0.322500929,1.75,28.0,-0.202272,-0.202272,0.008647422,0.010206061,0.034020691,3.239961899,0.12973049,89,63.546,5,2.20625,1.75,0.375,1.75,10,0.0,10,0.0,0.0,2.0,4,1.125,2,0,0,0.8125,2,11.07,25.92,0.3995,0.799,14,225,14,3,15054600000000.0,2310.0,3570.0,120.76,203.4161865,8.3,131.7,1.63e-05,1.45e-05,245774.7901,646.9921645,361.6966514,25.65267379,0.000220362,-0.000401584,-0.000401584,-0.161029688,-2.0,4.0,7.65625,1348.106,-0.690314479,0.079362158,12.57857686,7,1,0,43.09703767
Cu2CoSnS4-1,0.0,0.0,186,12,0.0,0.0,0.337038703,1.0,4.0,-0.202272,-0.202272,5.79e-05,0.012799157,0.039086798,0.0,0.0,88,32.065,5,2.245,1.75,0.375,1.75,10,4.625,0,0.0,0.0,2.625,4,1.125,2,3,1,0.6875,2,10.245,25.786875,1.101,2.202,70,225,70,3,1234430000000000.0,2500.0,4720.0,120.9775,203.4955126,7.7,172.3,1.3e-05,9e-06,245774.7901,688.7617189,361.6966514,25.65267379,0.000220362,-0.000414428,-0.000414428,0.100336004,0.0,0.0,8.90625,216.4975975,-0.459273174,0.165755565,12.57857686,14,1,7,49.63328767
Cu2CoSnS4-2,19.62179384,0.385051412,121,16,0.655522769,0.172818719,0.32526764,1.75,28.0,-0.202272,-0.202272,5.79e-05,0.012799157,0.039086798,3.798242078,0.037947332,88,32.065,5,2.245,1.75,0.375,1.75,10,4.625,0,0.0,0.0,2.625,4,1.125,2,3,1,0.6875,2,10.245,25.786875,1.101,2.202,70,225,70,3,1234430000000000.0,2500.0,4720.0,120.9775,203.4955126,7.7,172.3,1.3e-05,9e-06,245774.7901,688.7617189,361.6966514,25.65267379,0.000220362,-0.000414428,-0.000414428,0.100336004,-2.0,4.0,8.90625,865.99039,-0.459273174,0.165755565,12.57857686,14,1,7,49.63328767
Cu2FeSnS4-1,20.02891713,0.384639124,121,16,0.655289269,0.173024631,0.328936762,1.75,28.0,-0.202272,-0.202272,5.79e-05,0.012799157,0.039086798,3.808377756,0.058223707,88,32.065,5,2.23875,1.75,0.375,1.75,10,4.5,0,0.0,0.0,2.625,4,1.125,2,4,1,0.875,2,10.73,25.786875,1.101,2.202,70,229,70,3,1234430000000000.0,2500.0,4910.0,118.4775,204.0512653,7.7,162.3,1.18e-05,1.02e-05,245774.7901,688.7617189,361.6966514,25.65267379,0.000228936,-0.000414428,-0.000414428,0.167505095,-2.0,3.0,8.90625,859.814,-0.459273174,0.147161815,11.01607686,13,1,6,50.27078767
Cu2FeSnS4-2,0.0,0.0,186,12,0.0,0.0,0.337517803,1.0,4.0,-0.202272,-0.202272,5.79e-05,0.012799157,0.039086798,0.0,0.0,88,32.065,5,2.23875,1.75,0.375,1.75,10,4.5,0,0.0,0.0,2.625,4,1.125,2,4,1,0.875,2,10.73,25.786875,1.101,2.202,70,229,70,3,1234430000000000.0,2500.0,4910.0,118.4775,204.0512653,7.7,162.3,1.18e-05,1.02e-05,245774.7901,688.7617189,361.6966514,25.65267379,0.000228936,-0.000414428,-0.000414428,0.167505095,0.0,0.0,8.90625,214.9535,-0.459273174,0.147161815,11.01607686,13,1,6,50.27078767
Cu2FeSnS4-3,0.0,0.0,216,96,0.0,0.0,0.340087381,1.0,8.0,-0.202272,-0.202272,5.79e-05,0.012799157,0.039086798,3.808377756,0.058223707,88,32.065,5,2.23875,1.75,0.375,1.75,10,4.5,0,0.0,0.0,2.625,4,1.125,2,4,1,0.875,2,10.73,25.786875,1.101,2.202,70,229,70,3,1234430000000000.0,2500.0,4910.0,118.4775,204.0512653,7.7,162.3,1.18e-05,1.02e-05,245774.7901,688.7617189,361.6966514,25.65267379,0.000228936,-0.000414428,-0.000414428,0.167505095,-2.0,3.0,8.90625,429.907,-0.459273174,0.147161815,11.01607686,13,1,6,50.27078767
Cu2GeS3,0.0,0.0,186,12,0.0,0.0,0.337336817,1.0,4.0,-0.202272,-0.202272,0.002843724,0.014026332,0.058901995,0.0,0.0,88,32.065,4,2.2583315,1.66665,0.444455555,1.6667,10,5.0,0,0.0,0.0,2.99995,4,1.11112222,2,0,1,0.666666665,2,11.07,25.786875,1.03717305,2.202,70,225,70,3,1279210000000000.0,3505.7375,5400.0,143.4415,233.6458873,7.7,132.3,6e-06,1.05e-05,245774.7901,688.7617189,361.6966514,25.65267379,0.00024795,-0.000414428,-0.000414428,0.005126652,0.0,0.0,5.41673333,197.2840604,-1.001602103,0.113237093,16.75900463,7,1,0,48.07671917
Cu2GeSe3,21.56119278,0.370303409,44,8,0.65648103,0.187957688,0.330149679,1.918295834,23.01955001,-0.202272,-0.202272,1.09e-05,0.009135838,0.033671751,3.516090259,0.077781746,89,63.546,4,2.243333333,1.666666667,0.444444444,1.666666667,10,0.0,10,0.0,0.0,2.0,4,1.111111111,2,0,1,0.666666667,2,11.07,25.92,0.335666667,0.799,14,225,14,3,15600700000000.0,3350.0,5400.0,143.5933333,233.4834269,8.3,131.7,6e-06,1.05e-05,245774.7901,646.9921645,361.6966514,25.65267379,0.00024795,-0.000401584,-0.000401584,0.005114487,-2.0,4.0,2.333333333,873.224,-6.054346841,0.113238204,16.75913242,7,1,0,48.076621
Cu2HgGeSe4,24.06031351,0.355423945,121,16,0.653014688,0.173520823,0.329276849,1.75,28.0,-0.202272,-0.202272,-0.018364908,0.023548057,0.034020691,3.1456898,0.066558245,89,63.546,6,2.25125,1.75,0.375,1.75,10,0.0,10,1.75,3.0625,2.8125,4,1.125,2,0,0,0.8125,2,11.07,25.92,0.351625,0.799,14,225,14,3,15054600000000.0,1407.0,5400.0,108.7975,208.8402459,8.3,131.7,6e-06,1.05e-05,245774.7901,646.9921645,361.6966514,25.65267379,0.00024795,-0.000401584,-0.000401584,-0.081380925,-2.0,4.0,5.15625,1432.324,-1.193174131,0.106380565,15.35982686,7,1,0,43.93203767
Cu2HgSnSe4,25.52709265,0.357471732,121,16,0.644166721,0.165307584,0.321481054,1.75,28.0,-0.202272,-0.202272,0.009438418,0.010231712,0.043740888,3.085915616,0.053665631,89,63.546,6,2.245,1.75,0.375,1.75,10,0.0,10,1.75,3.0625,2.8125,4,1.125,2,0,0,0.8125,2,11.07,25.92,0.3995,0.799,14,225,14,3,15054600000000.0,1407.0,3570.0,109.6725,208.5480479,8.3,131.7,1.63e-05,5.72e-06,245774.7901,646.9921645,361.6966514,25.65267379,0.000220362,-0.000401584,-0.000401584,-0.162905164,-2.0,4.0,7.203125,1524.464,-0.785053323,0.082943065,12.32857686,7,1,0,41.33203767
Cu2MnSnS4-1,20.53198176,0.375214883,121,16,0.653374196,0.171376563,0.328853236,1.75,28.0,-0.202272,-0.202272,-0.008520899,0.014467908,0.0,3.7105518,0.205012195,88,32.065,5,2.20375,1.75,0.375,1.75,10,4.375,0,0.0,0.0,2.71875,4,1.125,2,5,1,1.0625,2,10.48758621,25.786875,1.101,2.202,70,225,70,3,1234430000000000.0,2500.0,5150.0,109.4525,208.7200039,7.7,132.3,1.63e-05,5.72e-06,245774.7901,688.7617189,435.9231652,25.65267379,0.000220362,-0.000414428,-0.000414428,0.070571446,-2.0,4.0,9.390625,858.00009,-0.440726468,0.094661815,13.26607686,12,1,5,49.64578767
Cu2MnSnS4-2,0.0,0.0,216,96,0.0,0.0,0.340087381,1.0,8.0,-0.202272,-0.202272,-0.008520899,0.014467908,0.0,3.7105518,0.205012195,88,32.065,5,2.20375,1.75,0.375,1.75,10,4.375,0,0.0,0.0,2.71875,4,1.125,2,5,1,1.0625,2,10.48758621,25.786875,1.101,2.202,70,225,70,3,1234430000000000.0,2500.0,5150.0,109.4525,208.7200039,7.7,132.3,1.63e-05,5.72e-06,245774.7901,688.7617189,435.9231652,25.65267379,0.000220362,-0.000414428,-0.000414428,0.070571446,-2.0,4.0,9.390625,858.00009,-0.440726468,0.094661815,13.26607686,12,1,5,49.64578767
Cu2MnSnS4-3,0.0,0.0,186,12,0.0,0.0,0.337902761,1.0,4.0,-0.202272,-0.202272,-0.008520899,0.014467908,0.0,0.0,0.0,88,32.065,5,2.20375,1.75,0.375,1.75,10,4.375,0,0.0,0.0,2.71875,4,1.125,2,5,1,1.0625,2,10.48758621,25.786875,1.101,2.202,70,225,70,3,1234430000000000.0,2500.0,5150.0,109.4525,208.7200039,7.7,132.3,1.63e-05,5.72e-06,245774.7901,688.7617189,435.9231652,25.65267379,0.000220362,-0.000414428,-0.000414428,0.070571446,0.0,0.0,9.390625,214.5000225,-0.440726468,0.094661815,13.26607686,12,1,5,49.64578767
Cu2O,12.76448471,0.561891544,224,48,0.353591591,0.066273265,0.255065536,0.918295834,5.509775004,-0.202272,-0.172056,0.002362964,0.01215245,0.055459355,3.837838772,0.0,64,15.9994,4,2.413333333,1.333333333,0.444444444,1.777777778,10,4.444444444,10,0.0,0.0,2.222222222,2,0.888888889,0,0,1,0.444444444,1,9.105,11.07,0.0,0.0,12,225,225,3,17247200000000.0,317.5,3570.0,266.6755267,282.8239176,90.7942029,49.2057971,1.63e-05,2.24e-07,245774.7901,-452.569845,361.6966514,25.65267379,0.000119055,-0.000478495,0.000119058,0.183695364,-2.0,1.0,13.77777778,286.1828,-0.06873515,0.088310502,12.62540166,5,1,0,47.74885845
Cu2S,13.98026861,0.591328162,194,24,0.5,0.149573941,0.552896286,1.584962501,9.509775004,-0.202272,-0.172056,0.005730235,0.01613167,0.094280904,3.476102984,0.0,64,32.065,4,2.126666667,1.333333333,0.444444444,1.777777778,10,4.444444444,10,0.0,0.0,2.222222222,2,0.888888889,0,0,1,0.444444444,1,11.07,11.07,0.978666667,0.0,70,225,225,3,1414210000000000.0,3505.7375,3570.0,266.735,282.6977556,7.7,132.3,1.63e-05,2.24e-07,245774.7901,-452.569845,361.6966514,25.65267379,0.000119055,-0.000414428,0.000119058,0.183695364,-2.0,1.0,5.111111111,318.314,-0.630360707,0.088310502,12.62540166,5,1,0,47.74885845
Cu2Sb,16.1445929,0.68923055,129,16,0.437684951,0.079094609,0.556991425,1.584962501,9.509775004,-0.185623,-0.185623,0.026758153,0.026758153,0.138648388,3.208961757,0.0,64,63.546,5,1.95,1.333333333,0.444444444,1.333333333,10,0.0,10,0.0,0.0,1.777777778,3,1.333333333,0,0,1,0.888888889,1,11.07,11.07,0.0,0.0,166,225,225,3,2.83e-07,3420.0,3570.0,274.6666667,265.8721497,42.0,98.0,1.1e-05,5.5e-06,245774.7901,-452.569845,361.6966514,25.65267379,0.001005039,0.000119058,0.000119058,0.177831957,-3.0,1.5,6.444444444,497.704,-0.521171817,0.011111111,6.222222222,4,1,0,36.75666667
Cu2Se-1,16.12957734,0.55762188,216,96,0.555463626,0.129271479,0.510131071,1.584962501,19.01955001,-0.202272,-0.172056,-0.023482612,0.023482612,0.282842712,3.222274243,0.0,64,63.546,4,2.116666667,1.333333333,0.444444444,1.777777778,10,0.0,10,0.0,0.0,2.222222222,2,0.888888889,0,0,1,0.444444444,1,11.07,11.07,0.355111111,0.0,14,225,225,3,17247200000000.0,3350.0,3570.0,266.84,282.4750169,8.3,131.7,1.63e-05,2.24e-07,245774.7901,-452.569845,361.6966514,25.65267379,0.000119055,-0.000401584,0.000119058,0.183695364,-2.0,1.0,1.777777778,824.208,-5.659936696,0.088310502,12.62540166,5,1,0,47.74885845
Cu2Se,16.27631062,0.552594838,225,192,0.389072747,0.053131622,0.510131071,0.918295834,11.01955001,-0.202272,-0.172056,-0.023482612,0.023482612,0.282842712,3.222274243,0.0,64,63.546,4,2.116666667,1.333333333,0.444444444,1.777777778,10,0.0,10,0.0,0.0,2.222222222,2,0.888888889,0,0,1,0.444444444,1,11.07,11.07,0.355111111,0.0,14,225,225,3,17247200000000.0,3350.0,3570.0,266.84,282.4750169,8.3,131.7,1.63e-05,2.24e-07,245774.7901,-452.569845,361.6966514,25.65267379,0.000119055,-0.000401584,0.000119058,0.183695364,-2.0,1.0,1.777777778,824.208,-5.659936696,0.088310502,12.62540166,5,1,0,47.74885845
Cu2SnS3-1,19.97439237,0.383394312,9,4,0.651468172,0.183339699,0.324700566,2.584962501,62.03910002,-0.202272,-0.202272,-0.010981942,0.016371466,0.044728241,3.522011631,0.042426407,88,32.065,5,2.25,1.666666667,0.444444444,1.666666667,10,5.0,0,0.0,0.0,3.0,4,1.111111111,2,0,1,0.666666667,2,11.07,25.786875,1.101,2.202,70,225,70,3,1279200000000000.0,2500.0,3570.0,144.6025,232.9825362,7.7,132.3,1.63e-05,5.72e-06,245774.7901,688.7617189,361.6966514,25.65267379,0.000220362,-0.000414428,-0.000414428,-0.014784497,-2.0,4.0,9.777777778,1367.988,-0.332420535,0.091015982,12.64802131,7,1,0,44.60995434
Cu2SnS3,0.0,0.0,186,12,0.0,0.0,0.336973458,1.0,4.0,-0.202272,-0.202272,-0.010977554,0.016370026,0.044711902,0.0,0.0,88,32.065,5,2.249999,1.66665,0.444455555,1.6667,10,5.0,0,0.0,0.0,2.99995,4,1.11112222,2,0,1,0.666666665,2,11.07,25.786875,1.101,2.202,70,225,70,3,1279210000000000.0,2500.0,3570.0,144.60805,232.9870605,7.7,132.3,1.63e-05,5.72e-06,245774.7901,688.7617189,361.6966514,25.65267379,0.000220362,-0.000414428,-0.000414428,-0.014765147,0.0,0.0,9.777455547,227.9943224,-0.332432927,0.091017648,12.64809909,7,1,0,44.61039917
Cu2SnSe3-2,0.0,0.0,186,12,0.0,0.0,0.336945541,1.0,4.0,-0.202272,-0.202272,0.017479552,0.024575789,2.36e-05,0.0,0.0,89,63.546,5,2.234999,1.66665,0.444455555,1.6667,10,0.0,10,0.0,0.0,2.000066665,4,1.11112222,2,0,1,0.666666665,2,11.07,25.92,0.3995,0.799,14,225,14,3,15600700000000.0,2500.0,3570.0,144.76555,232.8273547,8.3,131.7,1.63e-05,5.72e-06,245774.7901,646.9921645,361.6966514,25.65267379,0.000220362,-0.000401584,-0.000401584,-0.014765147,0.0,0.0,6.027455548,321.7843224,-0.788920113,0.091017648,12.64809909,7,1,0,44.61039917
Cu2SnSe3,24.00407243,0.364479257,9,4,0.647932687,0.180411906,0.323863432,2.584962501,62.03910002,-0.202272,-0.202272,0.01747516,0.024573404,0.0,3.258451168,0.042426407,89,63.546,5,2.235,1.666666667,0.444444444,1.666666667,10,0.0,10,0.0,0.0,2.0,4,1.111111111,2,0,1,0.666666667,2,11.07,25.92,0.3995,0.799,14,225,14,3,15600700000000.0,2500.0,3570.0,144.76,232.8228349,8.3,131.7,1.63e-05,5.72e-06,245774.7901,646.9921645,361.6966514,25.65267379,0.000220362,-0.000401584,-0.000401584,-0.014784497,-2.0,4.0,6.027777778,1930.728,-0.788874354,0.091015982,12.64802131,7,1,0,44.60995434
Cu2SnTe3,0.0,0.0,216,96,0.0,0.0,0.340087381,1.0,8.0,-0.202272,-0.202272,-0.009949532,0.021168173,0.047974426,0.0,0.0,90,63.546,5,2.009999,1.66665,0.444455555,1.6667,10,0.0,10,0.0,0.0,2.000066665,4,1.11112222,2,0,1,0.666666665,2,11.07,34.76333333,0.232,0.464,141,225,152,3,6.39e-05,2500.0,3570.0,146.00555,231.5722634,58.0,82.0,1.63e-05,5.72e-06,245774.7901,424.94949,361.6966514,25.65267379,0.000220362,-0.000893918,-0.000893918,-0.014765147,0.0,0.0,5.194355548,838.1286448,-1.627817016,0.091017648,12.64809909,7,1,0,44.61039917
Cu2Te,22.78996047,0.469593175,191,24,0.18888023,0.194551236,0.380604255,0.918295834,5.509775004,-0.202272,-0.172056,-0.00060558,0.015600247,0.067343503,2.975010838,0.0,64,63.546,5,1.966666667,1.333333333,0.444444444,1.777777778,10,0.0,10,0.0,0.0,2.222222222,2,0.888888889,0,0,1,0.444444444,1,11.07,11.07,0.206222222,0.0,152,225,225,3,7.07e-05,2610.0,3570.0,267.6666667,280.7213921,65.0,75.0,1.63e-05,2.24e-07,245774.7901,-452.569845,361.6966514,25.65267379,0.000119055,-0.000893918,0.000119058,0.183695364,-2.0,1.0,3.111111111,509.384,-2.074455688,0.088310502,12.62540166,5,1,0,47.74885845
Cu2ZnGeS4,18.37522793,0.379957027,121,16,0.658924817,0.173365755,0.333953937,1.75,28.0,-0.202272,-0.202272,-0.007352035,0.011745262,0.034020691,3.646089767,0.166973052,88,32.065,4,2.2225,1.75,0.375,1.75,10,5.0,0,0.0,0.0,3.0,4,1.125,2,0,0,0.8125,2,11.07,25.786875,1.053125,2.202,70,225,70,3,1234430000000000.0,3505.7375,5400.0,122.6025,203.6566597,7.7,132.3,6e-06,2.42e-05,245774.7901,688.7617189,361.6966514,25.65267379,0.00024795,-0.000414428,-0.000414428,-0.099702342,-2.0,4.0,7.09375,786.802,-0.735956452,0.104818065,16.48482686,7,1,0,47.32828767
Cu2ZnGeSe4,22.54957052,0.357998615,121,16,0.65684026,0.172676066,0.333704584,1.75,28.0,-0.202272,-0.202272,-0.002392253,0.016846237,0.06681531,3.347271928,0.166973052,89,63.546,4,2.2075,1.75,0.375,1.75,10,0.0,10,0.0,0.0,2.0,4,1.125,2,0,0,0.8125,2,11.07,25.92,0.351625,0.799,14,225,14,3,15054600000000.0,3350.0,5400.0,122.76,203.5124617,8.3,131.7,6e-06,2.42e-05,245774.7901,646.9921645,361.6966514,25.65267379,0.00024795,-0.000401584,-0.000401584,-0.099702342,-2.0,4.0,3.84375,1161.962,-2.493818108,0.104818065,16.48482686,7,1,0,47.32828767
Cu2ZnSnS4-2,0.0,0.0,186,12,0.0,0.0,0.337399787,1.0,4.0,-0.202272,-0.202272,-0.016919605,0.018710543,0.034488351,0.0,0.0,88,32.065,5,2.21625,1.75,0.375,1.75,10,5.0,0,0.0,0.0,3.0,4,1.125,2,0,0,0.8125,2,11.07,25.786875,1.101,2.202,70,225,70,3,1234430000000000.0,2500.0,3700.0,123.4775,203.2664796,7.7,132.3,1.63e-05,1.39e-05,245774.7901,688.7617189,361.6966514,25.65267379,0.000220362,-0.000414428,-0.000414428,-0.159260086,0.0,0.0,10.015625,219.7355,-0.406385322,0.079818065,13.14107686,7,1,0,44.72828767
Cu2ZnSnS4,19.64495062,0.384597527,121,16,0.653615408,0.171238049,0.330234815,1.75,28.0,-0.202272,-0.202272,-0.016919605,0.018710543,0.034488351,3.566035174,0.151095996,88,32.065,5,2.21625,1.75,0.375,1.75,10,5.0,0,0.0,0.0,3.0,4,1.125,2,0,0,0.8125,2,11.07,25.786875,1.101,2.202,70,225,70,3,1234430000000000.0,2500.0,3700.0,123.4775,203.2664796,7.7,132.3,1.63e-05,1.39e-05,245774.7901,688.7617189,361.6966514,25.65267379,0.000220362,-0.000414428,-0.000414428,-0.159260086,-2.0,4.0,10.015625,878.942,-0.406385322,0.079818065,13.14107686,7,1,0,44.72828767
Cu2ZnSnSe4-1,23.87073406,0.362214143,121,16,0.651334658,0.16994213,0.328214038,1.75,28.0,-0.202272,-0.202272,0.0112797,0.021606757,0.0,3.292506083,0.151095996,89,63.546,5,2.20125,1.75,0.375,1.75,10,0.0,10,0.0,0.0,2.0,4,1.125,2,0,0,0.8125,2,11.07,25.92,0.3995,0.799,14,225,14,3,15054600000000.0,2500.0,3700.0,123.635,203.1209707,8.3,131.7,1.63e-05,1.39e-05,245774.7901,646.9921645,361.6966514,25.65267379,0.000220362,-0.000401584,-0.000401584,-0.159260086,-2.0,4.0,6.265625,1254.102,-1.024338597,0.079818065,13.14107686,7,1,0,44.72828767
Cu2ZnSnTe4,29.40834008,0.381117209,121,16,0.648617086,0.168231224,0.326325489,1.75,28.0,-0.202272,-0.202272,-0.019234988,0.024731876,0.059273212,2.963439381,0.151095996,90,63.546,5,1.97625,1.75,0.375,1.75,10,0.0,10,0.0,0.0,2.0,4,1.125,2,0,0,0.8125,2,11.07,34.76333333,0.232,0.464,141,225,152,3,6.17e-05,2500.0,3700.0,124.875,201.978252,58.0,82.0,1.63e-05,1.39e-05,245774.7901,424.94949,361.6966514,25.65267379,0.000220362,-0.000893918,-0.000893918,-0.159260086,-2.0,4.0,4.265625,1643.222,-2.59252898,0.079818065,13.14107686,7,1,0,44.72828767
Cu3As,12.80453911,0.728034997,194,24,0.342225371,0.017089415,0.70558009,0.811278124,6.490224996,-0.197497,-0.172056,-0.010061156,0.026646255,0.212132034,3.3545779,0.0,64,63.546,4,1.97,1.25,0.375,1.125,10,0.0,10,0.0,0.0,1.5,3,1.125,0,0,1,0.75,1,11.07,11.07,0.0,0.0,166,225,225,3,2.24e-07,3505.7375,3570.0,312.5,247.4873734,22.0,118.0,1.63e-05,2.24e-07,245774.7901,-452.569845,361.6966514,25.65267379,0.000119055,-0.004668149,0.000119058,-0.044884327,-3.0,1.0,2.0625,531.1192,-3.130346845,0.065625,2.25,4,1,0,37.5025
Cu3BiS3,19.53599969,0.443442439,19,4,0.620379613,0.171926776,0.33427988,2.807354922,78.60593782,-0.202272,-0.180198,-0.018420568,0.023652549,0.036421568,3.304336998,0.084852814,64,32.065,6,2.208571429,1.571428571,0.489795918,1.836734694,10,4.897959184,0,2.0,3.428571429,5.020408163,3,1.102040816,0,0,1,0.612244898,1,11.07,11.07,1.078530612,0.0,12,225,70,3,1264910000000000.0,1790.0,3570.0,172.6592857,251.6411906,7.7,132.3,1.34e-05,3.1e-06,245774.7901,-452.569845,361.6966514,25.65267379,0.000276223,-0.000414428,-0.000414428,0.046023015,-2.0,3.0,10.04081633,1983.2536,-0.315219126,0.097321778,10.24023856,8,1,0,43.88567515
Cu3N,13.87788313,0.577687719,221,48,0.285179527,0.196333333,0.261799388,0.811278124,3.245112498,-0.202272,-0.172056,0.011637333,0.011637333,0.145580808,3.655419584,0.0,64,14.0067,4,2.185,1.25,0.375,1.125,10,3.75,10,0.0,0.0,2.25,3,1.125,0,0,1,0.75,1,11.07,11.07,2.413875,0.0,194,225,225,3,17247200000000.0,333.6,3570.0,300.0064575,282.8244479,90.7942029,49.2057971,1.63e-05,2.24e-07,245774.7901,-452.569845,361.6966514,25.65267379,0.000119055,-0.000737103,0.000119058,0.047106749,-3.0,1.0,10.125,204.6447,-0.108223481,0.451875,63.0,4,1,0,33.8475
Cu3NbSe4,22.72855596,0.38041649,215,24,0.413876694,0.120284551,0.34021143,1.405639062,11.2451125,-0.202272,-0.172056,-0.028614003,0.028614003,0.08121589,4.08100678,0.212132034,89,63.546,5,2.1875,1.5,0.5,2.0,10,1.3125,10,0.0,0.0,3.25,2,1.0,2,6,1,1.1875,2,11.07,25.92,0.3995,0.799,14,229,14,3,15827100000000.0,3350.0,3570.0,157.01,245.2495875,8.3,161.7,7.3e-06,9.2e-06,245774.7901,646.9921645,361.6966514,25.65267379,0.000124953,-0.000401584,-0.000401584,0.128218239,-2.0,5.0,3.859375,599.38438,-1.931667095,0.093424658,13.64107686,10,2,4,48.10078767
Cu3P,12.25122988,0.716392857,185,12,0.278647349,0.025122569,0.55222116,2.229573959,53.509775,-0.202272,-0.172056,-0.008093739,0.011908025,0.023570226,3.508353839,0.0,64,30.973762,4,1.9725,1.25,0.375,1.125,10,3.75,10,0.0,0.0,2.25,3,1.125,0,0,1,0.75,1,11.07,11.07,0.609375,0.0,2,225,225,3,5.88e-08,3505.7375,3570.0,300.059,282.6758353,11.0,129.0,1.63e-05,2.24e-07,245774.7901,-452.569845,361.6966514,25.65267379,0.000683586,0.000119058,0.000119058,-0.182453862,-3.0,1.0,4.5,1329.670572,-0.623367252,0.20625,13.125,4,1,0,35.63775
Cu3PdN,11.67073767,0.746523007,221,48,0.663024806,0.234888791,0.44691951,1.370950594,6.854752972,-0.160771,-0.160771,0.009432017,0.014963199,0.044019499,3.819530504,0.0,64,14.0067,5,2.188,1.0,0.4,0.96,10,3.2,10,0.0,0.0,1.84,3,0.96,0,0,0,0.72,1,11.07,11.07,2.05984,0.0,194,225,225,3,13037600000000.0,333.6,3570.0,254.405166,240.2186937,90.7942029,89.2057971,1.18e-05,4.7e-06,330022.5646,-452.569845,361.6966514,25.65267379,0.000119055,-0.000737103,0.000119058,0.440292866,0.0,0.0,11.2,311.0647,-0.192068403,0.4656,56.96,4,1,0,37.3
Cu3SbS3,19.42962946,0.413612808,19,4,0.619320992,0.169118647,0.326167844,2.807354922,78.60593782,-0.202272,-0.185623,-0.016304949,0.016448914,0.018417216,3.37566777,0.106066017,64,32.065,5,2.212857143,1.571428571,0.489795918,1.836734694,10,4.897959184,0,0.0,0.0,2.93877551,3,1.102040816,0,0,1,0.612244898,1,11.07,11.07,1.078530612,0.0,70,225,70,3,1264910000000000.0,3420.0,3570.0,174.945,249.2890547,7.7,132.3,1.1e-05,5.5e-06,245774.7901,-452.569845,361.6966514,25.65267379,0.001005039,-0.000414428,-0.000414428,-0.070154275,-2.0,3.0,9.183673469,1634.372,-0.38447215,0.097321778,12.19942223,8,1,0,44.90853229
Cu3SbS4,19.32034887,0.391059162,121,16,0.648699201,0.170921358,0.3327006,1.75,28.0,-0.202272,-0.202272,-1.95e-05,0.013794588,0.042636452,3.378133698,0.106066017,88,32.065,5,2.25875,1.625,0.46875,1.78125,10,5.0,0,0.0,0.0,3.0,3,1.03125,2,0,1,0.5625,2,11.07,25.786875,1.101,2.202,70,225,70,3,1297770000000000.0,3420.0,3570.0,153.1025,248.3855933,7.7,132.3,1.1e-05,5.5e-06,245774.7901,688.7617189,361.6966514,25.65267379,0.001005039,-0.000414428,-0.000414428,-0.034015513,-2.0,5.0,8.921875,881.316,-0.367445873,0.098568065,12.89107686,8,1,0,45.91828767
Cu3SbSe3,21.03741855,0.426450432,62,8,0.57999982,0.144207439,0.365172051,2.235926351,62.60593782,-0.202272,-0.185623,0.018406475,0.024216797,0.03888079,3.145163334,0.106066017,64,63.546,5,2.2,1.571428571,0.489795918,1.836734694,10,0.0,10,0.0,0.0,2.326530612,3,1.102040816,0,0,1,0.612244898,1,11.07,11.07,0.391346939,0.0,14,225,14,3,15426300000000.0,3350.0,3570.0,175.08,249.1345262,8.3,131.7,1.1e-05,5.5e-06,245774.7901,-452.569845,361.6966514,25.65267379,0.001005039,-0.000401584,-0.000401584,-0.070154275,-2.0,3.0,5.510204082,2197.112,-0.911594271,0.097321778,12.19942223,8,1,0,44.90853229
Cu3SbSe4,22.57543775,0.38299667,121,16,0.644736391,0.169963725,0.331044609,1.75,28.0,-0.202272,-0.202272,-0.010895665,0.031069749,0.019641855,3.114613537,0.106066017,89,63.546,5,2.24375,1.625,0.46875,1.78125,10,0.0,10,0.0,0.0,2.25,3,1.03125,2,0,1,0.5625,2,11.07,25.92,0.3995,0.799,14,225,14,3,15827100000000.0,3350.0,3570.0,153.26,248.222337,8.3,131.7,1.1e-05,5.5e-06,245774.7901,646.9921645,361.6966514,25.65267379,0.001005039,-0.000401584,-0.000401584,-0.034015513,-2.0,5.0,5.171875,1256.476,-0.933233705,0.098568065,12.89107686,8,1,0,45.91828767
Cu3Se2,17.2742011,0.505484872,113,8,0.56556178,0.081479313,0.437781021,1.521928095,15.21928095,-0.202272,-0.202272,-0.018721861,0.018721861,0.188561808,3.267889616,0.0,64,63.546,4,2.16,1.4,0.48,1.92,10,0.0,10,0.0,0.0,2.4,2,0.96,0,0,1,0.48,1,11.07,11.07,0.38352,0.0,14,225,225,3,17247200000000.0,3350.0,3570.0,240.208,282.4750169,8.3,131.7,1.63e-05,2.24e-07,245774.7901,-452.569845,361.6966514,25.65267379,0.000119055,-0.000401584,0.000119058,0.18727099,-2.0,1.333333333,1.92,697.116,-5.493360888,0.095375342,13.63543379,5,1,0,48.27263014
Cu3SnS4,19.51943101,0.38707068,121,16,0.64722104,0.170664904,0.332067869,1.75,28.0,-0.202272,-0.202272,-1.95e-05,0.013794588,0.042636452,0.0,0.042426407,88,32.065,5,2.2475,1.625,0.46875,1.75,10,5.0,0,0.0,0.0,2.875,4,1.125,2,0,1,0.65625,2,11.07,25.786875,1.101,2.202,70,225,70,3,1297770000000000.0,2500.0,3570.0,158.4775,244.3329153,7.7,132.3,1.63e-05,5.72e-06,245774.7901,688.7617189,361.6966514,25.65267379,0.000220362,-0.000414428,-0.000414428,0.034979562,-2.0,4.0,8.921875,875.216,-0.367445873,0.094661815,12.89107686,7,1,0,45.72203767
Cu3VS4,19.3555208,0.374435414,215,24,0.390812876,0.123968943,0.302778253,1.405639062,11.2451125,-0.202272,-0.202272,-0.006856274,0.015571357,0.037492791,4.25378102,0.190918831,88,32.065,4,2.20625,1.625,0.46875,2.0,10,4.40625,0,0.0,0.0,2.4375,2,1.0,2,7,1,1.1875,2,11.07,25.786875,1.101,2.202,70,229,70,3,1297770000000000.0,3505.7375,4560.0,153.9775,247.6366626,7.7,152.3,8.4e-06,8.1e-06,245774.7901,688.7617189,361.6966514,25.65267379,0.000174335,-0.000414428,-0.000414428,0.157117723,-2.0,5.0,6.625,369.8395,-0.66602198,0.096224315,13.26607686,8,1,3,49.22953767
Cu6Sn5,17.67189611,0.646564467,15,8,0.380837987,0.060923833,0.516949913,2.732158891,120.2149912,-0.14445,-0.14445,0.000825311,0.003003888,0.009889605,3.30784333,0.0,64,63.546,5,1.927272727,1.454545455,0.495867769,0.991735537,10,0.0,10,0.0,0.0,1.487603306,4,1.983471074,0,0,1,1.487603306,1,11.07,11.07,0.0,0.0,141,225,225,3,6.59e-08,2500.0,3570.0,248.6363636,235.4665581,58.0,82.0,1.65e-05,5.5e-06,245774.7901,-452.569845,361.6966514,25.65267379,0.000220362,0.000119058,0.000119058,0.280010529,0.0,0.0,7.190082645,3899.304,-0.532191821,0.074380165,6.94214876,3,1,0,32.99818182
Cu7S4,15.12460859,0.534331626,62,8,0.538018611,0.077390132,0.401070197,2.913977073,128.2149912,-0.202272,-0.202272,0.010622427,0.017619061,0.074996174,3.488626483,0.0,64,32.065,4,2.147272727,1.363636364,0.462809917,1.851239669,10,4.628099174,10,0.0,0.0,2.314049587,2,0.925619835,0,0,1,0.462809917,1,11.07,11.07,1.019107438,0.0,70,225,225,3,1414210000000000.0,3505.7375,3570.0,254.62,282.6977556,7.7,132.3,1.63e-05,2.24e-07,245774.7901,-452.569845,361.6966514,25.65267379,0.000119055,-0.000414428,0.000119058,0.186424662,-2.0,1.142857143,5.32231405,2292.328,-0.616063516,0.091959697,13.14711247,5,1,0,47.98693649
CuCr2S4,16.9773482,0.421142972,227,192,0.686167376,0.214825039,0.37158157,1.378783493,77.21187564,-0.150445,-0.150445,0.00547457,0.008332802,0.033407655,4.219658533,0.169705627,88,32.065,4,2.22,1.571428571,0.489795918,1.959183673,10,3.265306122,0,0.0,0.0,1.224489796,2,0.979591837,2,5,1,1.714285714,2,11.07,25.786875,1.078530612,2.202,70,229,70,3,1309310000000000.0,3505.7375,5940.0,84.11714286,178.9848541,7.7,152.3,4.9e-06,1.16e-05,245774.7901,688.7617189,361.6966514,25.65267379,0.000137009,-0.000414428,-0.000414428,0.315103904,-2.0,3.0,6.448979592,2366.3856,-0.634065974,0.138138105,11.95452428,11,2,5,70.06804305
CuCr2Te4,25.07982796,0.451530989,227,192,0.686246988,0.215312797,0.367896382,1.378783493,77.21187564,-0.150445,-0.150445,-0.005826163,0.015091179,0.06172134,3.379221515,0.169705627,90,51.9961,5,1.945714286,1.571428571,0.489795918,1.959183673,10,2.040816327,10,0.0,0.0,4.081632653,2,0.979591837,2,5,1,1.714285714,2,11.07,34.76333333,0.227265306,0.464,152,229,152,3,6.54e-05,2610.0,5940.0,85.71428571,177.6790847,65.0,95.0,4.9e-06,1.16e-05,245774.7901,424.94949,361.6966514,25.65267379,0.000137009,-0.000893918,-0.000893918,0.315103904,-1.8125,3.0,2.93877551,5423.5056,-4.400200571,0.138138105,11.95452428,11,2,5,70.06804305
CuFeS2,17.71409585,0.425898331,122,16,0.662670291,0.176500971,0.334927156,1.5,24.0,-0.202272,-0.202272,-0.008456182,0.008456182,0.0,3.881938674,0.049497475,88,32.065,4,2.2225,1.75,0.375,2.0,10,4.0,0,0.0,0.0,1.75,2,1.0,2,4,1,0.875,2,10.73,25.786875,1.101,2.202,70,229,70,3,1264910000000000.0,3505.7375,4910.0,120.1025,208.5201592,7.7,162.3,1.18e-05,4.7e-06,245774.7901,688.7617189,361.6966514,25.65267379,0.000228936,-0.000414428,-0.000414428,0.141100031,-2.0,3.0,5.6875,734.084,-0.890646554,0.189349315,10.95357686,11,1,6,58.15578767
CuGaS2-1,0.0,0.0,186,12,0.0,0.0,0.337226902,1.0,4.0,-0.202272,-0.202272,0.000810048,0.01514016,0.088388348,3.698855688,0.06363961,88,32.065,4,2.2175,1.75,0.375,1.75,10,5.0,0,0.0,0.0,3.0,5,1.375,2,0,1,1.25,2,11.07,25.786875,1.101,2.202,64,225,70,3,1264910000000000.0,2740.0,3570.0,107.3525,214.2361753,7.7,132.3,1.63e-05,0.000103724,245774.7901,688.7617189,361.6966514,25.65267379,0.000173757,-0.000414428,-0.000414428,-0.09963905,-2.0,3.0,7.25,197.399,-0.616671568,0.077474315,13.95357686,6,1,0,47.14328767
CuGaS2-2,18.56883101,0.375445648,122,16,0.661199332,0.174228405,0.339985065,1.5,24.0,-0.202272,-0.202272,0.000810048,0.01514016,0.088388348,3.698855688,0.06363961,88,32.065,4,2.2175,1.75,0.375,1.75,10,5.0,0,0.0,0.0,3.0,5,1.375,2,0,1,1.25,2,11.07,25.786875,1.101,2.202,64,225,70,3,1264910000000000.0,2740.0,3570.0,107.3525,214.2361753,7.7,132.3,1.63e-05,0.000103724,245774.7901,688.7617189,361.6966514,25.65267379,0.000173757,-0.000414428,-0.000414428,-0.09963905,-2.0,3.0,7.25,197.399,-0.616671568,0.077474315,13.95357686,6,1,0,47.14328767
CuGaSe2,0.0,0.0,221,48,0.0,0.0,0.680174762,1.0,2.0,-0.202272,-0.202272,-0.012785902,0.028200379,0.176776695,0.0,0.0,89,63.546,4,2.2025,1.75,0.375,1.75,10,0.0,10,0.0,0.0,2.0,5,1.375,2,0,1,1.25,2,11.07,25.92,0.3995,0.799,14,225,14,3,15426300000000.0,2740.0,3570.0,107.51,214.1101963,8.3,131.7,1.63e-05,0.000103724,245774.7901,646.9921645,361.6966514,25.65267379,0.000173757,-0.000401584,-0.000401584,-0.09963905,0.0,0.0,3.5,145.5945,-3.020768432,0.077474315,13.95357686,6,1,0,47.14328767
CuInS2-1,21.1917863,0.404426811,122,16,0.659884988,0.173134228,0.323563244,1.5,24.0,-0.202272,-0.202272,-0.020554391,0.030373181,0.049232334,3.552361681,0.084852814,88,32.065,5,2.21,1.75,0.375,1.75,10,5.0,0,0.0,0.0,3.0,5,1.375,2,0,1,1.25,2,11.07,25.786875,1.101,2.202,70,225,70,3,1264910000000000.0,1215.0,3570.0,120.6025,208.3691263,7.7,132.3,1.63e-05,1.58e-05,245774.7901,688.7617189,361.6966514,25.65267379,0.000136286,-0.000414428,-0.000414428,0.002662114,-2.0,3.0,11.1875,969.976,-0.280572793,0.103125,11.70357686,6,1,0,38.70778767
CuInS2-2,17.42245283,0.491924222,225,192,0.551981525,0.132668526,0.680174762,1.5,24.0,-0.202272,-0.202272,-0.020554391,0.030373181,0.049232334,3.552361681,0.084852814,88,32.065,5,2.21,1.75,0.375,1.75,10,5.0,0,0.0,0.0,3.0,5,1.375,2,0,1,1.25,2,11.07,25.786875,1.101,2.202,70,225,70,3,1264910000000000.0,1215.0,3570.0,120.6025,208.3691263,7.7,132.3,1.63e-05,1.58e-05,245774.7901,688.7617189,361.6966514,25.65267379,0.000136286,-0.000414428,-0.000414428,0.002662114,-2.0,3.0,11.1875,969.976,-0.280572793,0.103125,11.70357686,6,1,0,38.70778767
CuInS2-3,0.0,0.0,186,12,0.0,0.0,0.33834057,1.0,4.0,-0.202272,-0.202272,-0.020554391,0.030373181,0.049232334,3.552361681,0.084852814,88,32.065,5,2.21,1.75,0.375,1.75,10,5.0,0,0.0,0.0,3.0,5,1.375,2,0,1,1.25,2,11.07,25.786875,1.101,2.202,70,225,70,3,1264910000000000.0,1215.0,3570.0,120.6025,208.3691263,7.7,132.3,1.63e-05,1.58e-05,245774.7901,688.7617189,361.6966514,25.65267379,0.000136286,-0.000414428,-0.000414428,0.002662114,-2.0,3.0,11.1875,969.976,-0.280572793,0.103125,11.70357686,6,1,0,38.70778767
CuInSe2,24.56179261,0.393352585,122,16,0.660104591,0.173506753,0.323026597,1.5,24.0,-0.202272,-0.202272,0.00899018,0.009580559,0.050507627,3.288274406,0.084852814,89,63.546,5,2.195,1.75,0.375,1.75,10,0.0,10,0.0,0.0,2.0,5,1.375,2,0,1,1.25,2,11.07,25.92,0.3995,0.799,14,225,14,3,15426300000000.0,1215.0,3570.0,120.76,208.2235629,8.3,131.7,1.63e-05,1.58e-05,245774.7901,646.9921645,361.6966514,25.65267379,0.000136286,-0.000401584,-0.000401584,0.002662114,-2.0,3.0,7.4375,1345.136,-0.623282941,0.103125,11.70357686,6,1,0,38.70778767
CuInTe2,30.32740142,0.40303986,122,16,0.660086219,0.173728488,0.32110278,1.5,24.0,-0.202272,-0.202272,0.007568758,0.014682374,0.0,2.963850761,0.084852814,90,63.546,5,1.97,1.75,0.375,1.75,10,0.0,10,0.0,0.0,2.0,5,1.375,2,0,1,1.25,2,11.07,34.76333333,0.232,0.464,139,225,152,3,6.32e-05,1215.0,3570.0,122.0,207.0806606,65.0,75.0,1.63e-05,1.58e-05,245774.7901,424.94949,361.6966514,25.65267379,0.000136286,-0.000893918,-0.000893918,0.002662114,-2.0,3.0,5.4375,1734.256,-1.616472597,0.103125,11.70357686,6,1,0,38.70778767
CuS,16.72767337,0.43325765,194,24,0.597783757,0.113494213,0.327195593,1.918295834,23.01955001,-0.202272,-0.202272,-0.008634003,0.008634003,0.0,3.447785418,0.0,64,32.065,4,2.24,1.5,0.5,2.0,10,5.0,0,0.0,0.0,2.5,2,1.0,0,0,1,0.5,1,11.07,11.07,1.101,0.0,70,225,70,3,1414210000000000.0,3505.7375,3570.0,200.1025,282.6977556,7.7,132.3,1.63e-05,2.24e-07,245774.7901,-452.569845,361.6966514,25.65267379,0.000119055,-0.000414428,-0.000414428,0.188450956,-2.0,2.0,5.75,573.666,-0.571282307,0.099349315,14.20357686,5,1,0,49.05828767
CuSbS2,20.91521846,0.375965779,62,8,0.671056457,0.203006076,0.316019878,2.0,32.0,-0.202272,-0.185623,-0.020554391,0.030373181,0.049232334,3.289567239,0.106066017,88,32.065,5,2.2775,1.75,0.375,1.375,10,5.0,0,0.0,0.0,3.5,3,0.875,2,0,1,0.5,2,11.07,25.786875,1.101,2.202,70,225,70,3,1264910000000000.0,3420.0,3570.0,106.1025,214.9838338,7.7,132.3,1.1e-05,5.5e-06,245774.7901,688.7617189,361.6966514,25.65267379,0.001005039,-0.000414428,-0.000414428,-0.21073846,-2.0,3.0,11.1875,997.744,-0.280572793,0.096224315,12.45357686,8,1,0,42.77828767
CuSe,20.40048607,0.408730972,194,24,0.609498468,0.125223717,0.348330695,1.918295834,23.01955001,-0.202272,-0.202272,-0.011586189,0.011586189,0.047140452,3.160226067,0.0,64,63.546,4,2.225,1.5,0.5,2.0,10,0.0,10,0.0,0.0,2.5,2,1.0,0,0,1,0.5,1,11.07,11.07,0.3995,0.0,14,225,14,3,17247200000000.0,3350.0,3570.0,200.26,282.4750169,8.3,131.7,1.63e-05,2.24e-07,245774.7901,-452.569845,361.6966514,25.65267379,0.000119055,-0.000401584,-0.000401584,0.188450956,-2.0,2.0,2.0,855.036,-5.360868569,0.099349315,14.20357686,5,1,0,49.05828767
CuTe,23.6678327,0.46054143,59,8,0.151292456,0.18680173,0.386588878,1.0,4.0,-0.202272,-0.202272,-0.012596028,0.017632528,0.047140452,2.924204628,0.0,64,63.546,5,2.0,1.5,0.5,2.0,10,0.0,10,0.0,0.0,2.5,2,1.0,0,0,1,0.5,1,11.07,11.07,0.232,0.0,152,225,152,3,7.07e-05,2610.0,3570.0,201.5,280.7213921,65.0,75.0,1.63e-05,2.24e-07,245774.7901,-452.569845,361.6966514,25.65267379,0.000119055,-0.000893918,-0.000893918,0.188450956,-2.0,2.0,3.5,382.292,-2.080380063,0.099349315,14.20357686,5,1,0,49.05828767
Dy2O3,14.86395932,0.640649373,206,48,0.581597586,0.109130887,0.400606155,1.295461844,103.6369475,-0.265302,-0.265302,-0.02404997,0.029020832,0.0,6.78104578,0.0,87,15.9994,6,2.552,2.0,0.0,1.92,0,0.0,0,4.0,4.8,2.88,2,0.96,2,0,2,0.96,2,9.105,9.105,0.0,0.0,12,194,12,3,17247200000000.0,317.5,2710.0,4.415948,7.759379695,41.0,49.7942029,9.9e-06,6.38e-06,186634.3555,736.7362453,-66.71442563,21.15971665,0.000150622,-0.000478495,-0.000478495,-0.070637359,-2.0,3.0,26.64,5967.9712,-0.022234838,0.202224658,13.63543379,14,0,0,41.95594521
Er2O3,14.28306943,0.666704468,206,48,0.581014239,0.108505448,0.399795056,1.295461844,103.6369475,-0.278577,-0.278577,-0.02404997,0.029020832,0.0,6.933094097,0.0,87,15.9994,6,2.56,2.0,0.0,1.92,0,0.0,0,4.8,5.76,3.84,2,0.96,2,0,2,0.0,2,9.105,9.105,0.0,0.0,12,194,12,3,17247200000000.0,317.5,2830.0,6.015948,10.58780682,44.0,46.7942029,1.22e-05,4.08e-06,179309.5148,736.7362453,-49.98716147,18.96256608,0.000156481,-0.000478495,-0.000478495,-0.035595284,-2.0,3.0,26.64,6120.2592,-0.022234838,0.199824658,13.63543379,16,0,0,43.64394521
Eu2O3,14.46887462,0.770730759,164,12,0.580450127,0.147723725,0.467734092,1.521928095,7.609640474,-0.232773,-0.232773,0.037144041,0.037144041,0.056568542,5.749172557,0.0,87,15.9994,6,2.538,2.0,0.0,1.92,0,0.0,0,2.8,3.36,1.44,2,0.96,2,0,2,2.4,2,9.105,9.105,0.0,0.0,12,229,12,3,17247200000000.0,317.5,3505.7375,5.615948,9.880700038,8.3,82.4942029,1.63e-05,1.87e-05,140883.8962,736.7362453,592.4025881,44.88734787,0.000199656,-0.000478495,-0.000478495,-0.250607136,-2.0,3.0,31.68,351.9262,-0.018254048,0.204624658,13.63543379,11,0,0,34.14634521
Eu3S4,22.71716873,0.605713731,220,48,0.689483669,0.26488742,0.551406004,0.985228136,27.58638781,-0.232773,-0.232773,0.008564427,0.009007992,0.030304576,4.566679217,0.0,88,32.065,6,1.982142857,2.0,0.0,1.959183673,0,0.0,0,3.0,3.428571429,1.469387755,2,0.979591837,2,0,2,2.448979592,2,25.786875,25.786875,1.078530612,2.202,70,229,70,3,1414210000000000.0,3505.7375,3505.7375,6.117142857,9.754538046,7.7,0.6,1.63e-05,1.87e-05,140883.8962,688.7617189,592.4025881,44.88734787,0.000199656,-0.000414428,-0.000414428,-0.263972942,-2.0,2.666666667,22.7755102,2336.608,-0.054704763,0.208800671,13.91370795,11,0,0,32.80061448
EuBrO,21.4796299,0.524485352,129,16,0.516641213,0.238850189,0.465803871,1.584962501,9.509775004,-0.232773,-0.232773,0.032626556,0.038844159,0.037113481,4.435083377,0.0,25,15.9994,6,2.528333333,2.0,0.0,2.0,10,4.444444444,0,2.333333333,3.111111111,4.222222222,2,0.666666667,0,0,1,2.444444444,1,9.105,9.105,0.647555556,0.0,12,229,12,3,14059800000000.0,317.5,3505.7375,4.715526667,8.040725442,1.9,88.8942029,1.63e-05,1.87e-05,140883.8962,-709.95082,592.4025881,44.88734787,0.000199656,-0.000478495,-0.000478495,-0.266687655,-2.0,3.0,29.33333333,495.7348,-0.057357308,0.189467275,18.93810249,16,0,0,37.28638356
EuS,25.44407938,0.603492831,225,192,1.0,1.0,0.523598776,1.0,8.0,-0.232773,-0.232773,-0.015278264,0.015278264,0.037216146,4.817565794,0.0,25,32.065,6,1.8825,2.0,0.0,2.0,0,0.0,0,3.5,3.5,1.5,2,1.0,0,0,2,2.5,2,25.786875,25.786875,1.101,0.0,70,229,70,3,1414210000000000.0,3505.7375,3505.7375,7.1025,9.754538046,7.7,0.6,1.63e-05,1.87e-05,140883.8962,-709.95082,592.4025881,44.88734787,0.000199656,-0.000414428,-0.000414428,-0.290030288,-2.0,2.0,23.25,736.116,-0.059567855,0.213150685,14.20357686,11,0,0,29.43628767
EuSe2,24.80802711,0.5275591,129,16,0.465612089,0.091079946,0.542121609,1.584962501,9.509775004,-0.232773,-0.232773,0.013867885,0.019548974,0.023570226,3.817903364,0.0,89,78.96,6,2.095,2.0,0.0,1.777777778,10,4.444444444,10,2.333333333,3.111111111,3.111111111,2,0.888888889,2,0,2,2.222222222,2,25.92,25.92,0.355111111,0.799,14,229,14,3,17247200000000.0,3350.0,3505.7375,5.013333333,9.53179941,8.3,0.0,1.63e-05,1.87e-05,140883.8962,646.9921645,592.4025881,44.88734787,0.000199656,-0.000401584,-0.000401584,-0.21284606,-1.5,3.0,17.33333333,619.768,-0.081164551,0.189467275,12.62540166,11,0,0,37.28638356
EuSm2S4,0.0,0.0,198,12,0.0,0.0,0.432822067,1.370950594,27.41901189,-0.21776,-0.21776,-0.017288747,0.034044533,0.039600109,0.0,0.0,23,32.065,6,1.736997,2.0,0.0,1.92,0,0.0,0,3.7998,3.03984,1.11984,2,0.96,0,0,2,2.72016,8,25.786875,33.23,1.05696,0.0,70,229,166,3,1224820000000000.0,2130.0,3505.7375,8.0818,8.052669548,7.7,30.3,1.27e-05,2.23e-05,234852.8266,-40.27444655,592.4025881,44.88734787,0.000199656,-0.000414428,0.000120065,-0.336769348,0.0,0.0,21.43867956,2067.249584,-0.117624708,0.204624658,9.15767603,17,0,0,27.43318294
Fe,11.73411131,0.979540761,229,96,0.0,0.0,0.680174762,0.0,0.0,-0.295049,-0.295049,0.023994,0.023994,1.0,4.28,0.0,55,55.845,4,1.83,2.0,0.0,0.0,6,0.0,6,0.0,0.0,0.0,0,0.0,0,4,4,0.0,4,10.73,10.73,0.0,0.0,229,229,229,3,0.0,4910.0,4910.0,80.0,0.0,170.0,0.0,1.18e-05,0.0,123933.6394,-232.0789664,94.0907216,13.20923707,0.000228936,0.000228973,0.000228973,-0.212467599,0.0,0.0,0.0,111.69,0.0,0.0,1e-06,6,0,6,81.52
Fe2NiS4,14.67371537,0.487258387,227,192,0.686158922,0.214571224,0.373978317,1.378783493,77.21187564,-0.261676,-0.261676,0.006889758,0.009933127,0.033407655,0.0,0.056568542,88,32.065,4,2.27,2.0,0.0,1.959183673,8,3.265306122,0,0.0,0.0,1.306122449,2,0.979591837,2,4,2,0.816326531,2,10.32,25.786875,1.078530612,2.202,70,229,70,3,1309310000000000.0,3505.7375,4970.0,35.97428571,54.82272219,7.7,172.3,1.18e-05,4.48e-06,252632.9948,688.7617189,160.0946691,22.34306672,0.000228936,-0.000414428,-0.000414428,0.07840737,-2.0,3.0,5.510204082,2389.1472,-0.823677437,0.247934023,14.24023856,18,0,14,64.2909002
Fe2O3,10.90822228,0.471248496,206,48,0.57475083,0.102492247,0.394828521,1.295461844,103.6369475,-0.295049,-0.295049,0.006385083,0.016932462,0.051425948,4.979091353,0.0,87,15.9994,4,2.796,2.0,0.0,1.92,6,2.88,0,0.0,0.0,0.96,2,0.96,2,4,2,0.96,2,9.105,9.105,0.0,0.0,12,229,12,3,17247200000000.0,317.5,4910.0,32.015948,56.5497476,90.7942029,79.2057971,1.18e-05,4.48e-06,123933.6394,736.7362453,94.0907216,13.20923707,0.000228936,-0.000478495,-0.000478495,0.194021302,-2.0,3.0,14.64,2555.0112,-0.048962798,0.210575342,13.63543379,10,0,6,64.39994521
Fe2P,10.91768791,0.829750495,189,12,0.457578222,0.046488747,0.552651453,1.891061112,17.01955001,-0.295049,-0.295049,0.005640047,0.016901607,0.094280904,4.454259438,0.0,55,30.973762,4,1.95,2.0,0.0,1.333333333,6,2.666666667,6,0.0,0.0,1.333333333,3,1.333333333,0,4,3,0.444444444,4,10.73,10.73,0.722222222,0.0,2,229,229,3,2.76e-09,3505.7375,4910.0,53.412,56.40166529,11.0,159.0,1.18e-05,4.48e-06,123933.6394,-232.0789664,94.0907216,13.20923707,0.000683586,0.000228973,0.000228973,-0.11298467,0.0,0.0,5.111111111,427.991286,-0.61975174,0.137777778,35.11111111,9,0,6,56.73366667
Fe3O4,10.75107656,0.506278012,227,192,0.64730832,0.200559179,0.368045911,1.378783493,77.21187564,-0.295049,-0.295049,0.004376457,0.004376457,0.09183205,4.771708726,0.0,87,15.9994,4,2.75,2.0,0.0,1.959183673,6,2.93877551,0,0.0,0.0,0.979591837,2,0.979591837,2,4,2,0.979591837,2,9.105,9.105,0.0,0.0,12,229,12,3,17247200000000.0,317.5,4910.0,34.30090286,56.5497476,90.7942029,79.2057971,1.18e-05,4.48e-06,123933.6394,736.7362453,94.0907216,13.20923707,0.000228936,-0.000478495,-0.000478495,0.180679137,-2.0,2.666666667,14.93877551,1852.2608,-0.050627921,0.214872798,13.91370795,10,0,6,65.21518591
Fe7S8,13.40406661,0.566835957,144,3,0.532052932,0.087853232,0.437024003,3.906890596,175.8100768,-0.261676,-0.261676,-0.001133478,0.0096323,0.007252377,4.166391248,0.0,88,32.065,4,2.23,2.0,0.0,1.991111111,6,2.986666667,0,0.0,0.0,0.995555556,2,0.995555556,2,4,2,0.995555556,2,10.73,25.786875,1.096106667,2.202,70,229,70,3,1414210000000000.0,3505.7375,4910.0,37.44266667,56.4235856,7.7,162.3,1.18e-05,4.48e-06,123933.6394,688.7617189,94.0907216,13.20923707,0.000228936,-0.000414428,-0.000414428,0.165271002,-2.0,2.285714286,5.475555556,1942.305,-0.611777124,0.218374429,14.14044986,10,0,6,66.30217352
FeCo,11.44137341,0.952684361,221,48,0.551981525,0.132668526,0.680174762,1.0,2.0,-0.295049,-0.295049,0.023994,0.023994,1.0,4.390374125,0.0,55,55.845,4,1.855,2.0,0.0,0.0,7,0.5,6,0.0,0.0,0.5,0,0.0,0,4,3,0.5,3,10.245,10.245,0.0,0.0,194,229,194,3,2.38e-08,4720.0,4910.0,90.0,14.14213562,170.0,10.0,1.18e-05,1.2e-06,147998.5402,-431.2298596,272.9728542,21.8785579,0.000228936,0.000195132,0.000195132,-0.128290987,0.0,0.0,0.0,114.778195,0.0,0.0425,1.0,13,0,13,78.97
FeCr2S4,17.91199178,0.408643091,227,192,0.686195028,0.214317564,0.377025491,1.378783493,77.21187564,-0.197978,-0.150445,0.005567999,0.010370298,0.06681531,4.259173677,0.120208153,88,32.065,4,2.21,1.714285714,0.408163265,1.959183673,6,2.612244898,0,0.0,0.0,0.489795918,2,0.979591837,2,5,2,1.632653061,2,10.73,25.786875,1.078530612,2.202,70,229,70,3,1309310000000000.0,3505.7375,5940.0,38.40285714,58.627451,7.7,162.3,4.9e-06,1.14e-05,205534.1999,688.7617189,94.0907216,14.18289415,0.000228936,-0.000414428,-0.000414428,0.211854308,-2.0,3.0,6.408163265,2304.7776,-0.645583666,0.180587084,14.07697326,16,1,11,75.26661448
FeCr2Se4,19.11178194,0.448224828,12,8,0.566273588,0.100185431,0.445183865,1.950212065,27.30296891,-0.197978,-0.150445,-0.006998758,0.014809238,0.101015254,3.853030843,0.120208153,89,51.9961,4,2.192857143,1.714285714,0.408163265,1.959183673,10,2.285714286,10,0.0,0.0,4.571428571,2,0.979591837,2,5,2,1.632653061,2,10.73,25.92,0.391346939,0.799,14,229,14,3,15967800000000.0,3350.0,5940.0,38.58285714,58.42222082,8.3,161.7,4.9e-06,1.14e-05,205534.1999,646.9921645,94.0907216,14.18289415,0.000228936,-0.000401584,-0.000401584,0.211854308,-2.0,3.0,2.734693878,951.3544,-4.174322792,0.180587084,14.07697326,16,1,11,75.26661448
FeP,11.32298277,0.692522052,62,8,0.501862715,0.072914321,0.510163968,1.0,8.0,-0.20608,-0.20608,-0.008720189,0.008720189,0.0,4.452337447,0.0,55,30.973762,4,2.01,2.0,0.0,1.5,6,3.0,0,0.0,0.0,1.5,3,1.5,0,4,3,0.5,3,10.73,10.73,0.8125,0.0,2,229,2,3,2.76e-09,3505.7375,4910.0,40.118,56.40166529,11.0,159.0,1.18e-05,4.48e-06,123933.6394,-232.0789664,94.0907216,13.20923707,0.000683586,0.000228973,0.000228973,-0.061068839,-3.0,3.0,5.75,347.275048,-0.561347152,0.155,39.5,9,0,6,44.3405
FePt,13.90671377,0.783795345,123,16,0.379024108,0.027302168,0.729364257,1.0,2.0,-0.273634,-0.273634,-0.012624549,0.018037787,0.047140452,5.29199589,0.0,55,55.845,6,2.055,1.5,0.5,0.0,9,1.5,6,7.0,7.0,8.0,0,0.0,0,4,2,1.0,2,10.73,10.73,0.0,0.0,225,229,225,3,6.29e-09,2680.0,4910.0,76.0,5.656854249,170.0,60.0,8.8e-06,3e-06,267657.8464,-232.0789664,94.0907216,17.22255457,0.000228936,0.000105461,0.000105461,-0.226175342,0.0,0.0,3.5,250.929,-2.049213761,0.18,13.0,16,1,15,71.27
FeS2,13.09885912,0.505683244,205,24,0.446860235,0.057919302,0.415258833,0.918295834,11.01955001,-0.261676,-0.261676,0.027326442,0.027326442,0.147313913,4.174143637,0.0,88,32.065,4,2.33,2.0,0.0,1.777777778,6,2.666666667,0,0.0,0.0,0.888888889,2,0.888888889,2,4,2,0.888888889,2,10.73,25.786875,0.978666667,2.202,70,229,70,3,1414210000000000.0,3505.7375,4910.0,26.80333333,56.4235856,7.7,162.3,1.18e-05,4.48e-06,123933.6394,688.7617189,94.0907216,13.20923707,0.000228936,-0.000414428,-0.000414428,0.219427153,-1.5,3.0,4.888888889,479.9,-0.598961249,0.194977169,12.62540166,10,0,6,62.49771689
FeTe2,21.13992378,0.543712477,58,8,0.401500837,0.064776846,0.411733218,0.918295834,5.509775004,-0.226594,-0.226594,0.001955749,0.015189558,0.0,3.348661743,0.0,90,55.845,5,2.01,2.0,0.0,1.777777778,10,1.777777778,10,0.0,0.0,3.555555556,2,0.888888889,2,4,2,0.888888889,2,10.73,34.76333333,0.206222222,0.464,152,229,152,3,7.06e-05,2610.0,4910.0,28.66666667,54.44722215,65.0,105.0,1.18e-05,4.48e-06,123933.6394,424.94949,94.0907216,13.62195759,0.000228936,-0.000893918,-0.000893918,0.219427153,-1.5,3.0,3.333333333,622.09,-1.928926271,0.194977169,12.62540166,10,0,6,62.49771689
Ga,19.17560526,0.479920814,64,16,0.0,0.0,0.420702857,0.0,0.0,-0.101634,-0.101634,0.023994,0.023994,1.0,2.81,0.0,74,69.723,4,1.81,2.0,0.0,0.0,10,0.0,10,0.0,0.0,0.0,0,0.0,5,0,5,0.0,5,18.8575,18.8575,0.0,0.0,64,64,64,2,0.0,2740.0,2740.0,29.0,0.0,90.7942029,0.0,0.00012,0.0,161461.5099,220.1095337,-39.61564416,20.63066982,0.000173757,0.000173691,0.000173691,-0.025910683,0.0,0.0,0.0,557.784,0.0,0.0,1e-06,1,0,0,37.47
Ga2CuO4,10.67701725,0.432580063,227,192,0.686921279,0.214047461,0.390442796,1.378783493,77.21187564,-0.202272,-0.202272,-0.016749674,0.0208706,0.024296477,4.620866144,0.06363961,87,15.9994,4,2.754285714,1.857142857,0.244897959,1.632653061,10,4.897959184,0,0.0,0.0,3.102040816,5,1.387755102,2,0,1,1.306122449,2,9.105,9.105,0.0,0.0,12,225,12,3,15967800000000.0,317.5,3570.0,65.44376,181.453715,90.7942029,49.2057971,1.63e-05,0.000103724,245774.7901,736.7362453,361.6966514,25.65267379,0.000173757,-0.000478495,-0.000478495,-0.252033098,-2.0,3.0,16.81632653,2135.9168,-0.061367607,0.054464635,13.75044264,6,1,0,47.4309002
Gd2O3,15.77272146,0.653944028,206,48,0.582794788,0.110370642,0.401198253,1.295461844,103.6369475,-0.338381,-0.338381,-0.025561813,0.032132867,0.0,7.111411792,0.0,87,15.9994,6,2.544,2.0,0.0,1.92,1,0.48,0,2.8,3.36,1.92,2,0.96,2,9,2,6.72,2,9.105,9.105,0.0,0.0,12,194,12,3,17247200000000.0,317.5,2680.0,4.415948,7.759379695,38.0,52.7942029,9.4e-06,6.88e-06,177291.5435,736.7362453,-422.8301557,6.781106785,0.00015798,-0.000478495,-0.000478495,-0.238192347,-2.0,3.0,26.88,5799.9712,-0.022001035,0.204624658,13.63543379,12,0,1,40.69994521
GdClO,17.40640763,0.565358727,129,16,0.470668135,0.136799438,0.529589042,1.584962501,9.509775004,-0.338381,-0.338381,-0.016856488,0.031491781,0.040824829,5.98697636,0.0,27,15.9994,6,2.6,2.0,0.0,2.0,1,0.444444444,0,2.333333333,3.111111111,1.555555556,2,0.666666667,0,9,1,6.444444444,1,9.105,9.105,1.108,0.0,12,194,12,3,14082300000000.0,206.0,2680.0,3.678493333,6.34061693,1.1,89.6942029,9.4e-06,6.88e-06,177291.5435,84.93643299,-422.8301557,6.781106785,0.00015798,-0.000568144,-0.000568144,-0.25902691,-2.0,3.0,24.88888889,417.4048,-0.067125083,0.189467275,18.93810249,17,0,1,42.74771689
Ge,22.84410456,0.358133139,227,192,0.0,0.0,0.340087381,0.0,0.0,-0.149882,-0.149882,0.023994,0.023994,1.0,3.85,0.0,79,72.64,4,2.01,2.0,0.0,0.0,10,0.0,10,0.0,0.0,0.0,0,0.0,4,0,4,0.0,4,23.005,23.005,0.0,0.383,225,225,225,2,0.0,5400.0,5400.0,60.0,0.0,90.7942029,0.0,6e-06,0.0,112438.0625,239.5751635,-114.8107851,20.35038171,0.00024795,0.000247867,0.000247867,-0.025910683,0.0,0.0,0.0,581.12,0.0,0.0,1e-06,2,0,0,39.24
GeSe,24.85448015,0.292741129,62,8,0.538503711,0.086731921,0.351989091,1.0,8.0,-0.245806,-0.149882,-0.011353778,0.018224866,0.0,3.606703091,0.0,79,72.64,4,2.28,2.0,0.0,1.0,10,0.0,10,0.0,0.0,1.0,2,1.0,2,0,2,1.0,2,23.005,23.005,0.208,0.383,14,225,14,2,17247200000000.0,3350.0,5400.0,30.26,42.05871134,8.3,82.4942029,6e-06,1.03e-05,112438.0625,239.5751635,-114.8107851,20.35038171,0.00024795,-0.000401584,-0.000401584,-0.349202057,-2.0,2.0,1.0,606.4,-19.38614552,0.124349315,14.20357686,6,0,0,46.11328767
GeTe,27.954482,0.351916219,160,18,0.885751803,0.644926504,0.416806931,1.0,6.0,-0.226594,-0.149882,-0.008823625,0.008823625,0.0,3.055467995,0.0,79,72.64,5,2.055,2.0,0.0,1.0,10,0.0,10,0.0,0.0,1.0,2,1.0,2,0,2,1.0,2,23.005,23.005,0.0405,0.383,152,225,152,2,0.000282843,2610.0,5400.0,31.5,40.30508653,65.0,25.7942029,6e-06,1.03e-05,112438.0625,239.5751635,-114.8107851,20.35038171,0.00024795,-0.000893918,-0.000893918,-0.349202057,-2.0,2.0,6.5,600.72,-0.549991805,0.124349315,14.20357686,6,0,0,46.11328767
HfS2,23.1572239,0.345120694,164,12,0.345120087,0.071369937,0.371151438,0.918295834,2.754887502,-0.261676,-0.166465,-0.029878581,0.029878581,0.049621529,5.853661835,0.0,88,32.065,6,2.153333333,2.0,0.0,1.777777778,2,0.888888889,0,4.666666667,6.222222222,5.333333333,2,0.888888889,2,8,2,2.666666667,2,22.2,25.786875,0.978666667,2.202,70,194,70,3,1414210000000000.0,3010.0,3505.7375,7.803333333,16.11849908,7.7,102.3,5.9e-06,1.04e-05,197540.2814,688.7617189,-39.59749363,19.45820627,0.000143604,-0.000414428,-0.000414428,-0.334092358,-2.0,4.0,12.22222222,242.62,-0.11589521,0.100578387,12.62540166,6,0,2,52.98105023
HfSe3,24.3265522,0.356713209,11,4,0.384149267,0.07414058,0.353990063,2.0,16.0,-0.245806,-0.245806,0.013297812,0.018857306,0.03928371,4.624647978,0.0,89,78.96,6,2.2375,2.0,0.0,1.5,10,3.0,10,3.5,5.25,0.75,2,0.75,2,8,2,2.25,2,22.2,25.92,0.299625,0.799,14,194,14,3,17247200000000.0,3010.0,3350.0,6.14,15.89576044,8.3,101.7,5.9e-06,1.04e-05,197540.2814,646.9921645,-39.59749363,19.45820627,0.000143604,-0.000401584,-0.000401584,-0.276817429,-1.333333333,4.0,7.5,830.74,-0.255331227,0.084863014,10.65268265,6,0,2,52.98243151
HgS,26.18914378,0.349876981,216,96,0.660958306,0.173874497,0.340087381,1.0,8.0,-0.261676,-0.205137,0.009295829,0.009295829,0.041594517,2.13553993,0.0,71,32.065,6,2.29,2.0,0.0,2.0,10,5.0,0,7.0,7.0,10.0,2,1.0,0,0,0,1.0,0,25.23758621,25.23758621,1.101,0.0,70,166,70,3,1414210000000000.0,1407.0,3505.7375,4.2525,5.724029394,7.7,17.3,1.63e-05,0.0,227041.6426,160.6572712,-10.09454677,17.95032057,0.000123871,-0.000414428,-0.000414428,0.055826302,-2.0,2.0,12.25,930.62,-0.156071528,0.036849315,14.20357686,4,0,0,31.49828767
HgSe,29.68520435,0.345421123,216,96,0.660958306,0.173874497,0.340087381,1.0,8.0,-0.245806,-0.205137,-0.001413893,0.009945472,0.088388348,1.801920713,0.0,71,78.96,6,2.275,2.0,0.0,2.0,10,0.0,10,7.0,7.0,5.0,2,1.0,0,0,0,1.0,0,25.23758621,25.23758621,0.3995,0.0,14,166,14,3,17247200000000.0,1407.0,3350.0,4.41,5.501290758,8.3,16.7,1.63e-05,0.0,227041.6426,160.6572712,-10.09454677,17.95032057,0.000123871,-0.000401584,-0.000401584,0.055826302,-2.0,2.0,8.5,1118.2,-0.363416947,0.036849315,14.20357686,4,0,0,31.49828767
HgTe,35.6107761,0.359879931,216,96,0.660958306,0.173874497,0.340087381,1.0,8.0,-0.226594,-0.205137,-0.011911427,0.011911427,0.047140452,1.620136609,0.0,71,127.6,6,2.05,2.0,0.0,2.0,10,0.0,10,7.0,7.0,5.0,2,1.0,0,0,0,1.0,0,25.23758621,25.23758621,0.232,0.0,152,166,152,3,7e-05,1407.0,2610.0,5.65,3.74766594,25.0,40.0,1.63e-05,0.0,227041.6426,160.6572712,-10.09454677,17.95032057,0.000123871,-0.000893918,-0.000893918,0.055826302,-2.0,2.0,3.0,1312.76,-3.412233104,0.036849315,14.20357686,4,0,0,31.49828767
Ho2O3,14.5699,0.65357938,206,48,0.581359695,0.108863148,0.4000808,1.295461844,103.6369475,-0.272677,-0.272677,-0.027082696,0.035235862,0.0,6.843559445,0.0,87,15.9994,6,2.556,2.0,0.0,1.92,0,0.0,0,4.4,5.28,3.36,2,0.96,2,0,2,0.48,2,9.105,9.105,0.0,0.0,12,194,12,3,17247200000000.0,317.5,2760.0,6.415948,11.2949136,40.0,50.7942029,1.12e-05,5.08e-06,195209.3428,736.7362453,-61.35702158,16.45573763,0.000144597,-0.000478495,-0.000478495,-0.051695764,-2.0,3.0,27.12,6045.74144,-0.021772573,0.199824658,13.63543379,15,0,0,42.46394521
In,26.48493214,0.588958697,139,32,0.0,0.0,0.684606374,0.0,0.0,-0.101782,-0.101782,0.023994,0.023994,1.0,2.52,0.0,75,114.818,5,1.78,2.0,0.0,0.0,10,0.0,10,0.0,0.0,0.0,0,0.0,5,0,5,0.0,5,24.26,24.26,0.0,0.0,139,139,139,2,0.0,1215.0,1215.0,82.0,0.0,90.7942029,0.0,3.21e-05,0.0,205785.0644,83.25610532,45.19519666,12.52890978,0.000136286,0.000136235,0.000136235,-0.025910683,0.0,0.0,0.0,229.636,0.0,0.0,1e-06,1,0,0,3.728
In2O3,13.17449292,0.514803849,206,48,0.578632006,0.106526859,0.392288648,1.295461844,103.6369475,-0.338381,-0.290497,0.018517929,0.020888819,0.035355339,4.562067388,0.0,87,15.9994,5,2.776,2.0,0.0,1.44,10,4.8,0,0.0,0.0,3.36,3,1.44,2,0,2,1.44,2,9.105,9.105,0.0,0.0,12,139,12,2,17247200000000.0,317.5,1215.0,32.815948,57.96396116,90.7942029,0.0,1.63e-05,1.58e-05,205785.0644,736.7362453,45.19519666,12.52890978,0.000136286,-0.000478495,-0.000478495,-0.328813623,-2.0,3.0,21.84,4442.1472,-0.028379583,0.036624658,13.63543379,5,0,0,33.28314521
In2S3,24.04971027,0.363941456,141,32,0.556818502,0.090414659,0.347349664,2.521928095,201.7542476,-0.261676,-0.261676,0.025108375,0.025108375,0.062853936,3.461551955,0.0,88,32.065,5,2.26,2.0,0.0,1.44,10,4.8,0,0.0,0.0,3.36,3,1.44,2,0,2,1.44,2,24.26,25.786875,1.05696,2.202,70,139,70,2,1414210000000000.0,1215.0,3505.7375,32.923,57.83779917,7.7,83.0942029,1.63e-05,1.58e-05,205785.0644,688.7617189,45.19519666,12.52890978,0.000136286,-0.000414428,-0.000414428,-0.328813623,-2.0,3.0,12.48,5213.296,-0.132146594,0.036624658,13.63543379,5,0,0,33.28314521
InAs,23.82084967,0.461132951,225,192,1.0,1.0,0.523598776,1.0,8.0,-0.197497,-0.197497,-0.005010681,0.032731971,0.12478355,3.128509806,0.0,75,74.9216,5,1.98,2.0,0.0,1.0,10,0.0,10,0.0,0.0,1.0,2,1.0,3,0,3,1.0,3,22.175,22.175,0.0,0.0,139,166,139,2,1.76e-07,1215.0,3505.7375,66.0,22.627417,22.0,68.7942029,1.63e-05,1.58e-05,205785.0644,83.25610532,45.19519666,13.63361616,0.000136286,-0.004668149,-0.004668149,-0.046257985,-3.0,3.0,10.0,758.9584,-0.262568744,0.225,3.0,4,0,0,9.174
InN,15.64688393,0.535214478,186,12,0.789987378,0.383933634,0.339130715,1.0,4.0,-0.266297,-0.266297,0.011475742,0.01665371,0.111648439,3.837700667,0.0,75,14.0067,5,2.41,2.0,0.0,1.0,10,5.0,0,0.0,0.0,4.0,2,1.0,3,0,3,1.0,3,14.76875,14.76875,3.2185,0.0,139,194,139,2,17247200000000.0,333.6,1215.0,41.012915,57.96449149,90.7942029,0.0,1.63e-05,1.58e-05,205785.0644,83.25610532,45.19519666,12.52890978,0.000136286,-0.000737103,-0.000737103,0.334676326,-3.0,3.0,20.75,257.6494,-0.043105334,0.74,98.0,4,0,0,1.864
InP,25.72400805,0.384608054,216,96,0.660958306,0.173874497,0.340087381,1.0,8.0,-0.20608,-0.20608,0.006319721,0.012785892,0.064282435,3.333273599,0.0,75,30.973762,5,1.985,2.0,0.0,1.0,10,5.0,0,0.0,0.0,4.0,2,1.0,3,0,3,1.0,3,22.5702381,22.5702381,0.8125,0.0,2,139,2,2,1.15e-08,1215.0,3505.7375,41.118,57.81587886,11.0,79.7942029,1.63e-05,1.58e-05,205785.0644,83.25610532,45.19519666,12.52890978,0.000683586,0.000136235,0.000136235,-0.052048462,-1.0,1.0,13.25,583.167048,-0.135503336,0.4125,10.5,4,0,0,5.4445
InSb-2,36.48240804,0.388798097,216,96,0.660958306,0.173874497,0.340087381,1.0,8.0,-0.185623,-0.185623,0.023994,0.023994,1.0,2.873021675,0.0,75,114.818,5,1.915,2.0,0.0,1.0,10,0.0,10,0.0,0.0,1.0,2,1.0,3,0,3,1.0,3,24.26,24.26,0.0,0.0,139,166,139,2,2.36e-07,1215.0,3420.0,53.0,41.01219331,42.0,48.7942029,1.1e-05,2.11e-05,205785.0644,83.25610532,45.19519666,17.95677256,0.001005039,0.000136235,0.000136235,-0.073395222,-3.0,3.0,0.0,946.312,0.0,0.125,4.0,4,0,0,11.869
InSb,35.23676543,0.402542363,186,12,0.769567893,0.342124193,0.339277243,1.0,4.0,-0.185623,-0.185623,0.023994,0.023994,1.0,2.873021675,0.0,75,114.818,5,1.915,2.0,0.0,1.0,10,0.0,10,0.0,0.0,1.0,2,1.0,3,0,3,1.0,3,24.26,24.26,0.0,0.0,139,166,139,2,2.36e-07,1215.0,3420.0,53.0,41.01219331,42.0,48.7942029,1.1e-05,2.11e-05,205785.0644,83.25610532,45.19519666,17.95677256,0.001005039,0.000136235,0.000136235,-0.073395222,-3.0,3.0,0.0,946.312,0.0,0.125,4.0,4,0,0,11.869
K2CuBr3,29.97234401,0.659621137,62,8,0.636647042,0.222670726,0.381986773,2.584962501,62.03910002,-0.202272,-0.172056,0.002672227,0.005907371,0.044728241,3.024074014,0.763675324,95,39.0983,4,2.07,1.5,0.5,2.5,10,4.444444444,10,0.0,0.0,6.444444444,1,0.5,1,0,1,0.0,1,11.07,29.48,0.7285,1.457,64,229,64,3,49888967627.0,2000.0,3570.0,100.06,180.8525428,1.9,138.1,1.63e-05,2.24e-07,245774.7901,799.3423707,361.6966514,25.65267379,0.000807487,-0.000469544,-0.000469544,0.619089173,-1.0,1.0,20.79149086,1525.8184,-0.157016959,0.455772451,8.648021309,7,2,0,34.43995434
K2CuCl3,25.66298856,0.727876005,62,8,0.640279861,0.225184556,0.38319573,2.584962501,62.03910002,-0.202272,-0.172056,0.002672227,0.005907371,0.044728241,3.3317241,0.763675324,94,35.453,4,2.17,1.5,0.5,2.5,10,2.777777778,0,0.0,0.0,3.111111111,1,0.5,1,0,1,0.0,1,11.07,24.4975,1.2465,2.493,64,229,64,3,6.396021456,206.0,3570.0,100.00445,180.9027816,1.1,138.9,1.63e-05,2.24e-07,245774.7901,778.0546601,361.6966514,25.65267379,0.000807487,-0.000568144,-0.000568144,0.619089173,-1.0,1.0,20.79149086,992.4064,-0.157016959,0.455772451,8.648021309,7,2,0,34.43995434
La2O3,18.32619194,0.70754522,206,48,0.587005921,0.114814219,0.402278985,1.295461844,103.6369475,-0.338381,-0.141085,0.048373635,0.051863603,0.082495791,7.22392892,0.0,87,15.9994,6,2.504,2.0,0.0,1.92,1,0.48,0,0.0,0.0,1.44,2,0.96,2,9,2,3.36,2,9.105,9.105,0.0,0.0,12,194,12,3,17247200000000.0,317.5,2475.0,5.215948,9.173593257,28.0,62.7942029,1.21e-05,4.18e-06,135075.0225,736.7362453,-127.17393,10.97609414,0.000209295,-0.000478495,-0.000478495,-0.198850937,-2.0,3.0,29.52,5212.94624,-0.019747131,0.211824658,13.63543379,5,0,1,37.75594521
La2S3,0.0,0.0,220,48,0.0,0.0,0.556775273,0.985228136,27.58638781,-0.141085,-0.141085,0.033809373,0.036150211,0.180414869,0.0,0.0,88,32.065,6,1.987556222,2.0,0.0,1.920479041,1,0.48011976,0,0.0,0.0,1.440359281,2,0.96023952,2,9,2,3.360838321,2,25.786875,25.786875,1.057223712,2.202,70,194,70,3,1414210000000000.0,2475.0,3505.7375,5.326836582,9.047431265,7.7,20.3,1.21e-05,4.18e-06,135075.0225,688.7617189,-127.17393,10.97609414,0.000209295,-0.000414428,-0.000414428,-0.198796288,0.0,0.0,20.16502993,1996.55042,-0.061672893,0.211877508,13.63883584,5,0,1,37.74452794
LaBrO,21.68822433,0.589179335,129,16,0.490022933,0.169458596,0.509605835,1.584962501,9.509775004,-0.295334,-0.141085,-0.020783394,0.040895289,0.040824829,5.997192013,0.0,13,15.9994,6,2.5,2.0,0.0,2.0,10,4.222222222,0,0.0,0.0,5.555555556,2,0.666666667,0,9,1,3.333333333,1,9.105,9.105,0.647555556,0.0,12,194,12,3,14059800000000.0,317.5,3505.7375,4.382193333,7.463385668,1.9,88.8942029,1.21e-05,4.18e-06,135075.0225,15.50311674,-127.17393,10.97609414,0.000209295,-0.000478495,-0.000478495,-0.25569636,-2.0,3.0,27.33333333,469.61774,-0.061605269,0.196133942,18.93810249,10,0,1,40.29438356
LaClO,19.54793155,0.616483378,129,16,0.463511248,0.131118367,0.52443349,1.584962501,9.509775004,-0.32038,-0.141085,-0.020783394,0.040895289,0.040824829,6.223245595,0.0,13,15.9994,6,2.566666667,2.0,0.0,2.0,1,0.444444444,0,0.0,0.0,1.555555556,2,0.666666667,0,9,1,3.333333333,1,9.105,9.105,1.108,0.0,12,194,12,3,14082300000000.0,206.0,2475.0,4.34516,7.495316519,1.1,89.6942029,1.21e-05,4.18e-06,135075.0225,15.50311674,-127.17393,10.97609414,0.000209295,-0.000568144,-0.000568144,-0.25569636,-2.0,3.0,27.33333333,380.71574,-0.061605269,0.196133942,18.93810249,10,0,1,40.29438356
LaF3,13.59021914,0.600250661,165,12,0.274244051,0.023395604,0.557038558,1.729573959,41.509775,-0.415606,-0.141085,-0.02790717,0.02790717,0.103986291,6.237367451,0.0,93,18.9984032,6,3.26,2.0,0.0,1.875,1,0.375,0,0.0,0.0,1.5,1,0.375,1,9,1,3.0,1,9.7075,9.7075,0.73875,1.97,15,194,15,3,17247200000000.0,2475.0,3505.7375,3.270775,9.172801298,28.0,62.7942029,1.21e-05,4.18e-06,135075.0225,846.8504535,-127.17393,10.97609414,0.000209295,-0.000605728,-0.000605728,-0.20010405,-1.0,3.0,6.21835443,1175.404078,-0.595887163,0.165488014,10.65268265,6,0,1,43.46743151
LaOF,15.98602357,0.67741952,216,96,0.666666667,0.138522035,0.510131071,1.584962501,19.01955001,-0.338381,-0.141085,-0.020783394,0.040895289,0.040824829,6.893133472,0.0,13,15.9994,6,2.84,2.0,0.0,2.0,1,0.444444444,0,0.0,0.0,1.555555556,2,0.666666667,0,9,1,3.333333333,1,9.105,9.105,0.875555556,0.0,12,194,12,3,14082300000000.0,317.5,3505.7375,4.351426667,7.489884234,28.0,62.7942029,1.21e-05,4.18e-06,135075.0225,15.50311674,-127.17393,10.97609414,0.000209295,-0.000605728,-0.000605728,-0.25569636,-2.0,3.0,27.33333333,695.6130928,-0.061605269,0.196133942,18.93810249,10,0,1,40.29438356
LaS2,23.30211122,0.564139672,14,4,0.453398512,0.097280999,0.434473167,1.584962501,19.01955001,-0.261676,-0.261676,-0.011935446,0.011935446,0.085709913,5.532144765,0.0,88,32.065,6,2.086666667,2.0,0.0,1.777777778,1,0.444444444,0,0.0,0.0,1.333333333,2,0.888888889,2,9,2,3.111111111,2,25.786875,25.786875,0.978666667,2.202,70,194,70,3,1414210000000000.0,2475.0,3505.7375,4.47,9.047431265,7.7,20.3,1.21e-05,4.18e-06,135075.0225,688.7617189,-127.17393,10.97609414,0.000209295,-0.000414428,-0.000414428,-0.205148477,-1.5,3.0,18.66666667,812.14188,-0.057918143,0.196133942,12.62540166,5,0,1,40.29438356
LaSe2,26.30612576,0.555011518,14,4,0.448481339,0.089834879,0.470999469,1.584962501,19.01955001,-0.245806,-0.245806,0.034022078,0.034022078,0.047140452,5.155149988,0.0,89,78.96,6,2.066666667,2.0,0.0,1.777777778,10,4.0,10,0.0,0.0,5.777777778,2,0.888888889,2,9,2,3.111111111,2,25.92,25.92,0.355111111,0.799,14,194,14,3,17247200000000.0,2475.0,3350.0,4.68,8.824692629,8.3,19.7,1.21e-05,4.18e-06,135075.0225,646.9921645,-127.17393,10.97609414,0.000209295,-0.000401584,-0.000401584,-0.205148477,-1.25,2.5,15.33333333,1187.30188,-0.099442184,0.196133942,12.62540166,5,0,1,40.29438356
MgF2,10.81965165,0.467802014,136,16,0.366427653,0.069666485,0.374011887,0.918295834,5.509775004,-0.415606,-0.175427,0.000495138,0.014114234,0.033671751,4.880618088,0.0,93,18.9984032,3,3.09,2.0,0.0,2.222222222,0,0.0,0,0.0,0.0,2.222222222,1,0.444444444,1,0,0,0.444444444,1,9.7075,9.7075,0.875555556,1.97,15,194,15,2,17247200000000.0,3505.7375,4602.0,53.3518,113.1174981,45.0,45.7942029,8.2e-06,8.08e-06,198823.3252,846.8504535,-56.0521824,16.49091304,0.000141288,-0.000605728,-0.000605728,0.075001336,-1.0,2.0,1.369901547,124.6036128,-15.22877706,0.13391172,12.62540166,5,0,0,41.11105023
Mn3O4,11.36989719,0.478723209,141,32,0.654959628,0.210154779,0.352568057,1.378783493,38.60593782,-0.26654,-0.26654,-0.023644083,0.023644083,0.101015254,4.787552098,0.0,87,15.9994,4,2.63,2.0,0.0,1.959183673,5,2.448979592,0,0.0,0.0,0.489795918,2,0.979591837,2,5,2,1.469387755,2,9.105,9.105,0.0,0.0,12,217,12,3,17247200000000.0,317.5,5150.0,3.358045714,5.496637995,90.7942029,29.2057971,1.63e-05,5.42e-06,154367.6018,736.7362453,435.9231652,17.63882657,0.000183929,-0.000478495,-0.000478495,0.124390668,-2.0,2.666666667,16.65306122,915.24694,-0.043497912,0.097321778,13.91370795,9,0,5,63.07232877
MnFe2O4,10.81992527,0.503056494,227,192,0.686201453,0.214296278,0.377331052,1.378783493,77.21187564,-0.295049,-0.295049,-0.005000329,0.008079036,0.024296477,4.961831344,0.197989899,87,15.9994,4,2.71,2.0,0.0,1.959183673,6,2.775510204,0,0.0,0.0,0.816326531,2,0.979591837,2,5,2,1.142857143,2,9.105,9.105,0.0,0.0,12,229,12,3,15967800000000.0,317.5,5150.0,23.98661714,46.99292024,90.7942029,79.2057971,1.18e-05,9.9e-06,154367.6018,736.7362453,435.9231652,17.63882657,0.000228936,-0.000478495,-0.000478495,0.137041897,-2.0,3.0,15.79591837,1845.00516,-0.066875749,0.195280962,13.91370795,15,0,11,64.5009002
MnO,10.99892596,0.563637716,225,192,1.0,1.0,0.523598776,1.0,8.0,-0.26654,-0.26654,0.018412581,0.037545763,0.0,4.792569766,0.0,52,15.9994,4,2.495,2.0,0.0,2.0,5,2.5,0,0.0,0.0,0.5,2,1.0,0,5,2,1.5,2,9.105,9.105,0.0,0.0,12,217,12,3,17247200000000.0,317.5,5150.0,3.91329,5.496637995,90.7942029,29.2057971,1.63e-05,5.42e-06,154367.6018,-543.4082238,435.9231652,17.63882657,0.000183929,-0.000478495,-0.000478495,0.128443296,-2.0,2.0,17.0,283.74978,-0.047877316,0.099349315,14.20357686,9,0,5,64.75328767
MnS-2,63.32863532,0.123821005,221,48,0.551981525,0.132668526,0.680174762,1.0,2.0,-0.261676,-0.261676,-0.001071982,0.007378042,0.088388348,4.025358734,0.0,52,32.065,4,2.065,2.0,0.0,2.0,5,2.5,0,0.0,0.0,0.5,2,1.0,0,5,2,1.5,2,10.48758621,10.48758621,1.101,0.0,70,217,70,3,1414210000000000.0,3505.7375,5150.0,4.0025,5.370476003,7.7,112.3,1.63e-05,5.42e-06,154367.6018,-543.4082238,435.9231652,17.63882657,0.000183929,-0.000414428,-0.000414428,0.128443296,-2.0,2.0,7.25,87.003045,-0.378420983,0.099349315,14.20357686,9,0,5,64.75328767
MnS,21.46413929,0.365326331,186,12,0.782037453,0.366948035,0.322193677,1.0,4.0,-0.261676,-0.261676,-0.001071982,0.007378042,0.088388348,4.025358734,0.0,52,32.065,4,2.065,2.0,0.0,2.0,5,2.5,0,0.0,0.0,0.5,2,1.0,0,5,2,1.5,2,10.48758621,10.48758621,1.101,0.0,70,217,70,3,1414210000000000.0,3505.7375,5150.0,4.0025,5.370476003,7.7,112.3,1.63e-05,5.42e-06,154367.6018,-543.4082238,435.9231652,17.63882657,0.000183929,-0.000414428,-0.000414428,0.128443296,-2.0,2.0,7.25,87.003045,-0.378420983,0.099349315,14.20357686,9,0,5,64.75328767
MoS2,19.67753161,0.358236513,194,24,0.149711156,0.107744407,0.375860407,0.918295834,5.509775004,-0.153347,-0.153347,0.002227662,0.01184572,0.0,5.139475879,0.0,88,32.065,5,2.44,1.666666667,0.444444444,1.777777778,5,2.222222222,0,0.0,0.0,0.0,2,0.888888889,2,5,2,1.777777778,2,15.69,25.786875,0.978666667,2.202,70,229,70,3,1414210000000000.0,3505.7375,6190.0,46.47,98.14288569,7.7,222.3,4.8e-06,1.15e-05,239669.3653,688.7617189,75.98425728,16.31860796,0.000119014,-0.000414428,-0.000414428,0.123080801,-2.0,4.0,8.0,320.14,-0.243008401,0.132754947,12.62540166,10,1,5,73.92438356
MoSe2,21.57546432,0.394140659,194,24,0.131885425,0.094981443,0.394674496,0.918295834,5.509775004,-0.153347,-0.153347,-0.023898071,0.023898071,0.029462783,4.663270176,0.0,89,78.96,5,2.42,1.666666667,0.444444444,1.777777778,10,2.222222222,10,0.0,0.0,4.444444444,2,0.888888889,2,5,2,1.777777778,2,15.69,25.92,0.355111111,0.799,14,229,14,3,17247200000000.0,3350.0,6190.0,46.68,97.92014706,8.3,221.7,4.8e-06,1.15e-05,239669.3653,646.9921645,75.98425728,16.31860796,0.000119014,-0.000401584,-0.000401584,0.123080801,-2.0,4.0,4.666666667,507.72,-0.843746619,0.132754947,12.62540166,10,1,5,73.92438356
NaCeS2,0.0,0.0,225,192,0.0,0.0,0.523598776,1.0,8.0,-0.337442,-0.337442,0.008726855,0.020250646,0.049232334,4.868375314,0.134350288,88,22.98976928,6,1.8025,1.75,0.375,2.0,1,0.375,0,0.25,0.375,1.75,2,1.0,2,9,1,7.625,2,25.786875,25.786875,1.101,2.202,70,229,70,3,1264910000000000.0,2100.0,3505.7375,37.8525,74.80598111,6.3,15.7,6.3e-06,6.47e-05,48811.60795,688.7617189,298.8756203,36.29955887,0.00214638,-0.000414428,-0.000414428,0.316963943,-2.0,3.0,19.625,454.4715386,-0.114559596,0.308150685,7.953576865,7,1,1,30.34428767
NaCeSe2,27.68221774,0.575207941,166,36,0.938776925,0.795693291,0.512019859,1.5,18.0,-0.337442,-0.337442,-0.008067704,0.016719343,0.068041382,4.453078622,0.134350288,89,22.98976928,6,1.7875,1.75,0.375,2.0,10,4.75,10,0.25,0.375,6.75,2,1.0,2,9,1,7.625,2,25.92,25.92,0.3995,0.799,14,229,14,3,15426300000000.0,2100.0,3350.0,38.01,74.67931548,6.3,15.7,6.3e-06,6.47e-05,48811.60795,646.9921645,298.8756203,36.29955887,0.00214638,-0.000401584,-0.000401584,0.316963943,-2.0,3.0,15.875,963.0773078,-0.194611827,0.308150685,7.953576865,7,1,1,30.34428767
NaLaS2,0.0,0.0,225,192,0.0,0.0,0.523598776,1.0,8.0,-0.261676,-0.141085,0.006899611,0.009128748,0.032230128,4.945545548,0.120208153,88,22.98976928,6,1.7975,1.75,0.375,2.0,1,0.375,0,0.0,0.0,2.0,2,1.0,2,9,1,2.75,2,25.786875,25.786875,1.101,2.202,70,229,70,3,1264910000000000.0,2475.0,3505.7375,38.3525,74.52630952,6.3,21.7,1.21e-05,5.89e-05,135075.0225,688.7617189,-127.17393,13.37962164,0.000575763,-0.000414428,-0.000414428,0.324905812,-2.0,3.0,20.5625,452.0504786,-0.109080064,0.308775685,8.203576865,6,1,1,31.07928767
NaLaSe2,28.46436253,0.599254882,166,36,0.931018318,0.772925582,0.514927692,1.5,18.0,-0.245806,-0.141085,-0.009585955,0.01412933,0.03928371,4.604555695,0.120208153,89,22.98976928,6,1.7825,1.75,0.375,2.0,10,4.75,10,0.0,0.0,7.0,2,1.0,2,9,1,2.75,2,25.92,25.92,0.3995,0.799,14,229,14,3,15426300000000.0,2475.0,3350.0,38.51,74.39747415,6.3,21.7,1.21e-05,5.89e-05,135075.0225,646.9921645,-127.17393,13.37962164,0.000575763,-0.000401584,-0.000401584,0.324905812,-2.0,3.0,16.8125,959.4457178,-0.182115007,0.308775685,8.203576865,6,1,1,31.07928767
NaNdS2,0.0,0.0,225,192,0.0,0.0,0.523598776,1.0,8.0,-0.179508,-0.179508,0.008726855,0.020250646,0.049232334,4.623145253,0.148492424,88,22.98976928,6,1.8075,1.75,0.375,2.0,0,0.0,0,1.0,1.5,1.875,2,1.0,2,0,1,3.125,2,25.786875,25.786875,1.101,2.202,70,229,70,3,1264910000000000.0,2330.0,3505.7375,39.3525,74.01245037,6.3,25.7,9.6e-06,6.14e-05,201807.1674,688.7617189,5.977475414,17.17379904,0.000575763,-0.000414428,-0.000414428,0.260232237,-2.0,3.0,19.625,462.7235386,-0.114559596,0.307525685,7.703576865,9,1,0,30.98178767
NaTbS2,22.71877831,0.608042185,166,36,0.907301098,0.701435609,0.504412097,1.5,18.0,-0.256311,-0.256311,0.010850978,0.022594909,0.049232334,4.847693001,0.120208153,88,22.98976928,6,1.825,1.75,0.375,2.0,0,0.0,0,2.25,3.375,2.5,2,1.0,2,0,1,1.25,2,25.786875,25.786875,1.101,2.202,70,229,70,3,1264910000000000.0,2620.0,3505.7375,37.8525,74.80598111,6.3,32.4,1.03e-05,6.07e-05,179302.184,688.7617189,19.59879916,21.66881116,0.000575763,-0.000414428,-0.000414428,0.235966439,-2.0,3.0,19.0,738.1353578,-0.121171261,0.306275685,6.953576865,14,1,0,33.06678767
NbS2-2,20.83697274,0.338302997,160,18,0.126630083,0.083449953,0.390651254,1.584962501,14.26466251,-0.144272,-0.144272,-0.004076057,0.006159996,0.0,5.771873873,0.0,88,32.065,5,2.253333333,1.666666667,0.444444444,1.777777778,4,1.777777778,0,0.0,0.0,0.444444444,2,0.888888889,2,6,2,2.222222222,2,18.18,25.786875,0.978666667,2.202,70,229,70,3,1414210000000000.0,3480.0,3505.7375,18.13666667,38.03880929,7.7,162.3,7.3e-06,8.98e-06,227165.5045,688.7617189,112.1767178,24.41870549,0.000124953,-0.000414428,-0.000414428,-0.089672019,-2.0,4.0,8.888888889,471.10914,-0.201427597,0.000578387,12.62540166,9,1,4,47.81438356
NbS2,20.67956387,0.340878094,194,24,0.125906269,0.081361654,0.393349863,0.918295834,5.509775004,-0.144272,-0.144272,-0.004076057,0.006159996,0.0,5.771873873,0.0,88,32.065,5,2.253333333,1.666666667,0.444444444,1.777777778,4,1.777777778,0,0.0,0.0,0.444444444,2,0.888888889,2,6,2,2.222222222,2,18.18,25.786875,0.978666667,2.202,70,229,70,3,1414210000000000.0,3480.0,3505.7375,18.13666667,38.03880929,7.7,162.3,7.3e-06,8.98e-06,227165.5045,688.7617189,112.1767178,24.41870549,0.000124953,-0.000414428,-0.000414428,-0.089672019,-2.0,4.0,8.888888889,471.10914,-0.201427597,0.000578387,12.62540166,9,1,4,47.81438356
NbSe2,23.70440436,0.358742096,194,24,0.122664349,0.083084413,0.398112756,0.918295834,5.509775004,-0.144272,-0.144272,0.027381379,0.027381379,0.147313913,5.146776791,0.0,89,78.96,5,2.233333333,1.666666667,0.444444444,1.777777778,10,2.666666667,10,0.0,0.0,4.888888889,2,0.888888889,2,6,2,2.222222222,2,18.18,25.92,0.355111111,0.799,14,229,14,3,17247200000000.0,3350.0,3480.0,18.34666667,37.81607066,8.3,161.7,7.3e-06,8.98e-06,227165.5045,646.9921645,112.1767178,24.41870549,0.000124953,-0.000401584,-0.000401584,-0.089672019,-2.0,4.0,5.555555556,501.65276,-0.608116101,0.000578387,12.62540166,9,1,4,47.81438356
NdOF,15.0654151,0.618419208,216,96,0.666666667,0.138522035,0.510131071,1.584962501,19.01955001,-0.179508,-0.179508,-0.036443827,0.036443827,0.048029211,6.436966101,0.0,19,15.9994,6,2.853333333,2.0,0.0,2.0,0,0.0,0,1.333333333,1.777777778,0.444444444,2,0.666666667,0,0,1,3.777777778,1,9.105,9.105,0.875555556,0.0,12,194,12,3,14082300000000.0,317.5,3505.7375,5.68476,9.799285306,32.0,58.7942029,9.6e-06,6.68e-06,201807.1674,-40.68178519,5.977475414,17.17379904,0.000140366,-0.000605728,-0.000605728,-0.27787219,-2.0,3.0,26.22222222,716.9592128,-0.064079266,0.191689498,18.93810249,13,0,0,40.16438356
Ni,10.49202038,0.982269794,225,192,0.0,0.0,0.74048049,0.0,0.0,-0.348699,-0.210764,0.023994,0.023994,1.0,4.44,0.0,61,58.6934,4,1.91,2.0,0.0,0.0,8,0.0,8,0.0,0.0,0.0,0,0.0,0,2,2,0.0,2,10.32,10.32,0.0,0.0,225,225,225,3,0.0,4970.0,4970.0,91.0,0.0,180.0,0.0,1.34e-05,0.0,252632.9948,-266.3409746,160.0946691,22.34306672,0.000112631,0.00011264,0.00011264,0.0,0.0,0.0,0.0,234.7736,0.0,0.0,1e-06,8,0,8,75.05
Ni12P5,10.765803,0.790170218,87,16,0.368304554,0.026919615,0.518391809,1.734521665,58.9737366,-0.210764,-0.210764,-0.001059279,0.017074267,0.038821549,4.614340976,0.0,61,30.973762,4,1.992352941,2.0,0.0,1.24567474,8,3.321799308,8,0.0,0.0,2.076124567,3,1.24567474,0,2,2,0.415224913,2,10.32,10.32,0.674740484,0.0,2,225,225,3,2.17e-08,3505.7375,4970.0,64.30470588,64.17983989,11.0,169.0,1.34e-05,2.88e-06,252632.9948,-266.3409746,160.0946691,22.34306672,0.000683586,0.00011264,0.00011264,-0.044712751,-3.0,1.25,4.982698962,1718.37922,-0.595835075,0.07266436,28.65051903,11,0,8,55.08264706
Ni2P,10.87139367,0.760429323,189,12,0.452092846,0.044923449,0.542440353,1.891061112,17.01955001,-0.210764,-0.210764,0.005221383,0.020334808,0.094280904,4.577158525,0.0,61,30.973762,4,2.003333333,2.0,0.0,1.333333333,8,3.555555556,8,0.0,0.0,2.222222222,3,1.333333333,0,2,2,0.444444444,2,10.32,10.32,0.722222222,0.0,2,225,225,3,2.17e-08,3505.7375,4970.0,60.74533333,64.17983989,11.0,169.0,1.34e-05,2.88e-06,252632.9948,-266.3409746,160.0946691,22.34306672,0.000683586,0.00011264,0.00011264,-0.038111425,-3.0,1.5,5.333333333,445.081686,-0.575668068,0.077777778,30.66666667,11,0,8,52.42033333
Ni3N,9.601702139,0.834964732,182,12,0.196167485,0.085538419,0.355195675,0.811278124,6.490224996,-0.266297,-0.266297,0.011637333,0.011637333,0.145580808,4.545275143,0.0,61,14.0067,4,2.1925,2.0,0.0,1.125,8,3.0,8,0.0,0.0,1.875,3,1.125,0,2,2,0.375,2,10.32,10.32,2.413875,0.0,194,225,225,3,17247200000000.0,333.6,4970.0,68.2564575,64.32845252,90.7942029,89.2057971,1.34e-05,2.88e-06,252632.9948,-266.3409746,160.0946691,22.34306672,0.000112631,-0.000737103,0.00011264,0.361229883,-3.0,1.0,10.125,380.1738,-0.108223481,0.31125,51.75,11,0,8,56.2875
Ni3S4,14.77181597,0.461043469,227,192,0.64525914,0.199254314,0.376152194,1.378783493,77.21187564,-0.261676,-0.261676,0.00665461,0.00665461,0.012626907,4.18994995,0.0,88,32.065,4,2.292857143,2.0,0.0,1.959183673,8,3.918367347,0,0.0,0.0,1.959183673,2,0.979591837,2,2,2,0.0,2,10.32,25.786875,1.078530612,2.202,70,225,70,3,1414210000000000.0,3505.7375,4970.0,39.11714286,64.2017602,7.7,172.3,1.34e-05,2.88e-06,252632.9948,688.7617189,160.0946691,22.34306672,0.000112631,-0.000414428,-0.000414428,0.093423545,-2.0,2.666666667,5.632653061,2434.7216,-0.558199639,0.280995247,13.91370795,12,0,8,62.44232877
Ni5P4,11.90255709,0.637445978,186,12,0.363280112,0.057704136,0.486797034,2.849122918,102.568425,-0.20608,-0.20608,-0.011924377,0.012316423,0.07856742,4.48037291,0.0,61,30.973762,4,2.034444444,2.0,0.0,1.481481481,8,3.950617284,8,0.0,0.0,2.469135802,3,1.481481481,0,2,2,0.49382716,2,10.32,10.32,0.802469136,0.0,2,225,225,3,2.17e-08,3505.7375,4970.0,50.66044444,64.17983989,11.0,169.0,1.34e-05,2.88e-06,252632.9948,-266.3409746,160.0946691,22.34306672,0.000683586,0.00011264,0.00011264,-0.004910322,-2.5,2.0,5.925925926,1669.448192,-0.534176397,0.086419753,34.07407407,11,0,8,44.87711111
Ni9S8,14.84538339,0.500311109,122,16,0.388749566,0.059565772,0.374422497,3.263933429,443.8949464,-0.261676,-0.261676,-0.014936224,0.014936224,0.041594517,4.302745156,0.0,61,32.065,4,2.225294118,2.0,0.0,1.993079585,8,3.98615917,8,0.0,0.0,1.993079585,2,0.996539792,0,2,2,0.0,2,10.32,10.32,1.097190311,0.0,70,225,225,3,1414210000000000.0,3505.7375,4970.0,48.27294118,64.2017602,7.7,172.3,1.34e-05,2.88e-06,252632.9948,-266.3409746,160.0946691,22.34306672,0.000112631,-0.000414428,0.00011264,0.060732472,-2.0,1.777777778,5.730103806,6278.0848,-0.57861102,0.285856757,14.15442954,12,0,8,64.66721193
NiFe2O4,10.88937389,0.484262265,227,192,0.68627926,0.214140852,0.380017065,1.378783493,77.21187564,-0.295049,-0.295049,0.003922744,0.005620825,0.0,4.933898412,0.056568542,87,15.9994,4,2.761428571,2.0,0.0,1.959183673,8,3.265306122,0,0.0,0.0,1.306122449,2,0.979591837,2,4,2,0.816326531,2,9.105,9.105,0.0,0.0,12,229,12,3,15967800000000.0,317.5,4970.0,35.87233143,54.9391338,90.7942029,89.2057971,1.18e-05,4.48e-06,252632.9948,736.7362453,160.0946691,22.34306672,0.000228936,-0.000478495,-0.000478495,0.07840737,-2.0,3.0,15.06122449,1875.048,-0.070298561,0.247934023,14.24023856,18,0,14,64.2909002
NiP2,13.40152793,0.464712561,205,24,0.446191579,0.057394458,0.419520071,0.918295834,11.01955001,-0.20608,-0.20608,0.026567,0.026567,0.072523772,4.174585358,0.0,83,30.973762,4,2.096666667,2.0,0.0,1.333333333,8,3.555555556,0,0.0,0.0,2.222222222,3,1.333333333,3,2,2,0.444444444,3,10.32,22.5702381,0.722222222,1.625,2,225,2,3,2.17e-08,3505.7375,4970.0,30.49066667,64.17983989,11.0,169.0,1.34e-05,2.88e-06,252632.9948,279.6544937,160.0946691,22.34306672,0.000683586,0.00011264,0.000683449,0.111140793,-1.0,2.0,5.333333333,482.563696,-0.50025737,0.077777778,30.66666667,11,0,8,29.79066667
NiS-2,13.26522325,0.546345306,194,24,0.720268714,0.304684168,0.525817371,1.0,4.0,-0.261676,-0.261676,-0.008634003,0.008634003,0.0,4.255664714,0.0,61,32.065,4,2.245,2.0,0.0,2.0,8,4.0,0,0.0,0.0,2.0,2,1.0,0,2,2,0.0,2,10.32,10.32,1.101,0.0,70,225,70,3,1414210000000000.0,3505.7375,4970.0,45.6025,64.2017602,7.7,172.3,1.34e-05,2.88e-06,252632.9948,-266.3409746,160.0946691,22.34306672,0.000112631,-0.000414428,-0.000414428,0.068940663,-2.0,2.0,5.75,181.5168,-0.571282307,0.286849315,14.20357686,12,0,8,64.01828767
NiS,13.58832201,0.533354483,160,18,0.615312423,0.15547645,0.436321074,1.0,18.0,-0.261676,-0.261676,-0.008634003,0.008634003,0.0,4.255664714,0.0,61,32.065,4,2.245,2.0,0.0,2.0,8,4.0,0,0.0,0.0,2.0,2,1.0,0,2,2,0.0,2,10.32,10.32,1.101,0.0,70,225,70,3,1414210000000000.0,3505.7375,4970.0,45.6025,64.2017602,7.7,172.3,1.34e-05,2.88e-06,252632.9948,-266.3409746,160.0946691,22.34306672,0.000112631,-0.000414428,-0.000414428,0.068940663,-2.0,2.0,5.75,181.5168,-0.571282307,0.286849315,14.20357686,12,0,8,64.01828767
NiSe,15.19380642,0.548796679,194,24,0.669133046,0.230900236,0.529237759,1.0,4.0,-0.245806,-0.245806,-0.011586189,0.011586189,0.047140452,3.779132801,0.0,61,58.6934,4,2.23,2.0,0.0,2.0,10,1.0,8,0.0,0.0,3.0,2,1.0,0,2,2,0.0,2,10.32,10.32,0.3995,0.0,14,225,14,3,17247200000000.0,3350.0,4970.0,45.76,63.97902156,8.3,171.7,1.34e-05,2.88e-06,252632.9948,-266.3409746,160.0946691,22.34306672,0.000112631,-0.000401584,-0.000401584,0.068940663,-2.0,2.0,2.0,275.3068,-5.360868569,0.286849315,14.20357686,12,0,8,64.01828767
Pb,31.05371534,0.786669943,225,192,0.0,0.0,0.74048049,0.0,0.0,-0.141831,-0.141831,0.023994,0.023994,1.0,2.03,0.0,81,207.2,6,2.33,2.0,0.0,0.0,10,0.0,10,14.0,0.0,0.0,0,0.0,4,0,4,0.0,4,28.11,28.11,0.0,0.0,225,225,225,2,0.0,1260.0,1260.0,35.0,0.0,46.0,0.0,2.89e-05,0.0,143338.1374,194.7194793,-162.4705406,22.55550469,0.000194612,0.00019458,0.00019458,-0.025910683,0.0,0.0,0.0,828.8,0.0,0.0,1e-06,2,0,0,5.396
PbS,26.67961655,0.536323575,225,192,1.0,1.0,0.523598776,1.0,8.0,-0.261676,-0.141831,0.025973997,0.025973997,0.07856742,3.224050304,0.0,81,32.065,6,2.455,2.0,0.0,1.0,10,5.0,0,7.0,7.0,11.0,2,1.0,2,0,2,1.0,2,25.786875,25.786875,1.101,0.0,70,225,70,2,1414210000000000.0,1260.0,3505.7375,17.6025,24.60378045,7.7,38.3,1.63e-05,1.26e-05,143338.1374,194.7194793,-162.4705406,22.55550469,0.000194612,-0.000414428,-0.000414428,-0.397905059,-2.0,2.0,17.75,957.06,-0.0877159,0.011849315,14.20357686,6,0,0,29.19128767
PbSe,29.52722487,0.521546656,225,192,1.0,1.0,0.523598776,1.0,8.0,-0.245806,-0.141831,0.009369315,0.009369315,0.041594517,2.917572755,0.0,81,78.96,6,2.44,2.0,0.0,1.0,10,0.0,10,7.0,7.0,6.0,2,1.0,2,0,2,1.0,2,25.92,25.92,0.3995,0.0,14,225,14,2,17247200000000.0,1260.0,3350.0,17.76,24.38104182,8.3,37.7,1.63e-05,1.26e-05,143338.1374,194.7194793,-162.4705406,22.55550469,0.000194612,-0.000401584,-0.000401584,-0.397905059,-2.0,2.0,14.0,1144.64,-0.156684173,0.011849315,14.20357686,6,0,0,29.19128767
PbTe,34.99455923,0.513266428,225,192,1.0,1.0,0.523598776,1.0,8.0,-0.226594,-0.141831,0.000699763,0.007954016,0.0,2.6138299,0.0,81,127.6,6,2.215,2.0,0.0,1.0,10,0.0,10,7.0,7.0,6.0,2,1.0,2,0,2,1.0,2,28.11,28.11,0.232,0.0,152,225,152,2,7.06e-05,1260.0,2610.0,19.0,22.627417,46.0,19.0,1.63e-05,1.26e-05,143338.1374,194.7194793,-162.4705406,22.55550469,0.000194612,-0.000893918,-0.000893918,-0.397905059,-2.0,2.0,8.5,1339.2,-0.491515189,0.011849315,14.20357686,6,0,0,29.19128767
Pd,15.02799454,0.764841928,225,192,0.0,0.0,0.74048049,0.0,0.0,0.0,0.0,0.023994,0.023994,1.0,3.89,0.0,62,106.42,5,2.2,0.0,0.0,0.0,10,0.0,10,0.0,0.0,0.0,0,0.0,0,0,0,0.0,0,14.41,14.41,0.0,0.0,225,225,225,3,0.0,3070.0,3070.0,72.0,0.0,180.0,0.0,1.18e-05,0.0,330022.5646,-126.7539023,80.3307176,23.32029032,8.54e-05,8.54e-05,8.54e-05,0.0,0.0,0.0,0.0,425.68,0.0,0.0,1e-06,0,0,0,51.11
Pd16S7,15.80784595,0.586462151,217,48,0.270135028,0.01810932,0.416116016,1.750760325,80.53497496,-0.160771,-0.160771,-0.018848803,0.018848803,0.099917263,3.88012478,0.0,62,32.065,5,2.315652174,0.608695652,0.846880907,1.693761815,10,4.234404537,10,0.0,0.0,1.693761815,2,0.846880907,0,0,0,0.846880907,0,14.41,14.41,0.932415879,0.0,70,225,225,3,1414210000000000.0,3070.0,3505.7375,50.14934783,50.76673136,7.7,172.3,1.18e-05,4.48e-06,330022.5646,-126.7539023,80.3307176,23.32029032,8.54e-05,-0.000414428,8.54e-05,-0.434839807,0.0,0.0,8.257088847,3854.35,-0.268658417,0.295857265,12.02873806,4,0,0,51.68113163
Pd2Sn,16.86365688,0.706808561,62,8,0.430798742,0.04234472,0.611417922,1.584962501,19.01955001,-0.14445,-0.14445,-0.000116685,0.007603609,0.067343503,4.159858699,0.0,62,106.42,5,2.12,0.666666667,0.888888889,0.888888889,10,0.0,10,0.0,0.0,1.777777778,4,1.777777778,0,0,0,1.777777778,0,14.41,14.41,0.0,0.0,141,225,225,3,3.25e-09,2500.0,3070.0,70.33333333,3.535533906,58.0,122.0,1.18e-05,1.02e-05,330022.5646,-126.7539023,80.3307176,23.32029032,0.000220362,8.54e-05,8.54e-05,0.053584587,0.0,0.0,2.888888889,1326.2,-3.017382975,0.288888889,30.22222222,2,0,0,40.22
Pd3P,14.68831886,0.65819158,62,8,0.23825269,0.054287709,0.446445695,1.5,24.0,-0.160771,-0.160771,0.011349314,0.028289137,0.164991582,4.253687936,0.0,62,30.973762,5,2.1975,0.5,0.75,1.125,10,3.75,10,0.0,0.0,1.875,3,1.125,0,0,0,1.125,0,14.41,14.41,0.609375,0.0,2,225,225,3,3.82e-09,3070.0,3505.7375,54.059,50.74481105,11.0,169.0,1.18e-05,4.48e-06,330022.5646,-126.7539023,80.3307176,23.32029032,0.000683586,8.54e-05,8.54e-05,-0.045074726,0.0,0.0,7.5,1400.935048,-0.271538775,0.01875,27.375,3,0,0,40.12275
Pd3Sn,16.08456158,0.734433626,221,48,0.333333333,0.014245014,0.74048049,0.811278124,3.245112498,-0.14445,-0.14445,0.005879485,0.005879485,0.050507627,4.195407168,0.0,62,106.42,5,2.14,0.5,0.75,0.75,10,0.0,10,0.0,0.0,1.5,4,1.5,0,0,0,1.5,0,14.41,14.41,0.0,0.0,141,225,225,3,3.25e-09,2500.0,3070.0,70.75,3.535533906,58.0,122.0,1.18e-05,1.02e-05,330022.5646,-126.7539023,80.3307176,23.32029032,0.000220362,8.54e-05,8.54e-05,0.028709785,0.0,0.0,2.4375,437.97,-3.112788063,0.24375,25.5,2,0,0,42.9425
Pd4Se,15.86346339,0.659966696,114,8,0.179461346,0.057206285,0.499002658,0.721928095,7.219280949,-0.160771,-0.160771,-0.015109992,0.015109992,1.49e-08,3.771827365,0.0,62,78.96,5,2.27,0.4,0.64,1.28,10,0.0,10,0.0,0.0,1.92,2,0.64,0,0,0,0.64,0,14.41,14.41,0.25568,0.0,14,225,225,3,17247200000000.0,3070.0,3350.0,57.704,50.54399272,8.3,171.7,1.18e-05,4.48e-06,330022.5646,-126.7539023,80.3307176,23.32029032,8.54e-05,-0.000401584,8.54e-05,-0.339860228,0.0,0.0,3.84,1009.28,-0.849757842,0.223583562,9.090289193,4,0,0,51.48531507
PdPt,15.11669212,0.721058379,166,36,0.009248229,0.035847733,0.733628813,1.0,6.0,-0.160771,-0.160771,0.023882742,0.023882742,0.202030509,4.907710625,0.0,62,106.42,6,2.24,0.5,0.5,0.0,10,0.5,9,7.0,7.0,7.0,0,0.0,0,1,0,1.0,0,14.41,14.41,0.0,0.0,225,225,225,3,2.83e-10,2680.0,3070.0,72.0,0.0,180.0,50.0,8.8e-06,3e-06,330022.5646,-126.7539023,80.3307176,23.32029032,0.000105454,8.54e-05,8.54e-05,0.020264112,0.0,0.0,0.75,904.512,-50.55983076,0.05,2.0,10,1,9,56.065
PrOF,15.48498777,0.601662863,216,96,0.666666667,0.138522035,0.510131071,1.584962501,19.01955001,-0.155138,-0.155138,-0.037200395,0.037200395,0.048029211,6.505393947,0.0,17,15.9994,6,2.85,2.0,0.0,2.0,0,0.0,0,1.0,1.333333333,0.666666667,2,0.666666667,0,0,1,4.222222222,1,9.105,9.105,0.875555556,0.0,12,194,12,3,14082300000000.0,317.5,3505.7375,4.351426667,7.489884234,29.0,61.7942029,6.7e-06,9.58e-06,197390.2366,-92.67805351,51.05585055,14.00414106,0.000143149,-0.000605728,-0.000605728,-0.310558158,-2.0,3.0,26.44444444,703.6218128,-0.063578998,0.191689498,18.93810249,12,0,0,39.83771689
Pt,15.32745403,0.672387905,225,192,0.0,0.0,0.74048049,0.0,0.0,-0.273634,-0.161308,0.023994,0.023994,1.0,5.84,0.0,63,195.084,6,2.28,1.0,0.0,0.0,9,0.0,9,14.0,0.0,0.0,0,0.0,0,1,2,0.0,2,15.02,15.02,0.0,0.0,225,225,225,3,0.0,2680.0,2680.0,72.0,0.0,230.0,0.0,8.8e-06,0.0,267657.8464,-51.29777439,5.389022257,17.22255457,0.000105454,0.000105461,0.000105461,0.0,0.0,0.0,0.0,780.336,0.0,0.0,1e-06,10,1,9,61.02
Rb2CuCl3,28.5380451,0.768538724,62,8,0.649399991,0.233195386,0.372130482,2.584962501,62.03910002,-0.202272,-0.172056,-0.01949689,0.01949689,0.023570226,3.307094335,0.763675324,94,35.453,5,2.17,1.5,0.5,2.5,10,2.777777778,0,0.0,0.0,3.111111111,1,0.5,1,0,1,0.0,1,11.07,24.4975,1.2465,2.493,64,229,64,3,6.396021433,206.0,3570.0,86.00445,182.6676623,1.1,138.9,1.63e-05,2.24e-07,245774.7901,778.0546601,361.6966514,25.65267379,0.00055716,-0.000568144,-0.000568144,0.650021625,-1.0,1.0,23.90260197,1363.3624,-0.123198905,0.489105784,8.203576865,7,2,0,34.348621
Rb2ZnCl4,30.61594071,0.633583793,62,8,0.645178089,0.229016424,0.316601089,2.521640636,70.60593782,-0.32038,-0.222725,-0.013548821,0.013967796,0.053452248,3.252367936,0.586898628,94,35.453,5,2.275714286,1.714285714,0.408163265,2.448979592,10,2.448979592,0,0.0,0.0,2.857142857,1,0.489795918,1,0,0,0.244897959,1,13.96,24.4975,1.221061224,2.493,64,229,64,3,6.546536638,206.0,3700.0,33.71937143,57.37819327,1.1,68.9,1.63e-05,1.39e-05,220374.6761,778.0546601,-5.197535992,17.02091113,0.00055716,-0.000568144,-0.000568144,0.593735641,-1.0,2.0,20.09506587,1512.6264,-0.140484369,0.404294101,11.62799366,6,1,0,35.87547162
Rb3Bi2I9,48.84586145,0.439934506,14,4,0.528155355,0.113377223,0.369500738,3.807354922,213.2118756,-0.267904,-0.180198,0.007199919,0.009426598,0.058321184,2.385371499,0.848528137,96,85.4678,6,2.174285714,1.785714286,0.336734694,1.744897959,10,3.367346939,10,2.0,3.428571429,6.12244898,3,0.551020408,1,0,1,0.489795918,1,32.95,43.015,0.487653061,1.062,12,229,64,2,8634745.134,1300.0,3505.7375,13.86007143,32.15365866,2.5,28.5,1.34e-05,2.88e-06,103172.6523,763.0549179,-80.96944956,20.90051016,0.00055716,-0.000457883,-0.000457883,0.192933641,-1.0,3.0,15.68063808,7266.01772,-0.169231939,0.340680738,16.22777467,9,1,0,36.11301272
Rb3InCl6,34.46345549,0.591397631,225,192,0.591395704,0.285068376,0.398586437,1.570950594,62.83802378,-0.32038,-0.290497,-0.032781359,0.032781359,0.0,3.325711945,0.67882251,94,35.453,5,2.32,1.7,0.42,2.28,10,1.8,0,0.0,0.0,2.88,5,0.78,1,0,1,0.72,1,24.26,24.4975,1.19664,2.493,64,229,64,2,6.666666589,206.0,1300.0,25.60534,43.58828017,1.1,89.6942029,1.63e-05,1.58e-05,205785.0644,778.0546601,45.19519666,12.52890978,0.00055716,-0.000568144,-0.000568144,0.542909124,-1.0,3.0,18.96949367,2335.7576,-0.143782752,0.414624658,14.11543379,7,1,0,32.46504521
Rb3Sb2I9,47.77465984,0.436679869,14,4,0.540461728,0.127319049,0.363567675,3.807354922,213.2118756,-0.267904,-0.185623,-0.002458615,0.007620189,0.058321184,2.403254693,0.869741341,96,85.4678,5,2.178571429,1.785714286,0.336734694,1.744897959,10,3.367346939,10,0.0,0.0,5.265306122,3,0.551020408,1,0,1,0.489795918,1,31.56,43.015,0.487653061,1.062,64,229,64,2,8634745.134,1300.0,3505.7375,16.14578571,32.28957035,2.5,39.5,1.1e-05,5.28e-06,50005.72068,763.0549179,-182.1216356,17.95677256,0.001005039,-0.000457883,-0.000457883,0.12438227,-1.0,3.0,15.25206665,6568.25452,-0.163533081,0.371292983,15.98287671,9,1,0,37.13586986
Rb7Bi3Cl16,0.0,0.0,0,0,0.0,0.0,0.322248927,0.0,0.0,-0.32038,-0.32038,-0.014460334,0.016266226,0.05157778,0.0,0.0,94,35.453,6,2.42664869,1.740735665,0.384092679,1.912222273,10,1.975391864,0,1.555630456,2.76554861,4.691564527,3,0.499326821,1,0,1,0.395078373,1,24.4975,24.4975,1.162729526,2.493,12,229,64,2,6.671007336,206.0,1790.0,15.93186673,34.54819319,1.1,29.9,1.34e-05,2.88e-06,103172.6523,778.0546601,-80.96944956,20.90051016,0.00055716,-0.000568144,-0.000568144,0.325984617,0.0,0.0,17.65176524,3655.721416,-0.153102429,0.384610097,16.24511953,9,1,0,35.04873551
ReO3,13.34406178,0.243934923,221,48,0.285179527,0.196333333,0.261799388,0.811278124,3.245112498,-0.258639,-0.258639,-0.019064125,0.021016361,0.042426407,5.625296905,0.0,87,15.9994,6,3.055,2.0,0.0,1.5,5,1.875,0,3.5,5.25,5.625,2,0.75,2,5,2,1.125,2,9.105,9.105,0.0,0.0,12,194,12,3,17247200000000.0,317.5,4700.0,12.019935,33.9223306,90.7942029,279.2057971,6.2e-06,1.01e-05,317112.9365,736.7362453,4.587537974,19.06788774,8.89e-05,-0.000478495,-0.000478495,0.106781671,-2.0,6.0,13.6875,234.2052,-0.031654107,0.215136986,10.65268265,9,0,5,84.36493151
Rh,13.7827803,0.747744248,225,192,0.0,0.0,0.74048049,0.0,0.0,-0.239422,-0.239422,0.023994,0.023994,1.0,5.75,0.0,59,102.9055,5,2.28,1.0,0.0,0.0,8,0.0,8,0.0,0.0,0.0,0,0.0,0,2,3,0.0,3,13.64,13.64,0.0,0.0,225,225,225,3,0.0,4700.0,4700.0,150.0,0.0,380.0,0.0,8.2e-06,0.0,299333.1573,-154.6524823,109.1713702,23.16652119,9.42e-05,9.42e-05,9.42e-05,0.0,0.0,0.0,0.0,411.622,0.0,0.0,1e-06,9,1,8,147.2
Rh2P,13.94243988,0.592932557,225,192,0.389072747,0.053131622,0.510131071,0.918295834,11.01955001,-0.20608,-0.20608,-0.006352012,0.035981725,0.147313913,5.802030286,0.0,59,30.973762,5,2.25,1.333333333,0.444444444,1.333333333,8,3.555555556,8,0.0,0.0,1.777777778,3,1.333333333,0,2,3,0.0,3,13.64,13.64,0.722222222,0.0,2,225,225,3,4.01e-08,3505.7375,4700.0,100.0786667,105.89914,11.0,369.0,8.2e-06,8.08e-06,299333.1573,-154.6524823,109.1713702,23.16652119,0.000683586,9.42e-05,9.42e-05,0.052378969,0.0,0.0,6.666666667,947.139048,-0.393829062,0.033333333,30.66666667,12,1,8,100.5203333
Ru,13.55117708,0.679112377,194,24,0.0,0.0,0.715333674,0.0,0.0,-0.210375,-0.210375,0.023994,0.023994,1.0,6.74,0.0,56,101.07,5,2.2,1.0,0.0,0.0,7,0.0,7,0.0,0.0,0.0,0,0.0,0,3,4,0.0,4,13.51,13.51,0.0,0.0,194,194,194,3,0.0,5970.0,5970.0,120.0,0.0,220.0,0.0,6.4e-06,0.0,300575.3647,-344.0224259,262.3057229,28.80605828,9.4e-05,9.4e-05,9.4e-05,0.0,0.0,0.0,0.0,202.14,0.0,0.0,1e-06,8,1,7,159.9
Sb,31.44050764,0.406165533,166,36,0.0,0.0,0.416772761,0.0,0.0,-0.185623,-0.185623,0.023994,0.023994,1.0,2.75,0.0,85,121.76,5,2.05,2.0,0.0,0.0,10,0.0,10,0.0,0.0,0.0,0,0.0,3,0,3,0.0,3,31.56,31.56,0.0,0.0,166,166,166,2,0.0,3420.0,3420.0,24.0,0.0,42.0,0.0,1.1e-05,0.0,28542.53084,211.291085,-182.1216356,17.95677256,0.001005039,0.001004074,0.001004074,-0.098460595,0.0,0.0,0.0,730.56,0.0,0.0,1e-06,3,0,0,20.01
Sb2S3,25.7853956,0.295566314,62,8,0.559508782,0.110859796,0.317388256,2.321928095,46.4385619,-0.261676,-0.185623,0.025108375,0.025108375,0.062853936,3.097243025,0.0,88,32.065,5,2.368,2.0,0.0,0.48,10,4.8,0,0.0,0.0,4.32,1,0.48,2,0,2,0.48,2,25.786875,25.786875,1.05696,2.202,70,166,70,2,1414210000000000.0,3420.0,3505.7375,9.723,16.82560586,7.7,34.3,1.1e-05,5.28e-06,28542.53084,688.7617189,-182.1216356,17.95677256,0.001005039,-0.000414428,-0.000414428,-0.635310842,-2.0,3.0,12.48,1358.86,-0.132146594,0.083375342,13.63543379,7,0,0,39.79594521
Si,20.16476339,0.276486248,227,192,0.0,0.0,0.340087381,0.0,0.0,-0.153293,-0.153293,0.023994,0.023994,1.0,4.63,0.0,78,28.0855,3,1.9,2.0,0.0,0.0,0,0.0,0,0.0,0.0,0.0,0,0.0,4,0,4,0.0,4,20.44,20.44,0.0,0.773,227,227,227,2,0.0,2200.0,2200.0,150.0,0.0,100.0,0.0,2.6e-06,0.0,72610.43282,413.3077281,-232.3496352,15.31856338,0.000380439,0.00038025,0.00038025,-0.025910683,0.0,0.0,0.0,224.684,0.0,0.0,1e-06,2,0,0,39.73
SiO2,12.62504901,0.194978441,152,6,0.290116282,0.107713511,0.173744128,0.918295834,8.264662506,-0.338381,-0.338381,0.009787102,0.009787102,0.198486114,6.549498011,0.0,87,15.9994,3,2.926666667,2.0,0.0,0.888888889,0,0.0,0,0.0,0.0,0.888888889,2,0.888888889,2,0,2,0.888888889,2,9.105,9.105,0.343555556,0.0,12,227,12,2,17247200000000.0,317.5,2200.0,50.01772,106.0472223,90.7942029,9.205797101,2.6e-06,1.37e-05,72610.43282,736.7362453,-232.3496352,15.31856338,0.000380439,-0.000478495,-0.000478495,-0.272035887,-2.0,4.0,10.22222222,180.2529,-0.070831486,0.143866058,12.62540166,6,0,0,48.56771689
SmOF,14.39151199,0.647377572,216,96,0.666666667,0.138522035,0.510131071,1.584962501,19.01955001,-0.21776,-0.21776,-0.019292502,0.038787951,0.040824829,6.060317417,0.0,23,15.9994,6,2.863333333,2.0,0.0,2.0,0,0.0,0,2.0,2.666666667,0.666666667,2,0.666666667,0,0,1,2.888888889,1,9.105,9.105,0.875555556,0.0,12,166,12,3,14082300000000.0,317.5,3505.7375,4.351426667,7.489884234,38.0,52.7942029,1.27e-05,3.58e-06,234852.8266,-40.27444655,11.20956562,18.80296336,0.000120061,-0.000605728,-0.000605728,-0.209740989,-2.0,3.0,26.88888889,741.4312128,-0.062586372,0.189467275,18.93810249,15,0,0,39.54105023
Sn,27.65009507,0.461844724,141,32,0.0,0.0,0.535667628,0.0,0.0,-0.14445,-0.14445,0.023994,0.023994,1.0,3.14,0.0,80,118.71,5,1.96,2.0,0.0,0.0,10,0.0,10,0.0,0.0,0.0,0,0.0,4,0,4,0.0,4,33.285,33.285,0.0,0.0,141,141,141,2,0.0,2500.0,2500.0,67.0,0.0,58.0,0.0,2.2e-05,0.0,126773.734,124.1582715,-65.59084956,18.72348504,0.000220362,0.0002203,0.0002203,-0.025910683,0.0,0.0,0.0,474.84,0.0,0.0,1e-06,2,0,0,18.44
SnP,25.42469286,0.333511221,164,12,0.181090212,0.045639598,0.302046284,1.0,4.0,-0.20608,-0.20608,0.006319721,0.012785892,0.064282435,3.278904769,0.0,80,30.973762,5,2.075,2.0,0.0,0.5,10,5.0,0,0.0,0.0,4.5,1,0.5,3,0,3,0.5,3,22.5702381,22.5702381,0.8125,0.0,2,141,2,2,7.07e-09,2500.0,3505.7375,33.618,47.20927714,11.0,47.0,1.63e-05,5.72e-06,126773.734,124.1582715,-65.59084956,18.72348504,0.000683586,0.0002203,0.0002203,0.020027857,-3.0,3.0,13.25,299.367524,-0.135503336,0.35,7.5,5,0,0,12.8005
SnS-2,25.89698353,0.327428882,198,12,0.597443562,0.14307755,0.37763958,2.811278124,179.9218,-0.261676,-0.14445,0.007358029,0.007930874,0.064282435,3.467081115,0.0,80,32.065,5,2.27,2.0,0.0,1.0,10,5.0,0,0.0,0.0,4.0,2,1.0,2,0,2,1.0,2,25.786875,25.786875,1.101,0.0,70,141,70,2,1414210000000000.0,2500.0,3505.7375,33.6025,47.23119745,7.7,50.3,1.63e-05,5.72e-06,126773.734,124.1582715,-65.59084956,18.72348504,0.000220362,-0.000414428,-0.000414428,-0.52029681,-2.0,2.0,13.0,4824.8,-0.141862695,0.024349315,14.20357686,6,0,0,35.71328767
SnS-3,31.80716175,0.2665884,63,16,0.41752367,0.019195765,0.283344408,1.0,8.0,-0.261676,-0.14445,0.007358029,0.007930874,0.064282435,3.467081115,0.0,80,32.065,5,2.27,2.0,0.0,1.0,10,5.0,0,0.0,0.0,4.0,2,1.0,2,0,2,1.0,2,25.786875,25.786875,1.101,0.0,70,141,70,2,1414210000000000.0,2500.0,3505.7375,33.6025,47.23119745,7.7,50.3,1.63e-05,5.72e-06,126773.734,124.1582715,-65.59084956,18.72348504,0.000220362,-0.000414428,-0.000414428,-0.52029681,-2.0,2.0,13.0,4824.8,-0.141862695,0.024349315,14.20357686,6,0,0,35.71328767
SnS,25.54044355,0.33199973,62,8,0.585365853,0.127885582,0.372850223,1.0,8.0,-0.261676,-0.14445,0.007358029,0.007930874,0.064282435,3.467081115,0.0,80,32.065,5,2.27,2.0,0.0,1.0,10,5.0,0,0.0,0.0,4.0,2,1.0,2,0,2,1.0,2,25.786875,25.786875,1.101,0.0,70,141,70,2,1414210000000000.0,2500.0,3505.7375,33.6025,47.23119745,7.7,50.3,1.63e-05,5.72e-06,126773.734,124.1582715,-65.59084956,18.72348504,0.000220362,-0.000414428,-0.000414428,-0.52029681,-2.0,2.0,13.0,4824.8,-0.141862695,0.024349315,14.20357686,6,0,0,35.71328767
SnSe,28.28211824,0.338388318,62,8,0.583595397,0.126613702,0.391993875,1.0,8.0,-0.245806,-0.14445,-0.002839249,0.019757442,0.088388348,3.253546308,0.0,80,78.96,5,2.255,2.0,0.0,1.0,10,0.0,10,0.0,0.0,1.0,2,1.0,2,0,2,1.0,2,25.92,25.92,0.3995,0.0,14,141,14,2,17247200000000.0,2500.0,3350.0,33.76,47.00845881,8.3,49.7,1.63e-05,5.72e-06,126773.734,124.1582715,-65.59084956,18.72348504,0.000220362,-0.000401584,-0.000401584,-0.52029681,-2.0,2.0,9.25,790.68,-0.313730923,0.024349315,14.20357686,6,0,0,35.71328767
SnTe,32.33410669,0.375208926,225,192,1.0,1.0,0.523598776,1.0,8.0,-0.226594,-0.14445,-0.012472389,0.015819647,0.047140452,2.93004988,0.0,80,118.71,5,2.03,2.0,0.0,1.0,10,0.0,10,0.0,0.0,1.0,2,1.0,2,0,2,1.0,2,33.285,33.285,0.232,0.0,141,152,141,2,7.06e-05,2500.0,2610.0,35.0,45.254834,58.0,7.0,1.63e-05,5.72e-06,126773.734,124.1582715,-65.59084956,18.72348504,0.000220362,-0.000893918,-0.000893918,-0.52029681,-2.0,2.0,3.75,985.24,-2.228932902,0.024349315,14.20357686,6,0,0,35.71328767
SrF2,16.24731513,0.70898933,225,192,0.389072747,0.053131622,0.510131071,0.918295834,11.01955001,-0.415606,-0.131793,-0.003548186,0.009660653,0.0,5.362848047,0.0,93,18.9984032,5,2.97,2.0,0.0,2.222222222,0,0.0,0,0.0,0.0,2.222222222,1,0.444444444,1,0,0,0.444444444,1,9.7075,9.7075,0.875555556,1.97,15,225,15,2,17247200000000.0,3505.7375,3505.7375,11.68513333,24.72915048,90.7942029,0.0,1.63e-05,6.22e-06,103426.9746,846.8504535,-101.4103106,20.05041275,0.000276073,-0.000605728,-0.000605728,0.23686339,-1.0,2.0,12.9254571,502.4672256,-0.211216589,0.367245053,12.62540166,5,0,0,37.06738356
Ta3N5,12.85029745,0.428607629,63,16,0.442942152,0.067466749,0.325409256,2.25,72.0,-0.266297,-0.182464,0.019404373,0.019404373,0.016070609,7.399234426,0.0,82,14.0067,6,2.4625,2.0,0.0,1.40625,3,1.40625,0,5.25,6.5625,6.5625,3,1.40625,3,7,3,1.875,3,14.76875,14.76875,3.01734375,6.437,194,229,194,3,17247200000000.0,333.6,3400.0,21.39114375,40.28682196,90.7942029,109.2057971,6.3e-06,9.98e-06,241478.2544,747.6702355,-16.56790369,18.9514688,0.000116049,-0.000737103,-0.000737103,0.322935663,-3.0,5.0,17.109375,2451.50856,-0.043488924,0.65859375,162.1875,6,0,3,25.75125
TaS2,20.1914857,0.349117961,194,24,0.125008994,0.082295753,0.392283436,0.918295834,5.509775004,-0.182464,-0.182464,-0.005135027,0.005135027,0.0,5.981073649,0.0,88,32.065,6,2.22,2.0,0.0,1.777777778,3,1.333333333,0,4.666666667,6.222222222,5.777777778,2,0.888888889,2,7,2,2.222222222,2,18.12,25.786875,0.978666667,2.202,70,229,70,3,1414210000000000.0,3400.0,3505.7375,19.13666667,40.16012964,7.7,192.3,6.3e-06,9.98e-06,241478.2544,688.7617189,-16.56790369,18.9514688,0.000116049,-0.000414428,-0.000414428,-0.084236233,-2.0,4.0,9.333333333,490.15576,-0.18480076,0.000578387,12.62540166,7,0,3,58.21438356
TaSe2,23.40969193,0.36325842,194,24,0.124496731,0.084751913,0.396739245,0.918295834,5.509775004,-0.182464,-0.182464,0.026807066,0.026807066,0.138648388,5.272053957,0.0,89,78.96,6,2.2,2.0,0.0,1.777777778,10,3.111111111,10,4.666666667,6.222222222,1.333333333,2,0.888888889,2,7,2,2.222222222,2,18.12,25.92,0.355111111,0.799,14,229,14,3,17247200000000.0,3350.0,3400.0,19.34666667,39.937391,8.3,191.7,6.3e-06,9.98e-06,241478.2544,646.9921645,-16.56790369,18.9514688,0.000116049,-0.000401584,-0.000401584,-0.084236233,-2.0,4.0,6.0,677.73576,-0.526878555,0.000578387,12.62540166,7,0,3,58.21438356
Tb2O3,15.16148218,0.628077526,206,48,0.582301192,0.109813351,0.40090209,1.295461844,103.6369475,-0.256311,-0.256311,-0.025561813,0.032132867,0.0,7.162181073,0.0,87,15.9994,6,2.548,2.0,0.0,1.92,0,0.0,0,3.6,4.32,2.4,2,0.96,2,0,2,1.44,2,9.105,9.105,0.0,0.0,12,194,12,3,17247200000000.0,317.5,2620.0,4.415948,7.759379695,38.7,52.0942029,1.03e-05,5.98e-06,179302.184,736.7362453,19.59879916,21.66881116,0.000159397,-0.000478495,-0.000478495,-0.26840509,-2.0,3.0,26.88,5853.5824,-0.022001035,0.202224658,13.63543379,13,0,0,40.93594521
TiS2,20.3852953,0.324933904,164,12,0.331502678,0.074488083,0.366620338,2.281036113,20.52932501,-0.261676,-0.17001,-0.003575679,0.009474087,0.0,5.124180579,0.0,88,32.065,4,2.233333333,2.0,0.0,1.777777778,2,0.888888889,0,0.0,0.0,0.888888889,2,0.888888889,2,8,2,2.666666667,2,16.69,25.786875,0.978666667,2.202,70,194,70,3,1414210000000000.0,3505.7375,4140.0,7.47,15.4113923,7.7,102.3,8.6e-06,7.68e-06,191617.1814,688.7617189,114.1023304,26.86722492,0.000150145,-0.000414428,-0.000414428,-0.19562872,-2.0,4.0,8.666666667,335.991,-0.21067712,0.056133942,12.62540166,6,0,2,48.43771689
TiSe2,23.17835817,0.348533357,164,12,0.284847556,0.073794454,0.37745696,0.918295834,2.754887502,-0.245806,-0.17001,0.027638709,0.027638709,0.058925565,4.683011629,0.0,89,47.867,4,2.213333333,2.0,0.0,1.777777778,10,3.555555556,10,0.0,0.0,5.333333333,2,0.888888889,2,8,2,2.666666667,2,16.69,25.92,0.355111111,0.799,14,194,14,3,17247200000000.0,3350.0,4140.0,7.68,15.18865366,8.3,101.7,8.6e-06,7.68e-06,191617.1814,646.9921645,114.1023304,26.86722492,0.000150145,-0.000401584,-0.000401584,-0.19562872,-2.0,4.0,5.333333333,205.787,-0.656370745,0.056133942,12.62540166,6,0,2,48.43771689
Tl3PbBr5,33.57786813,0.471457673,19,4,0.695239422,0.239518163,0.481364861,3.169925001,114.1173001,-0.28502,-0.141831,-0.00897466,0.022842832,0.113311545,2.721217744,0.502045815,95,79.904,6,2.443333333,2.0,0.0,1.851851852,10,0.0,10,6.222222222,6.913580247,5.061728395,4,1.851851852,1,0,1,1.851851852,1,26.91,29.48,0.719506173,1.457,64,225,64,2,51431676925.0,818.0,3505.7375,19.28888889,28.74955123,1.9,44.1,1.63e-05,1.36e-05,183817.1381,799.3423707,-158.2972477,22.55550469,0.000194612,-0.000469544,-0.000469544,-0.313016734,-1.0,2.0,4.682606657,4879.4796,-2.371203403,0.038592931,14.17637221,8,0,0,30.95220852
Tl3PbCl5,29.74797989,0.491408575,76,4,0.702080774,0.228199885,0.462863858,3.169925001,114.1173001,-0.28502,-0.141831,-0.00897466,0.022842832,0.113311545,3.028813576,0.502045815,94,35.453,6,2.554444444,2.0,0.0,1.851851852,10,4.938271605,0,6.222222222,6.913580247,10.0,4,1.851851852,1,0,1,1.851851852,1,24.4975,24.4975,1.231111111,2.493,64,225,64,2,6.593804611,206.0,1260.0,19.22716667,28.82201928,1.1,44.9,1.63e-05,1.36e-05,183817.1381,778.0546601,-158.2972477,22.55550469,0.000194612,-0.000568144,-0.000568144,-0.313016734,-1.0,2.0,4.682606657,3990.4596,-2.371203403,0.038592931,14.17637221,8,0,0,30.95220852
Tl3PbI5,41.33817025,0.451807242,19,4,0.694381158,0.238590654,0.482978499,3.169925001,114.1173001,-0.267904,-0.141831,-0.00897466,0.022842832,0.113311545,2.327511196,0.502045815,96,126.90447,6,2.276666667,2.0,0.0,1.851851852,10,0.0,10,6.222222222,6.913580247,5.061728395,4,1.851851852,1,0,1,1.851851852,1,26.91,43.015,0.524444444,1.062,64,225,64,2,8571946.154,818.0,3505.7375,19.47166667,28.5349755,7.7,38.3,1.63e-05,1.36e-05,183817.1381,763.0549179,-158.2972477,22.55550469,0.000194612,-0.000457883,-0.000457883,-0.313016734,-1.0,2.0,4.682606657,5819.489,-2.371203403,0.038592931,14.17637221,8,0,0,30.95220852
TlPbI3,43.56215033,0.402377095,63,16,0.59893414,0.115019245,0.437352016,1.921928095,38.4385619,-0.267904,-0.141831,-0.005885051,0.023684947,0.163299316,2.336208682,0.502045815,96,126.90447,6,2.386,2.0,0.0,1.68,10,0.0,10,5.6,6.72,5.04,4,1.68,1,0,1,1.68,1,26.91,43.015,0.50976,1.062,64,225,64,2,8510497.719,818.0,3505.7375,16.4694,26.62838926,7.7,38.3,1.63e-05,1.36e-05,183817.1381,763.0549179,-158.2972477,22.55550469,0.000194612,-0.000457883,-0.000457883,-0.352429192,-1.0,2.0,4.679493671,3169.18684,-2.32720171,0.032,13.79543379,8,0,0,33.42054521
Tm2O3,14.00394181,0.679993272,206,48,0.58054274,0.108041959,0.400390699,1.295461844,103.6369475,-0.28312,-0.28312,-0.02404997,0.029020832,0.0,6.618072904,0.0,87,15.9994,6,2.564,2.0,0.0,1.92,0,0.0,0,5.2,6.24,4.32,2,0.96,2,0,1,0.48,2,9.105,9.105,0.0,0.0,12,194,12,3,17247200000000.0,317.5,3505.7375,6.815948,12.00202038,45.0,45.7942029,1.33e-05,2.98e-06,246185.9587,736.7362453,-43.04770763,18.73352733,0.000114158,-0.000478495,-0.000478495,-0.00905622,-2.0,3.0,26.64,6173.86592,-0.022234838,0.199824658,13.63543379,17,0,0,43.95594521
V2O3,10.96996525,0.425276196,206,48,0.580240408,0.108400058,0.385815795,1.295461844,103.6369475,-0.204634,-0.204634,-0.005750497,0.018851153,0.012856487,6.218547693,0.0,87,15.9994,4,2.716,2.0,0.0,1.92,3,1.44,0,0.0,0.0,0.48,2,0.96,2,7,2,2.4,2,9.105,9.105,0.0,0.0,12,229,12,3,17247200000000.0,317.5,4560.0,12.415948,21.90151532,90.7942029,69.2057971,8.4e-06,7.88e-06,163219.6033,736.7362453,-243.818599,9.382393902,0.000174335,-0.000478495,-0.000478495,0.04951489,-2.0,3.0,16.8,2398.0992,-0.040271791,0.047375342,13.63543379,7,0,3,50.39194521
VS2,18.31030408,0.340128615,164,12,0.264408757,0.076445084,0.376990253,0.918295834,2.754887502,-0.204634,-0.204634,0.004689335,0.00515567,0.027729678,4.870986238,0.0,88,32.065,4,2.263333333,2.0,0.0,1.777777778,3,1.333333333,0,0.0,0.0,0.444444444,2,0.888888889,2,7,2,2.222222222,2,13.01,25.786875,0.978666667,2.202,70,229,70,3,1414210000000000.0,3505.7375,4560.0,10.47,21.77535333,7.7,152.3,8.4e-06,7.88e-06,163219.6033,688.7617189,-243.818599,9.382393902,0.000174335,-0.000414428,-0.000414428,0.053638542,-2.0,4.0,6.888888889,115.0715,-0.318289672,0.043866058,12.62540166,7,0,3,50.82438356
VSe2,21.51870963,0.357010987,164,12,0.229433096,0.078506208,0.381124631,0.918295834,2.754887502,-0.204634,-0.204634,-0.022565746,0.022565746,0.11785113,4.243392346,0.0,89,50.9415,4,2.243333333,2.0,0.0,1.777777778,10,3.111111111,10,0.0,0.0,4.888888889,2,0.888888889,2,7,2,2.222222222,2,13.01,25.92,0.355111111,0.799,14,229,14,3,17247200000000.0,3350.0,4560.0,10.68,21.55261469,8.3,151.7,8.4e-06,7.88e-06,163219.6033,646.9921645,-243.818599,9.382393902,0.000174335,-0.000401584,-0.000401584,0.053638542,-2.0,4.0,3.555555556,208.8615,-1.414984174,0.043866058,12.62540166,7,0,3,50.82438356
W18O49,14.07780578,0.243679915,10,4,0.289716908,0.156472915,0.263974044,5.081014564,340.4279758,-0.220603,-0.220603,-0.023650312,0.030489681,0.016041825,6.445808366,0.0,87,15.9994,6,3.149850746,2.0,0.0,1.571842281,4,1.571842281,0,3.76119403,5.501447984,5.501447984,2,0.785921141,2,6,2,1.571842281,2,9.105,9.105,0.0,0.0,12,229,12,3,17247200000000.0,317.5,5174.0,45.6910809,120.1893579,90.7942029,219.2057971,4.5e-06,1.18e-05,318567.7764,736.7362453,-123.2939801,19.89468622,9.01e-05,-0.000478495,-0.000478495,0.124084084,-2.0,5.444444444,13.95010025,4093.0906,-0.033711112,0.146848827,11.16289133,8,0,4,79.85585361
WSe2,21.85424556,0.351529672,194,24,0.136051849,0.099083556,0.391273872,0.918295834,5.509775004,-0.220603,-0.220603,-0.022785645,0.022785645,0.11785113,5.210286173,0.0,89,78.96,6,2.486666667,2.0,0.0,1.777777778,10,2.666666667,10,4.666666667,6.222222222,1.777777778,2,0.888888889,2,6,2,1.777777778,2,16.05,25.92,0.355111111,0.799,14,229,14,3,17247200000000.0,3350.0,5174.0,57.01333333,119.8404573,8.3,301.7,4.5e-06,1.18e-05,318567.7764,646.9921645,-123.2939801,19.89468622,9.01e-05,-0.000401584,-0.000401584,0.133861574,-2.0,4.0,3.777777778,683.52,-1.26019594,0.16608828,12.62540166,8,0,4,86.32438356
Y2O3,14.92069228,0.691286758,206,48,0.581406976,0.10898408,0.400173716,1.295461844,103.6369475,-0.338381,-0.150727,-0.030150977,0.041415335,0.0,7.261871923,0.0,87,15.9994,5,2.552,2.0,0.0,1.92,1,0.48,0,0.0,0.0,1.44,2,0.96,2,9,2,3.36,2,9.105,9.105,0.0,0.0,12,194,12,3,17247200000000.0,317.5,3300.0,6.815948,12.00202038,41.0,49.7942029,1.06e-05,5.68e-06,173035.698,736.7362453,-53.79630255,24.71840725,0.0001634,-0.000478495,-0.000478495,-0.232152797,-2.0,3.0,27.6,3612.9584,-0.021330992,0.204624658,13.63543379,5,0,1,42.11194521
YOF,13.42036766,0.642242761,216,96,0.666666667,0.138522035,0.510131071,1.584962501,19.01955001,-0.338381,-0.150727,-0.034240999,0.034240999,0.048029211,6.817184575,0.0,12,15.9994,5,2.88,2.0,0.0,2.0,1,0.444444444,0,0.0,0.0,1.555555556,2,0.666666667,0,9,1,3.333333333,1,9.105,9.105,0.875555556,0.0,12,194,12,3,14082300000000.0,317.5,3505.7375,5.68476,9.799285306,41.0,49.7942029,1.06e-05,5.68e-06,173035.698,93.68872868,-53.79630255,24.71840725,0.0001634,-0.000605728,-0.000605728,-0.291149876,-2.0,3.0,25.55555556,495.6146128,-0.06559387,0.189467275,18.93810249,10,0,1,43.92438356
Yb2O3,15.36153505,0.619898088,206,48,0.586181582,0.114185275,0.405310537,1.295461844,103.6369475,-0.286408,-0.286408,0.044696309,0.044696309,0.082495791,6.25265522,0.0,87,15.9994,6,2.568,2.0,0.0,1.92,0,0.0,0,5.6,6.72,4.8,2,0.96,2,0,0,0.96,2,9.105,9.105,0.0,0.0,12,225,12,3,17247200000000.0,317.5,1590.0,15.615948,27.55836957,31.0,59.7942029,1.63e-05,1e-05,215620.3522,736.7362453,211.6784623,21.24714715,0.00013143,-0.000478495,-0.000478495,0.000626346,-2.0,3.0,30.24,6305.2512,-0.019219068,0.199824658,13.63543379,4,0,0,34.57794521
Zn,14.42255194,0.714574976,194,24,0.0,0.0,0.648712971,0.0,0.0,0.0,0.0,0.023994,0.023994,1.0,1.35,0.0,69,65.38,4,1.65,2.0,0.0,0.0,10,0.0,10,0.0,0.0,0.0,0,0.0,0,0,0,0.0,0,13.96,13.96,0.0,0.0,194,194,194,3,0.0,3700.0,3700.0,120.0,0.0,70.0,0.0,3.02e-05,0.0,220374.6761,169.3645427,-5.197535992,17.02091113,0.000127889,0.000127858,0.000127858,0.0,0.0,0.0,0.0,130.818,0.0,0.0,1e-06,0,0,0,37.18
Zn3As2,20.34274465,0.429236442,137,16,0.552308262,0.080101154,0.373687723,2.521928095,100.8771238,-0.197497,-0.197497,0.016764476,0.016764476,0.023570226,2.137622371,0.0,69,65.38,4,1.862,2.0,0.0,1.44,10,0.0,10,0.0,0.0,1.44,3,1.44,0,0,0,1.44,0,13.96,13.96,0.0,0.0,166,194,194,3,1.94e-07,3505.7375,3700.0,92.0,49.49747468,22.0,48.0,1.63e-05,1.39e-05,220374.6761,169.3645427,-5.197535992,17.02091113,0.000127889,-0.004668149,0.000127858,-0.792620739,-3.0,2.0,6.0,2768.5616,-0.630417207,0.168,5.76,3,0,0,28.156
Zn3P2,18.27705575,0.429998847,137,16,0.561182937,0.08622679,0.370284865,2.521928095,100.8771238,-0.20608,-0.20608,0.01193379,0.01193379,0.035355339,2.438626846,0.0,69,30.973762,4,1.866,2.0,0.0,1.44,10,4.8,10,0.0,0.0,3.36,3,1.44,0,0,0,1.44,0,13.96,13.96,0.78,0.0,2,194,194,3,2.9e-08,3505.7375,3700.0,72.0944,84.68593654,11.0,59.0,1.63e-05,1.39e-05,220374.6761,169.3645427,-5.197535992,17.02091113,0.000683586,0.000127858,0.000127858,-0.828796941,-3.0,2.0,9.12,2065.396192,-0.25146836,0.348,16.8,3,0,0,25.1724
ZnO,11.8492862,0.473056908,186,12,0.790581699,0.385188262,0.339273305,1.0,4.0,-0.338381,-0.222725,0.008654373,0.008771658,0.033671751,3.765899112,0.0,69,15.9994,4,2.545,2.0,0.0,2.0,10,5.0,0,0.0,0.0,3.0,2,1.0,0,0,0,1.0,0,9.105,9.105,0.0,0.0,12,194,12,3,17247200000000.0,317.5,3700.0,60.01329,84.83401884,70.0,20.7942029,1.63e-05,1.39e-05,220374.6761,169.3645427,-5.197535992,17.02091113,0.000127889,-0.000478495,-0.000478495,0.149328657,-2.0,2.0,19.0,162.8168,-0.041521079,0.011849315,14.20357686,4,0,0,45.08328767
ZnS-1,19.54516746,0.370802269,216,96,0.660958306,0.173874497,0.340087381,1.0,8.0,-0.261676,-0.222725,-0.034805726,0.034805726,0.041594517,3.06269835,0.0,69,32.065,4,2.115,2.0,0.0,2.0,10,5.0,0,0.0,0.0,3.0,2,1.0,0,0,0,1.0,0,13.96,13.96,1.101,0.0,70,194,70,3,1414210000000000.0,3505.7375,3700.0,60.1025,84.70785685,7.7,62.3,1.63e-05,1.39e-05,220374.6761,169.3645427,-5.197535992,17.02091113,0.000127889,-0.000414428,-0.000414428,0.149328657,-2.0,2.0,9.25,389.896,-0.248567635,0.011849315,14.20357686,4,0,0,45.08328767
ZnS,19.56166647,0.370489522,186,12,0.774297155,0.351529853,0.339501851,1.0,4.0,-0.261676,-0.222725,-0.034805726,0.034805726,0.041594517,3.06269835,0.0,69,32.065,4,2.115,2.0,0.0,2.0,10,5.0,0,0.0,0.0,3.0,2,1.0,0,0,0,1.0,0,13.96,13.96,1.101,0.0,70,194,70,3,1414210000000000.0,3505.7375,3700.0,60.1025,84.70785685,7.7,62.3,1.63e-05,1.39e-05,220374.6761,169.3645427,-5.197535992,17.02091113,0.000127889,-0.000414428,-0.000414428,0.149328657,-2.0,2.0,9.25,389.896,-0.248567635,0.011849315,14.20357686,4,0,0,45.08328767
ZnSe,22.72392384,0.366939731,216,96,0.660958306,0.173874497,0.340087381,1.0,8.0,-0.245806,-0.222725,-0.007408711,0.021200432,0.054392829,2.856561031,0.0,69,65.38,4,2.1,2.0,0.0,2.0,10,0.0,10,0.0,0.0,2.0,2,1.0,0,0,0,1.0,0,13.96,13.96,0.3995,0.0,14,194,14,3,17247200000000.0,3350.0,3700.0,60.26,84.48511822,8.3,61.7,1.63e-05,1.39e-05,220374.6761,169.3645427,-5.197535992,17.02091113,0.000127889,-0.000401584,-0.000401584,0.149328657,-2.0,2.0,5.5,577.476,-0.792555221,0.011849315,14.20357686,4,0,0,45.08328767
ZnTe-1,28.52960195,0.382059923,216,96,0.660958306,0.173874497,0.340087381,1.0,8.0,-0.226594,-0.222725,0.023994,0.023994,1.0,2.454163033,0.0,69,65.38,5,1.875,2.0,0.0,2.0,10,0.0,10,0.0,0.0,2.0,2,1.0,0,0,0,1.0,0,13.96,13.96,0.232,0.0,152,194,152,3,7.07e-05,2610.0,3700.0,61.5,82.7314934,65.0,5.0,1.63e-05,1.39e-05,220374.6761,169.3645427,-5.197535992,17.02091113,0.000127889,-0.000893918,-0.000893918,0.149328657,-2.0,2.0,0.0,772.036,0.0,0.011849315,14.20357686,4,0,0,45.08328767
ZnTe-2,28.56397222,0.3816002,186,12,0.767280995,0.33760644,0.339661191,1.0,4.0,-0.226594,-0.222725,0.023994,0.023994,1.0,2.454163033,0.0,69,65.38,5,1.875,2.0,0.0,2.0,10,0.0,10,0.0,0.0,2.0,2,1.0,0,0,0,1.0,0,13.96,13.96,0.232,0.0,152,194,152,3,7.07e-05,2610.0,3700.0,61.5,82.7314934,65.0,5.0,1.63e-05,1.39e-05,220374.6761,169.3645427,-5.197535992,17.02091113,0.000127889,-0.000893918,-0.000893918,0.149328657,-2.0,2.0,0.0,772.036,0.0,0.011849315,14.20357686,4,0,0,45.08328767
ZrO2,11.28739335,0.514086467,137,16,0.39857657,0.050981684,0.415516838,0.918295834,5.509775004,-0.338381,-0.162391,-0.038680877,0.038680877,0.037712362,7.630284422,0.0,87,15.9994,5,2.736666667,2.0,0.0,1.777777778,2,0.888888889,0,0.0,0.0,0.888888889,2,0.888888889,2,8,2,2.666666667,2,9.105,9.105,0.0,0.0,12,194,12,3,17247200000000.0,317.5,3800.0,7.684386667,16.24466107,90.7942029,0.0,5.7e-06,1.06e-05,193860.3778,736.7362453,-30.30939565,21.93166046,0.000145153,-0.000478495,-0.000478495,-0.378109218,-2.0,4.0,20.88888889,246.4456,-0.024494268,0.13391172,12.62540166,6,0,2,46.70438356
ZrS2,23.76303232,0.336322279,164,12,0.349380908,0.069245972,0.374262287,0.918295834,2.754887502,-0.261676,-0.162391,-0.029878581,0.029878581,0.049621529,5.831642018,0.0,88,32.065,5,2.163333333,2.0,0.0,1.777777778,2,0.888888889,0,0.0,0.0,0.888888889,2,0.888888889,2,8,2,2.666666667,2,23.195,25.786875,0.978666667,2.202,70,194,70,3,1414210000000000.0,3505.7375,3800.0,7.803333333,16.11849908,7.7,83.0942029,5.7e-06,1.06e-05,193860.3778,688.7617189,-30.30939565,21.93166046,0.000145153,-0.000414428,-0.000414428,-0.378109218,-2.0,4.0,12.22222222,155.354,-0.11589521,0.13391172,12.62540166,6,0,2,46.70438356
ZrSe3,24.92645022,0.348128291,11,4,0.385392091,0.072578648,0.351293456,2.0,16.0,-0.245806,-0.245806,0.013297812,0.018857306,0.03928371,4.644271233,0.0,89,78.96,5,2.245,2.0,0.0,1.5,10,3.0,10,0.0,0.0,4.5,2,0.75,2,8,2,2.25,2,23.195,25.92,0.299625,0.799,14,194,14,3,17247200000000.0,3350.0,3800.0,6.14,15.89576044,8.3,82.4942029,5.7e-06,1.06e-05,193860.3778,646.9921645,-30.30939565,21.93166046,0.000145153,-0.000401584,-0.000401584,-0.313704363,-1.0,3.0,7.5,656.208,-0.255331227,0.112988014,10.65268265,6,0,2,48.27493151
Ag2O,17.9070372,0.65559604,224,48,0.353591591,0.066273265,0.255065536,0.918295834,5.509775004,-0.298706,-0.157407,0.005375586,0.028002747,0.0,3.148967191,0.0,65,15.9994,5,2.433333333,1.333333333,0.444444444,1.777777778,10,4.444444444,10,0.0,0.0,2.222222222,2,0.888888889,0,0,1,0.444444444,1,9.105,16.33,0.0,0.0,12,225,225,3,17247200000000.0,317.5,2600.0,286.6755267,304.037121,90.7942029,9.205797101,1.63e-05,2.62e-06,200974.7217,34.00272875,42.78526199,17.10095134,0.000140408,-0.000478495,0.00014037,-0.021402835,-2.0,1.0,17.77777778,463.4716,-0.051226355,0.06608828,12.62540166,5,1,0,36.76219178
AgBr,24.19196896,0.486275239,225,192,1.0,1.0,0.523598776,1.0,8.0,-0.295334,-0.157407,-0.011593498,0.011593498,0.047140452,2.744621038,0.0,65,79.904,5,2.445,1.5,0.5,2.5,10,0.0,10,0.0,0.0,3.0,1,0.5,0,0,1,0.0,1,16.33,16.33,0.7285,0.0,64,225,64,3,55154328933.0,2600.0,3505.7375,215.06,303.9710631,1.9,98.1,1.63e-05,2.62e-06,200974.7217,34.00272875,42.78526199,17.10095134,0.000140408,-0.000469544,-0.000469544,-0.038202965,-1.0,1.0,2.458860759,751.0888,-5.284457179,0.074349315,14.20357686,6,1,0,40.81828767
AgCl,21.31529063,0.500722117,225,192,1.0,1.0,0.523598776,1.0,8.0,-0.298706,-0.157407,-0.011593498,0.011593498,0.047140452,2.903691576,0.0,65,35.453,5,2.545,1.5,0.5,2.5,10,5.0,0,0.0,0.0,2.0,1,0.5,0,0,1,0.0,1,16.33,16.33,1.2465,0.0,64,225,64,3,7.071067801,206.0,2600.0,215.00445,304.0496227,1.1,98.9,1.63e-05,2.62e-06,200974.7217,34.00272875,42.78526199,17.10095134,0.000140408,-0.000568144,-0.000568144,-0.038202965,-1.0,1.0,2.458860759,573.2848,-5.284457179,0.074349315,14.20357686,6,1,0,40.81828767
AgI,35.48769915,0.403679665,186,12,0.785888808,0.375304062,0.339127905,1.0,4.0,-0.267904,-0.157407,-0.011593498,0.011593498,0.047140452,2.497759898,0.0,65,107.8682,5,2.295,1.5,0.5,2.5,10,0.0,10,0.0,0.0,3.0,1,0.5,0,0,1,0.0,1,16.33,16.33,0.531,0.0,64,225,64,3,9192388.155,2600.0,3505.7375,215.2245,303.738425,7.7,92.3,1.63e-05,2.62e-06,200974.7217,34.00272875,42.78526199,17.10095134,0.000140408,-0.000457883,-0.000457883,-0.038202965,-1.0,1.0,2.458860759,469.54534,-5.284457179,0.074349315,14.20357686,6,1,0,40.81828767
AgNO3,12.44580312,0.337816162,61,8,0.524969565,0.123868209,0.179704677,2.321928095,92.8771238,-0.298706,-0.298706,0.000425132,0.023500868,0.132343466,3.814663545,0.784888527,87,14.0067,5,3.058,1.8,0.32,1.2,10,3.2,0,0.0,0.0,1.68,3,0.72,2,0,1,0.4,2,9.105,9.105,2.05984,0.0,12,225,12,3,13037600000000.0,317.5,2600.0,86.021114,229.8305607,90.7942029,9.205797101,1.63e-05,2.62e-06,200974.7217,736.7362453,42.78526199,17.10095134,0.000140408,-0.000737103,-0.000478495,0.022957902,-2.0,5.0,13.44,1358.9848,-0.053513877,0.472975342,28.67543379,8,1,0,37.52194521
Al(NO3)3,9.213695208,0.078948737,14,4,0.988878939,0.205982981,0.082409197,5.346928095,855.5084952,-0.338381,-0.338381,-0.015789958,0.019629325,0.030321964,4.480482205,0.580246499,87,1.00794,3,2.80625,1.55,0.495,1.8975,0,0.0,0,0.0,0.0,2.37,5,1.125,0,0,1,0.63,1,6.615,6.615,3.81579375,0.0,12,225,12,2,4962950000000.0,317.5,5100.0,5.97012325,47.79641286,76.0,14.7942029,1.63e-05,6.82e-06,157354.8977,736.7362453,-37.09278318,16.80903446,0.001868154,-0.000737103,-0.000478495,1.511393895,-2.0,5.0,22.36364715,1500.535034,-0.049274816,0.401018322,17.5415411,9,1,0,24.5087089
AlCl3,23.00284797,0.225489486,12,8,0.21452975,0.135991658,0.286059033,1.5,24.0,-0.32038,-0.286883,-0.010038654,0.028186888,0.212132034,3.863313044,0.0,94,26.9815386,3,2.7725,2.0,0.0,1.5,0,0.0,0,0.0,0.0,1.5,4,1.5,1,0,1,1.5,1,16.48,24.4975,0.934875,2.493,64,225,64,2,7.071067793,206.0,5100.0,58.756675,166.1638003,1.1,74.9,1.63e-05,6.82e-06,157354.8977,778.0546601,-37.09278318,16.80903446,0.000178962,-0.000568144,-0.000568144,-0.298543665,-1.0,3.0,2.40664557,533.3621544,-3.433882983,0.027636986,10.65268265,6,0,0,46.38743151
AuCl3,27.86696241,0.205192487,14,4,0.305789829,0.079769489,0.223932098,2.0,32.0,-0.304738,-0.304738,-0.029533737,0.029533737,0.400693843,2.722551987,0.0,94,35.453,6,3.005,1.75,0.375,1.875,10,3.75,0,3.5,5.25,6.75,1,0.375,1,0,1,0.0,1,16.7,24.4975,0.934875,2.493,64,225,64,3,7.071067796,206.0,1740.0,80.006675,226.2678767,1.1,218.9,1.42e-05,2.08e-06,324361.4986,778.0546601,-36.53975772,21.04207243,8.69e-05,-0.000568144,-0.000568144,-0.15088517,-1.0,3.0,2.03164557,1213.302276,-4.850565236,0.205761986,10.65268265,6,1,0,46.63243151
BaCO3,15.01662161,0.6097358,160,18,0.544267554,0.13795885,0.204905805,1.370950594,20.56425892,-0.338381,-0.338381,0.080653041,0.089029399,0.044536177,6.096779261,1.173797257,87,12.0107,6,2.752,2.0,0.0,1.44,0,0.0,0,0.0,0.0,1.44,4,0.8,2,0,0,0.8,2,5.64,9.105,1.43872,0.0,12,229,12,2,15967800000000.0,317.5,18350.0,31.615948,73.01213519,9.6,81.1942029,7.1e-06,1.35e-05,62199.72394,736.7362453,-136.5393806,16.82117099,0.000835509,-0.000478495,-0.000478495,0.391536453,-2.0,4.0,26.48,592.0077,-0.019581416,0.6272,28.03543379,6,0,0,123.0329452
Bi(NO3)3,15.69415595,0.117790575,2,2,0.496230349,0.169837268,0.202330194,4.169925001,150.1173001,-0.338381,-0.338381,0.012187446,0.022037863,0.068746493,3.387500959,0.0,87,14.0067,6,3.294444444,2.0,0.0,0.345679012,10,1.049382716,0,0.777777778,1.469135802,2.432098765,1,0.345679012,2,0,2,0.345679012,2,9.105,9.105,1.788055556,0.0,12,194,12,2,9257990000000.0,317.5,1790.0,0.469422778,3.026462605,31.0,59.7942029,1.34e-05,2.88e-06,103172.6523,736.7362453,-80.96944956,20.90051016,0.000276223,-0.000737103,-0.000478495,-0.017221645,0.0,0.0,6.104938272,949.9842,-0.054720382,0.393222983,12.78271981,10,0,0,41.92566971
BiBr3,37.58391847,0.241254538,12,8,0.172178521,0.096894064,0.332925026,1.5,24.0,-0.295334,-0.180198,0.006347497,0.01021855,0.023570226,2.632513378,0.0,95,79.904,6,2.725,2.0,0.0,0.75,10,0.0,10,3.5,5.25,4.5,2,0.75,1,0,1,0.75,1,29.48,29.48,0.546375,1.457,12,64,64,2,55154328933.0,1790.0,3505.7375,2.09,5.572001436,1.9,29.1,1.34e-05,2.88e-06,103172.6523,799.3423707,-80.96944956,20.90051016,0.000276223,-0.000469544,-0.000469544,-0.366701659,-1.0,3.0,1.53085443,1794.7696,-9.088672996,0.018261986,10.65268265,8,0,0,42.95243151
BiCl3,27.3483844,0.271713082,62,8,0.231333292,0.057741669,0.318759148,1.5,24.0,-0.32038,-0.180198,0.006347497,0.01021855,0.023570226,2.986911304,0.0,94,35.453,6,2.875,2.0,0.0,0.75,10,3.75,0,3.5,5.25,8.25,2,0.75,1,0,1,0.75,1,24.4975,24.4975,0.934875,2.493,12,64,64,2,7.0710669,206.0,1790.0,2.006675,5.650560999,1.1,29.9,1.34e-05,2.88e-06,103172.6523,778.0546601,-80.96944956,20.90051016,0.000276223,-0.000568144,-0.000568144,-0.366701659,-1.0,3.0,1.53085443,1261.3576,-9.088672996,0.018261986,10.65268265,8,0,0,42.95243151
BiI3,45.97648548,0.280792481,148,18,0.178532163,0.092219419,0.33736431,0.811278124,19.47067499,-0.267904,-0.180198,0.006347497,0.01021855,0.023570226,2.143886918,0.0,96,126.90447,6,2.5,2.0,0.0,0.75,10,0.0,10,3.5,5.25,4.5,2,0.75,1,0,1,0.75,1,32.95,43.015,0.39825,1.062,12,64,64,2,9192388.155,1790.0,3505.7375,2.33675,5.339363305,7.7,23.3,1.34e-05,2.88e-06,103172.6523,763.0549179,-80.96944956,20.90051016,0.000276223,-0.000457883,-0.000457883,-0.366701659,-1.0,3.0,1.53085443,3538.16286,-9.088672996,0.018261986,10.65268265,8,0,0,42.95243151
CS2,35.84752253,0.091260007,64,16,0.380455167,0.053632817,0.055117514,0.918295834,11.01955001,-0.261676,-0.261676,-0.00784262,0.022010929,0.058925565,4.130868017,0.0,88,12.0107,3,2.57,2.0,0.0,0.888888889,0,0.0,0,0.0,0.0,0.888888889,2,0.888888889,2,0,2,0.888888889,2,5.64,25.786875,1.019555556,2.202,70,194,70,2,1414210000000000.0,3505.7375,18350.0,46.80333333,98.84999248,7.7,25.3,7.1e-06,9.18e-06,34182.10615,688.7617189,-543.0263829,7.705405766,0.000835509,-0.000414428,-0.000414428,0.658869141,-2.0,4.0,5.777777778,304.5628,-0.313483202,0.48608828,12.62540166,6,0,0,185.7577169
CdBr2,30.16595905,0.313154127,186,12,0.35691236,0.065251469,0.380283926,1.584962501,9.509775004,-0.295334,-0.204228,0.000448877,0.022619803,0.538748024,2.426469973,0.0,95,79.904,5,2.536666667,2.0,0.0,2.222222222,10,0.0,10,0.0,0.0,2.222222222,1,0.444444444,1,0,0,0.444444444,1,19.495,29.48,0.647555556,1.457,64,194,64,3,55154328933.0,2310.0,3505.7375,32.41333333,68.50450496,1.9,40.1,1.63e-05,1.45e-05,210065.7165,799.3423707,-0.509162544,16.70807701,0.000133778,-0.000469544,-0.000469544,0.055244139,-1.0,2.0,0.70323488,544.438,-57.04967703,0.000578387,12.62540166,5,0,0,43.36771689
CdCl2,26.22371488,0.304763731,166,36,0.349394089,0.06984479,0.372787967,0.918295834,8.264662506,-0.32038,-0.204228,0.000448877,0.022619803,0.538748024,2.803658993,0.0,94,35.453,5,2.67,2.0,0.0,2.222222222,10,4.444444444,0,0.0,0.0,2.222222222,1,0.444444444,1,0,0,0.444444444,1,19.495,24.4975,1.108,2.493,64,194,64,3,7.07106776,206.0,2310.0,32.33926667,68.58306452,1.1,40.9,1.63e-05,1.45e-05,210065.7165,778.0546601,-0.509162544,16.70807701,0.000133778,-0.000568144,-0.000568144,0.055244139,-1.0,2.0,0.70323488,549.951,-57.04967703,0.000578387,12.62540166,5,0,0,43.36771689
CdI2,37.92827118,0.339119172,156,6,0.353754771,0.066368668,0.378441491,4.906890596,147.2067179,-0.267904,-0.204228,0.000448877,0.022619803,0.538748024,1.953750225,0.0,96,112.411,5,2.336666667,2.0,0.0,2.222222222,10,0.0,10,0.0,0.0,2.222222222,1,0.444444444,1,0,0,0.444444444,1,19.495,43.015,0.472,1.062,64,194,64,3,9192388.155,2310.0,3505.7375,32.63266667,68.27186683,7.7,34.3,1.63e-05,1.45e-05,210065.7165,763.0549179,-0.509162544,16.70807701,0.000133778,-0.000457883,-0.000457883,0.055244139,-1.0,2.0,0.70323488,3662.1994,-57.04967703,0.000578387,12.62540166,5,0,0,43.36771689
CdO,13.16085097,0.626984905,225,192,1.0,1.0,0.523598776,1.0,8.0,-0.338381,-0.204228,-0.036399652,0.036399652,0.033671751,3.226151347,0.0,70,15.9994,5,2.565,2.0,0.0,2.0,10,5.0,0,0.0,0.0,3.0,2,1.0,0,0,0,1.0,0,9.105,9.105,0.0,0.0,12,194,12,3,17247200000000.0,317.5,2310.0,48.51329,68.57056288,42.0,48.7942029,1.63e-05,1.45e-05,210065.7165,222.1232797,-0.509162544,16.70807701,0.000133778,-0.000478495,-0.000478495,0.071061999,-2.0,2.0,23.25,513.6416,-0.032542741,0.000650685,14.20357686,4,0,0,38.55828767
CeBr3,31.14554376,0.366294196,176,12,0.203256809,0.093061083,0.482726876,0.811278124,6.490224996,-0.295334,-0.295334,-0.012197991,0.018819567,0.151522882,4.256770135,0.0,95,79.904,6,2.5,2.0,0.0,1.875,10,3.375,10,0.25,0.375,4.875,1,0.375,1,9,1,7.875,1,29.48,29.48,0.546375,1.457,64,194,64,3,55154328933.0,2100.0,3505.7375,2.84,7.693321779,1.9,20.1,6.3e-06,9.98e-06,12514.62608,799.3423707,298.8756203,36.29955887,0.00214638,-0.000469544,-0.000469544,-0.220668153,-1.0,3.0,5.28085443,759.656,-0.813549139,0.163613014,10.65268265,7,0,1,42.73243151
CeCl3,26.20329374,0.372932309,176,12,0.20685723,0.092663494,0.499592037,0.811278124,6.490224996,-0.32038,-0.32038,-0.012197991,0.018819567,0.151522882,4.83582085,0.0,94,35.453,6,2.65,2.0,0.0,1.875,1,0.375,0,0.25,0.375,1.125,1,0.375,1,9,1,7.875,1,24.4975,24.4975,0.934875,2.493,64,194,64,3,7.071067286,206.0,2100.0,2.756675,7.771881343,1.1,20.9,6.3e-06,9.98e-06,12514.62608,778.0546601,298.8756203,36.29955887,0.00214638,-0.000568144,-0.000568144,-0.220668153,-1.0,3.0,5.28085443,492.95,-0.813549139,0.163613014,10.65268265,7,0,1,42.73243151
Co2(CO)8,15.326136,0.142618608,11,4,0.469020409,0.198250337,0.069240405,4.392147224,316.2346001,-0.322368,-0.322368,0.031091641,0.034677686,0.010886621,5.721406081,0.473761543,77,12.0107,4,2.871111111,2.0,0.0,1.185185185,7,1.382716049,0,0.0,0.0,1.283950617,4,1.185185185,2,3,2,0.888888889,2,5.64,5.64,2.220246914,0.0,12,194,12,3,15744400000000.0,317.5,18350.0,73.34514667,86.58565987,33.0,147.0,7.1e-06,9.18e-06,147998.5402,518.9706708,272.9728542,21.8785579,0.000835509,-0.000478495,-0.000478495,1.378422438,-2.0,2.0,7.950617284,1367.78876,-0.142088681,0.540098089,22.32452036,13,0,7,232.6184779
CoCl2,21.53024049,0.289260976,166,36,0.323273059,0.084213126,0.351462247,0.918295834,8.264662506,-0.32038,-0.32038,0.005421263,0.018723238,0.094280904,3.371287923,0.0,94,35.453,4,2.733333333,2.0,0.0,2.222222222,7,3.111111111,0,0.0,0.0,0.888888889,1,0.444444444,1,3,1,0.888888889,1,10.245,24.4975,1.108,2.493,64,194,64,3,7.071067768,206.0,4720.0,33.33926667,70.70438487,1.1,178.9,1.3e-05,3.28e-06,147998.5402,778.0546601,272.9728542,21.8785579,0.000195097,-0.000568144,-0.000568144,0.193968486,-1.0,2.0,6.407876231,389.517585,-0.595730985,0.232754947,12.62540166,12,0,7,60.79771689
CoF2,11.49687681,0.329167432,136,16,0.374031597,0.065666262,0.363553798,0.918295834,5.509775004,-0.322368,-0.322368,0.005421263,0.018723238,0.094280904,4.364535153,0.0,93,18.9984032,4,3.28,2.0,0.0,2.222222222,7,3.111111111,0,0.0,0.0,0.888888889,1,0.444444444,1,3,1,0.888888889,1,9.7075,9.7075,0.875555556,1.97,15,194,15,3,17247200000000.0,3505.7375,4720.0,33.3518,70.69109126,90.7942029,89.2057971,1.3e-05,3.28e-06,147998.5402,846.8504535,272.9728542,21.8785579,0.000195097,-0.000605728,-0.000605728,0.193968486,-1.0,2.0,6.407876231,193.8600028,-0.595730985,0.232754947,12.62540166,12,0,7,60.79771689
CrCl3,23.35862313,0.257511014,12,8,0.208803965,0.131497292,0.290967857,1.5,24.0,-0.118123,-0.118123,-0.006462068,0.006462068,0.023570226,3.669189714,0.0,94,35.453,4,2.785,1.75,0.375,1.875,5,1.875,0,0.0,0.0,0.375,1,0.375,1,5,1,1.875,1,11.19,24.4975,0.934875,2.493,64,229,64,3,7.071067723,206.0,5940.0,23.506675,66.46174418,1.1,158.9,4.9e-06,1.14e-05,205534.1999,778.0546601,50.53564017,14.18289415,0.000137009,-0.000568144,-0.000568144,0.209339573,-1.0,3.0,4.46914557,633.4204,-0.959746035,0.112011986,10.65268265,11,1,5,68.91493151
Cs2CO3,21.18527941,1.191042779,14,4,0.63197279,0.246013808,0.265950058,2.584962501,62.03910002,-0.338381,-0.338381,0.006759132,0.103366057,0.058925565,4.859566402,1.244507935,87,12.0107,6,2.408333333,1.666666667,0.444444444,1.666666667,0,0.0,0,0.0,0.0,2.0,4,1.111111111,2,0,1,0.666666667,2,5.64,9.105,1.248888889,0.0,12,229,12,2,15600700000000.0,317.5,18350.0,35.34662333,63.30811976,1.6,89.1942029,7.1e-06,9.18e-06,34182.10615,736.7362453,-363.1359658,10.4397984,0.001643421,-0.000478495,-0.000478495,0.791083736,-2.0,4.0,44.80555556,1303.279215,-0.017205479,0.771050228,23.75913242,7,1,0,101.925621
CsBr,49.06950351,0.815096926,225,192,1.0,1.0,0.523598776,1.0,8.0,-0.295334,-0.078699,0.024102098,0.024102098,0.0,3.063713427,0.0,5,79.904,6,1.875,1.5,0.5,2.5,10,5.0,0,0.0,0.0,8.0,1,0.5,0,0,1,0.0,1,29.48,29.48,0.7285,0.0,64,229,64,2,55154328933.0,3505.7375,3505.7375,18.06,25.37099131,1.6,0.3,1.63e-05,0.0,16219.15232,631.2342167,-363.1359658,10.4397984,0.001643421,-0.000469544,-0.000469544,0.630603143,-1.0,1.0,27.54113924,851.2378076,-0.082901473,0.525650685,14.20357686,6,1,0,26.81678767
CsOH,18.46720335,1.346394177,36,8,0.445741951,0.10428068,0.264845893,1.584962501,19.01955001,-0.338381,-0.233471,-0.022627925,0.022627925,0.032659863,3.781722703,0.997020561,5,1.00794,6,2.143333333,1.333333333,0.444444444,1.777777778,0,0.0,0,0.0,0.0,2.222222222,2,0.888888889,0,0,1,0.444444444,1,6.615,6.615,3.490222222,0.0,12,229,12,2,14082300000000.0,317.5,3505.7375,12.06902667,20.72497374,1.6,89.1942029,1.63e-05,0.0,16219.15232,631.2342167,-363.1359658,10.4397984,0.001868154,-0.000478495,-0.000478495,0.950421324,-2.0,1.0,44.44444444,599.6511676,-0.035221479,0.722222222,19.73651277,6,2,0,17.87785845
Cu(NO3)2,13.25933926,0.151133388,60,8,0.427061976,0.114299999,0.104046933,3.791924539,409.5278502,-0.266297,-0.266297,0.005642121,0.010591107,0.03928371,4.014684933,0.806101731,87,14.0067,4,3.18,1.888888889,0.197530864,0.888888889,10,1.975308642,0,0.0,0.0,1.037037037,3,0.444444444,2,0,1,0.395061728,2,9.105,9.105,2.225135802,0.0,12,225,12,3,10908100000000.0,317.5,3570.0,44.46790444,178.8736351,90.7942029,49.2057971,1.63e-05,2.24e-07,245774.7901,736.7362453,361.6966514,25.65267379,0.000119055,-0.000737103,-0.000478495,0.235285559,-2.0,5.0,7.111111111,2250.6696,-0.101737864,0.504853712,20.92169795,8,1,0,40.33882801
CuBr,22.63095623,0.368447114,216,96,0.660958306,0.173874497,0.340087381,1.0,8.0,-0.202272,-0.172056,-0.008541781,0.008541781,0.0,2.872612222,0.0,64,63.546,4,2.43,1.5,0.5,2.5,10,0.0,10,0.0,0.0,3.0,1,0.5,0,0,1,0.0,1,11.07,11.07,0.7285,0.0,64,225,64,3,55154328933.0,3505.7375,3570.0,200.06,282.7578597,1.9,138.1,1.63e-05,2.24e-07,245774.7901,-452.569845,361.6966514,25.65267379,0.000119055,-0.000469544,-0.000469544,0.188450956,-1.0,1.0,6.958860759,573.8,-0.582431218,0.099349315,14.20357686,6,1,0,49.05828767
CuBr2,30.32971367,0.25329668,12,8,0.349172773,0.089209112,0.243694545,0.918295834,5.509775004,-0.202272,-0.202272,0.005827091,0.015291579,0.094280904,2.648908587,0.0,95,63.546,4,2.606666667,1.666666667,0.444444444,2.222222222,10,0.0,10,0.0,0.0,2.666666667,1,0.444444444,1,0,1,0.0,1,11.07,29.48,0.647555556,1.457,64,225,64,3,55154328933.0,3505.7375,3570.0,133.4133333,282.7578597,1.9,138.1,1.63e-05,2.24e-07,245774.7901,799.3423707,361.6966514,25.65267379,0.000119055,-0.000469544,-0.000469544,0.195941204,-1.0,2.0,6.185654008,446.708,-0.642262193,0.088310502,12.62540166,6,1,0,50.36771689
CuCl,19.20884689,0.377294509,216,96,0.660958306,0.173874497,0.340087381,1.0,8.0,-0.202272,-0.172056,-0.008541781,0.008541781,0.0,3.13026231,0.0,64,35.453,4,2.53,1.5,0.5,2.5,10,5.0,0,0.0,0.0,2.0,1,0.5,0,0,1,0.0,1,11.07,11.07,1.2465,0.0,64,225,64,3,7.0710678,206.0,3570.0,200.00445,282.8364192,1.1,138.9,1.63e-05,2.24e-07,245774.7901,-452.569845,361.6966514,25.65267379,0.000119055,-0.000568144,-0.000568144,0.188450956,-1.0,1.0,6.958860759,395.996,-0.582431218,0.099349315,14.20357686,6,1,0,49.05828767
CuCl2,22.82086544,0.272901936,12,8,0.32927864,0.079847177,0.271497594,0.918295834,5.509775004,-0.202272,-0.202272,0.005827091,0.015291579,0.094280904,3.013476493,0.0,94,35.453,4,2.74,1.666666667,0.444444444,2.222222222,10,4.444444444,0,0.0,0.0,1.777777778,1,0.444444444,1,0,1,0.0,1,11.07,24.4975,1.108,2.493,64,225,64,3,7.0710678,206.0,3570.0,133.3392667,282.8364192,1.1,138.9,1.63e-05,2.24e-07,245774.7901,778.0546601,361.6966514,25.65267379,0.000119055,-0.000568144,-0.000568144,0.195941204,-1.0,2.0,6.185654008,268.904,-0.642262193,0.088310502,12.62540166,6,1,0,50.36771689
CuI,27.22708742,0.400337258,216,96,0.660958306,0.173874497,0.340087381,1.0,8.0,-0.202272,-0.172056,-0.008541781,0.008541781,0.0,2.643417968,0.0,64,63.546,5,2.28,1.5,0.5,2.5,10,0.0,10,0.0,0.0,3.0,1,0.5,0,0,1,0.0,1,11.07,11.07,0.531,0.0,64,225,64,3,9192388.155,3505.7375,3570.0,200.2245,282.5252215,7.7,132.3,1.63e-05,2.24e-07,245774.7901,-452.569845,361.6966514,25.65267379,0.000119055,-0.000457883,-0.000457883,0.188450956,-1.0,1.0,6.958860759,761.80188,-0.582431218,0.099349315,14.20357686,6,1,0,49.05828767
CuSO4,11.21517841,0.269187271,62,8,0.370596952,0.114743947,0.178749884,2.251629167,54.03910002,-0.202272,-0.202272,-0.001498758,0.010549489,0.0,4.29910724,0.480832611,87,15.9994,4,3.04,1.833333333,0.277777778,1.111111111,10,2.777777778,0,0.0,0.0,1.388888889,2,0.555555556,2,0,1,0.277777778,2,9.105,9.105,0.611666667,0.0,12,225,12,3,1043880000000000.0,317.5,3570.0,66.71855333,210.7857148,7.7,132.3,1.63e-05,2.24e-07,245774.7901,736.7362453,361.6966514,25.65267379,0.000119055,-0.000478495,-0.000478495,0.18522789,-2.0,6.0,11.86111111,638.4344,-0.077159456,0.055194064,14.20357686,9,1,0,51.67714612
DyCl3,24.62456423,0.355495307,63,16,0.236024955,0.071305552,0.423902261,1.5,24.0,-0.265302,-0.265302,-0.010947629,0.010947629,0.0,4.519844974,0.0,94,35.453,6,2.675,2.0,0.0,1.875,0,0.0,0,2.5,3.75,1.875,1,0.375,1,0,1,1.125,1,24.4975,24.4975,0.934875,2.493,64,194,64,3,7.071067157,206.0,2710.0,2.756675,7.771881343,1.1,39.9,9.9e-06,6.38e-06,186634.3555,778.0546601,-66.71442563,21.15971665,0.000150622,-0.000568144,-0.000568144,-0.025728862,-1.0,3.0,3.96835443,1075.436,-1.409519477,0.157988014,10.65268265,15,0,0,46.09243151
ErCl3,35.46510997,0.246831803,194,24,0.21419408,0.140312901,0.267680717,0.811278124,6.490224996,-0.278577,-0.278577,-0.010947629,0.010947629,0.0,4.541546214,0.0,94,35.453,6,2.68,2.0,0.0,1.875,0,0.0,0,3.0,4.5,2.625,1,0.375,1,0,1,0.375,1,24.4975,24.4975,0.934875,2.493,64,194,64,3,7.071067204,206.0,2830.0,3.756675,10.60030847,1.1,42.9,1.22e-05,4.08e-06,179309.5148,778.0546601,-49.98716147,18.96256608,0.000156481,-0.000568144,-0.000568144,-0.053469157,-1.0,3.0,3.96835443,547.236,-1.409519477,0.156113014,10.65268265,17,0,0,47.14743151
ErI3,52.14635256,0.272940559,194,24,0.20569788,0.134612787,0.278426101,0.811278124,6.490224996,-0.267904,-0.267904,-0.010947629,0.010947629,0.0,3.282420115,0.0,96,126.90447,6,2.305,2.0,0.0,1.875,10,3.75,10,3.0,4.5,1.125,1,0.375,1,0,1,0.375,1,30.585,43.015,0.39825,1.062,64,194,64,3,9192388.155,2830.0,3505.7375,4.08675,10.28911077,7.7,36.3,1.22e-05,4.08e-06,179309.5148,763.0549179,-49.98716147,18.96256608,0.000156481,-0.000457883,-0.000457883,-0.053469157,-1.0,3.0,3.96835443,1095.94482,-1.409519477,0.156113014,10.65268265,17,0,0,47.14743151
EuCl3,25.4454685,0.384039101,176,12,0.198011581,0.099290478,0.493579772,0.811278124,6.490224996,-0.232773,-0.232773,0.02898393,0.02898393,0.062391775,3.822986631,0.0,94,35.453,6,2.66625,2.0,0.0,1.875,0,0.0,0,1.75,2.625,0.75,1,0.375,1,0,1,2.25,1,24.4975,24.4975,0.934875,2.493,64,229,64,3,7.071067175,206.0,3505.7375,3.506675,9.893201686,1.1,7.2,1.63e-05,1.87e-05,140883.8962,778.0546601,592.4025881,44.88734787,0.000199656,-0.000568144,-0.000568144,-0.13890591,-1.0,3.0,7.90585443,516.646,-0.378955997,0.159863014,10.65268265,12,0,0,41.21143151
EuI2,41.68982565,0.395859411,14,4,0.414505365,0.036432938,0.447951753,1.584962501,19.01955001,-0.232773,-0.232773,0.005814213,0.014808906,0.027729678,3.234846508,0.0,96,126.90447,6,2.168333333,2.0,0.0,2.222222222,10,4.444444444,10,2.333333333,3.111111111,3.555555556,1,0.444444444,1,0,1,2.666666667,1,36.46,43.015,0.472,1.062,64,229,64,3,9192388.155,3505.7375,3505.7375,4.966,9.582003992,7.7,0.6,1.63e-05,1.87e-05,140883.8962,763.0549179,592.4025881,44.88734787,0.000199656,-0.000457883,-0.000457883,-0.21284606,-1.0,2.0,9.369901547,1623.09176,-0.377560639,0.189467275,12.62540166,12,0,0,37.28638356
Fe(CO)5,16.5611211,0.127361321,15,8,0.407826687,0.206207697,0.061409159,2.732158891,120.2149912,-0.295049,-0.295049,-0.031287868,0.031287868,0.029690785,5.604450439,0.509116882,77,12.0107,4,2.889090909,2.0,0.0,1.157024793,6,0.991735537,0,0.0,0.0,1.157024793,4,1.157024793,2,4,2,0.991735537,2,5.64,5.64,2.229421488,0.0,12,229,12,3,15967800000000.0,317.5,18350.0,70.92117273,87.81414605,33.0,137.0,7.1e-06,9.18e-06,123933.6394,518.9706708,94.0907216,13.20923707,0.000835509,-0.000478495,-0.000478495,1.451912242,-2.0,3.0,7.190082645,783.582,-0.155863413,0.542329899,22.35065474,12,0,6,236.6320797
FeCl2,21.86681218,0.302919032,166,36,0.326020323,0.081796761,0.356103692,0.918295834,8.264662506,-0.295049,-0.295049,0.005421263,0.018723238,0.094280904,3.50762623,0.0,94,35.453,4,2.716666667,2.0,0.0,2.222222222,6,2.666666667,0,0.0,0.0,0.444444444,1,0.444444444,1,4,1,1.333333333,1,10.73,24.4975,1.108,2.493,64,229,64,3,7.071067744,206.0,4910.0,26.6726,56.56224924,1.1,168.9,1.18e-05,4.48e-06,123933.6394,778.0546601,94.0907216,13.20923707,0.000228936,-0.000568144,-0.000568144,0.219427153,-1.0,2.0,6.407876231,380.253,-0.595730985,0.194977169,12.62540166,11,0,6,62.49771689
FeCl3,24.42049166,0.246313744,148,18,0.257011374,0.170512989,0.249913203,0.811278124,19.47067499,-0.295049,-0.295049,-0.007925091,0.010548264,0.023570226,3.286183309,0.0,94,35.453,4,2.8275,2.0,0.0,1.875,6,2.25,0,0.0,0.0,0.375,1,0.375,1,4,1,1.125,1,10.73,24.4975,0.934875,2.493,64,229,64,3,7.071067744,206.0,4910.0,20.006675,56.56224924,1.1,168.9,1.18e-05,4.48e-06,123933.6394,778.0546601,94.0907216,13.20923707,0.000228936,-0.000568144,-0.000568144,0.207350065,-1.0,3.0,5.40664557,973.224,-0.644727421,0.164511986,10.65268265,11,0,6,60.11993151
GaCl3,30.65873423,0.177511754,12,8,0.263459845,0.105658549,0.173674969,2.0,32.0,-0.32038,-0.32038,-0.010743346,0.010743346,0.0,3.320376576,0.0,94,35.453,4,2.8225,2.0,0.0,1.5,10,3.75,0,0.0,0.0,2.25,4,1.5,1,0,1,1.5,1,18.8575,24.4975,0.934875,2.493,64,64,64,2,7.071067713,206.0,2740.0,7.256675,20.4998034,1.1,89.6942029,1.63e-05,0.000103724,161461.5099,778.0546601,-39.61564416,20.63066982,0.000173757,-0.000568144,-0.000568144,-0.334401046,-1.0,3.0,3.71914557,704.328,-1.404665594,0.008886986,10.65268265,6,0,0,49.10743151
GaI3,44.59437109,0.244901385,14,4,0.225506088,0.060076273,0.193766129,2.0,32.0,-0.267904,-0.267904,-0.010743346,0.010743346,0.0,2.319128723,0.0,96,69.723,5,2.4475,2.0,0.0,1.5,10,0.0,10,0.0,0.0,1.5,4,1.5,1,0,1,1.5,1,18.8575,43.015,0.39825,1.062,64,64,64,2,9192388.155,2740.0,3505.7375,7.58675,20.18860571,7.7,83.0942029,1.63e-05,0.000103724,161461.5099,763.0549179,-39.61564416,20.63066982,0.000173757,-0.000457883,-0.000457883,-0.334401046,-1.0,3.0,3.71914557,1801.74564,-1.404665594,0.008886986,10.65268265,6,0,0,49.10743151
GdCl3,24.53803782,0.376918841,176,12,0.200093685,0.09509101,0.476704438,0.811278124,6.490224996,-0.32038,-0.32038,-0.011091787,0.011091787,0.0,4.785957163,0.0,94,35.453,6,2.67,2.0,0.0,1.875,1,0.375,0,1.75,2.625,1.125,1,0.375,1,9,1,5.625,1,24.4975,24.4975,0.934875,2.493,64,194,64,3,7.071066886,206.0,2680.0,2.756675,7.771881343,1.1,36.9,9.4e-06,6.88e-06,177291.5435,778.0546601,-422.8301557,6.781106785,0.00015798,-0.000568144,-0.000568144,-0.145784534,-1.0,3.0,4.15585443,527.218,-1.289243303,0.159863014,10.65268265,13,0,1,45.30743151
GeBr2,30.49163188,0.228723775,136,16,0.357173309,0.074294884,0.377682614,0.918295834,5.509775004,-0.295334,-0.149882,-0.008314722,0.018303372,0.042854956,2.670538141,0.0,95,72.64,4,2.643333333,2.0,0.0,1.333333333,10,0.0,10,0.0,0.0,1.333333333,3,1.333333333,1,0,1,1.333333333,1,23.005,29.48,0.477333333,1.457,64,225,64,2,55154328933.0,3505.7375,5400.0,20.08,42.34155406,1.9,88.8942029,6e-06,1.03e-05,112438.0625,799.3423707,-114.8107851,20.35038171,0.00024795,-0.000469544,-0.000469544,-0.348302439,-1.0,2.0,8.852320675,464.896,-0.296480428,0.110532725,12.62540166,7,0,0,48.40438356
GeCl4,31.43536149,0.158651853,14,4,0.169358443,0.116038883,0.157739165,2.321928095,46.4385619,-0.32038,-0.32038,0.001080904,0.009976516,0.094280904,3.310285853,0.0,94,35.453,4,2.93,2.0,0.0,0.96,10,3.2,0,0.0,0.0,2.24,3,0.96,1,0,1,0.96,1,23.005,24.4975,0.6752,2.493,64,225,64,2,7.070714258,206.0,5400.0,12.00712,42.42011362,1.1,89.6942029,6e-06,1.03e-05,112438.0625,778.0546601,-114.8107851,20.35038171,0.00024795,-0.000568144,-0.000568144,-0.247118493,-1.0,4.0,6.373670886,857.808,-0.348652116,0.079583562,9.090289193,7,0,0,50.23726027
GeI2,38.12710776,0.272503505,164,12,0.349537787,0.067631788,0.376579958,2.281036113,20.52932501,-0.267904,-0.149882,-0.008314722,0.018303372,0.042854956,2.618326204,0.0,96,72.64,5,2.443333333,2.0,0.0,1.333333333,10,0.0,10,0.0,0.0,1.333333333,3,1.333333333,1,0,1,1.333333333,1,23.005,43.015,0.301777778,1.062,64,225,64,2,9192388.155,3505.7375,5400.0,20.29933333,42.10891593,7.7,83.0942029,6e-06,1.03e-05,112438.0625,763.0549179,-114.8107851,20.35038171,0.00024795,-0.000457883,-0.000457883,-0.348302439,-1.0,2.0,8.852320675,979.34682,-0.296480428,0.110532725,12.62540166,7,0,0,48.40438356
GeI4,46.5208914,0.232830415,205,24,0.127100968,0.08836527,0.180185067,1.370950594,54.83802378,-0.267904,-0.267904,0.001080904,0.009976516,0.094280904,2.244300152,0.0,96,72.64,5,2.53,2.0,0.0,0.96,10,0.0,10,0.0,0.0,0.96,3,0.96,1,0,1,0.96,1,23.005,43.015,0.21728,1.062,64,225,64,2,9192388.155,3505.7375,5400.0,12.3592,42.10891593,7.7,83.0942029,6e-06,1.03e-05,112438.0625,763.0549179,-114.8107851,20.35038171,0.00024795,-0.000457883,-0.000457883,-0.247118493,-1.0,4.0,6.373670886,4642.06304,-0.348652116,0.079583562,9.090289193,7,0,0,50.23726027
GeO2,13.58027093,0.245228005,152,6,0.335048924,0.080360015,0.204802572,0.918295834,8.264662506,-0.338381,-0.338381,-0.009224013,0.009224013,1.49e-08,5.17332233,0.0,87,15.9994,4,2.963333333,2.0,0.0,0.888888889,10,4.444444444,0,0.0,0.0,3.555555556,2,0.888888889,2,0,2,0.888888889,2,9.105,9.105,0.170222222,0.0,12,225,12,2,17247200000000.0,317.5,5400.0,20.01772,42.40761197,90.7942029,0.0,6e-06,1.03e-05,112438.0625,736.7362453,-114.8107851,20.35038171,0.00024795,-0.000478495,-0.000478495,-0.348302439,-2.0,4.0,11.11111111,313.9164,-0.061983889,0.110532725,12.62540166,6,0,0,48.40438356
HfCl4,28.85117789,0.224279869,13,4,0.230257671,0.135607715,0.242832759,1.521928095,15.21928095,-0.32038,-0.166465,0.009918564,0.020016811,0.424264069,4.732099309,0.0,94,35.453,6,2.788,2.0,0.0,1.6,2,0.64,0,2.8,4.48,3.52,1,0.32,1,8,1,2.24,1,22.2,24.4975,0.79776,2.493,64,194,64,3,7.071067578,206.0,3010.0,4.60712,16.25716272,1.1,108.9,5.9e-06,1.04e-05,197540.2814,778.0546601,-39.59749363,19.45820627,0.000143604,-0.000568144,-0.000568144,-0.23123912,-1.0,4.0,0.666329114,640.604,-35.865324,0.072416438,9.090289193,7,0,2,52.98326027
HgBr2,33.90233665,0.264273029,143,3,0.344310983,0.076267519,0.346829499,2.113283334,19.01955001,-0.295334,-0.205137,0.023962752,0.023962752,1.0,1.865436916,0.0,95,79.904,6,2.64,2.0,0.0,2.222222222,10,0.0,10,4.666666667,6.222222222,4.0,1,0.444444444,1,0,0,0.444444444,1,25.23758621,29.48,0.647555556,1.457,64,166,64,3,55154328933.0,1407.0,3505.7375,2.846666667,5.78413347,1.9,23.1,1.63e-05,0.0,227041.6426,799.3423707,-10.09454677,17.95032057,0.000123871,-0.000469544,-0.000469544,0.042382472,-1.0,2.0,0.407876231,1081.194,-165.9587953,0.032754947,12.62540166,5,0,0,38.66105023
HgCl2,28.30774787,0.265118787,62,8,0.427969978,0.032135336,0.228747644,1.584962501,19.01955001,-0.32038,-0.205137,0.023962752,0.023962752,1.0,2.164558957,0.0,94,35.453,6,2.773333333,2.0,0.0,2.222222222,10,4.444444444,0,4.666666667,6.222222222,8.444444444,1,0.444444444,1,0,0,0.444444444,1,24.4975,24.4975,1.108,2.493,64,166,64,3,7.071067132,206.0,1407.0,2.7726,5.862693033,1.1,23.9,1.63e-05,0.0,227041.6426,778.0546601,-10.09454677,17.95032057,0.000123871,-0.000568144,-0.000568144,0.042382472,-1.0,2.0,0.407876231,1085.984,-165.9587953,0.032754947,12.62540166,5,0,0,38.66105023
HgI2,43.52917164,0.284294005,142,32,0.266867149,0.051055536,0.272315917,1.918295834,184.1564001,-0.267904,-0.205137,0.023962752,0.023962752,1.0,1.527950728,0.0,96,126.90447,6,2.44,2.0,0.0,2.222222222,10,0.0,10,4.666666667,6.222222222,4.0,1,0.444444444,1,0,0,0.444444444,1,25.23758621,43.015,0.472,1.062,64,166,64,3,9192388.155,1407.0,3505.7375,3.066,5.551495339,7.7,17.3,1.63e-05,0.0,227041.6426,763.0549179,-10.09454677,17.95032057,0.000123871,-0.000457883,-0.000457883,0.042382472,-1.0,2.0,0.407876231,14540.76608,-165.9587953,0.032754947,12.62540166,5,0,0,38.66105023
I2,42.52799381,0.270269987,64,16,0.0,0.0,0.243162872,0.0,0.0,-0.267904,-0.267904,0.023994,0.023994,1.0,1.11,0.0,96,126.90447,5,2.66,2.0,0.0,0.0,10,0.0,10,0.0,0.0,0.0,0,0.0,1,0,1,0.0,1,43.015,43.015,0.0,1.062,64,64,64,2,0.0,3505.7375,3505.7375,0.449,0.0,7.7,0.0,1.63e-05,0.0,-61668.0803,763.0549179,-662.9199895,4.415443173,-0.000457804,-0.000457883,-0.000457883,-0.071470892,0.0,0.0,0.0,1015.23576,0.0,0.0,1e-06,5,0,0,52.98657534
InBr,32.52183158,0.33776015,63,16,0.572045858,0.124161821,0.427514997,1.0,8.0,-0.290497,-0.101782,0.023980122,0.023980122,1.0,2.804811326,0.0,75,79.904,5,2.37,2.0,0.0,2.0,10,0.0,10,0.0,0.0,2.0,4,2.0,1,0,1,2.0,1,24.26,24.26,0.7285,0.0,64,139,64,2,55154328933.0,1215.0,3505.7375,41.06,57.89790324,1.9,88.8942029,1.63e-05,1.58e-05,205785.0644,83.25610532,45.19519666,12.52890978,0.000136286,-0.000469544,-0.000469544,-0.316129385,-1.0,1.0,0.291139241,778.888,-405.2922325,0.038150685,14.20357686,6,0,0,28.35728767
InBr3,32.89045425,0.263833465,12,8,0.183602955,0.112681067,0.312994643,1.5,24.0,-0.295334,-0.290497,0.023983592,0.023983592,1.0,2.784028327,0.0,95,79.904,5,2.665,2.0,0.0,1.5,10,0.0,10,0.0,0.0,1.5,4,1.5,1,0,1,1.5,1,24.26,29.48,0.546375,1.457,64,139,64,2,55154328933.0,1215.0,3505.7375,20.59,57.89790324,1.9,88.8942029,1.63e-05,1.58e-05,205785.0644,799.3423707,45.19519666,12.52890978,0.000136286,-0.000469544,-0.000469544,-0.293024386,-1.0,3.0,0.21835443,1418.12,-436.7547119,0.028613014,10.65268265,6,0,0,40.67193151
InCl,29.30828438,0.337572153,198,12,0.497566245,0.067350327,0.425903123,2.811278124,179.9218,-0.290497,-0.101782,0.023980122,0.023980122,1.0,3.07688211,0.0,75,35.453,5,2.47,2.0,0.0,2.0,10,5.0,0,0.0,0.0,3.0,4,2.0,1,0,1,2.0,1,24.26,24.26,1.2465,0.0,64,139,64,2,7.071067753,206.0,1215.0,41.00445,57.97646281,1.1,89.6942029,1.63e-05,1.58e-05,205785.0644,83.25610532,45.19519666,12.52890978,0.000136286,-0.000568144,-0.000568144,-0.316129385,-1.0,1.0,0.291139241,4808.672,-405.2922325,0.038150685,14.20357686,6,0,0,28.35728767
InCl3,33.95449564,0.207372405,194,24,0.223234285,0.147656638,0.259578059,0.811278124,6.490224996,-0.32038,-0.290497,0.023983592,0.023983592,1.0,3.119722437,0.0,94,35.453,5,2.815,2.0,0.0,1.5,10,3.75,0,0.0,0.0,2.25,4,1.5,1,0,1,1.5,1,24.26,24.4975,0.934875,2.493,64,139,64,2,7.071067753,206.0,1215.0,20.506675,57.97646281,1.1,89.6942029,1.63e-05,1.58e-05,205785.0644,778.0546601,45.19519666,12.52890978,0.000136286,-0.000568144,-0.000568144,-0.293024386,-1.0,3.0,0.21835443,442.354,-436.7547119,0.028613014,10.65268265,6,0,0,40.67193151
InI,37.77989464,0.35855806,63,16,0.573470725,0.125377644,0.464653581,1.0,8.0,-0.267904,-0.101782,0.023980122,0.023980122,1.0,2.467420658,0.0,75,114.818,5,2.22,2.0,0.0,2.0,10,0.0,10,0.0,0.0,2.0,4,2.0,1,0,1,2.0,1,24.26,24.26,0.531,0.0,64,139,64,2,9192388.155,1215.0,3505.7375,41.2245,57.66526511,7.7,83.0942029,1.63e-05,1.58e-05,205785.0644,83.25610532,45.19519666,12.52890978,0.000136286,-0.000457883,-0.000457883,-0.316129385,-1.0,1.0,0.291139241,966.88988,-405.2922325,0.038150685,14.20357686,6,0,0,28.35728767
InI3,46.84276917,0.267280591,14,4,0.219277973,0.053592404,0.225665753,2.0,32.0,-0.267904,-0.267904,0.023983592,0.023983592,1.0,2.243513269,0.0,96,114.818,5,2.44,2.0,0.0,1.5,10,0.0,10,0.0,0.0,1.5,4,1.5,1,0,1,1.5,1,24.26,43.015,0.39825,1.062,64,139,64,2,9192388.155,1215.0,3505.7375,20.83675,57.66526511,7.7,83.0942029,1.63e-05,1.58e-05,205785.0644,763.0549179,45.19519666,12.52890978,0.000136286,-0.000457883,-0.000457883,-0.293024386,-1.0,3.0,0.21835443,1982.12564,-436.7547119,0.028613014,10.65268265,6,0,0,40.67193151
K2C2O4,13.58310769,0.647413628,15,8,0.599470438,0.203782963,0.205159304,2.55034071,112.2149912,-0.338381,-0.338381,0.064198148,0.08163646,0.041160842,5.055896752,0.914676628,87,1.00794,4,2.576363636,1.636363636,0.462809917,1.652892562,0,0.0,0,0.0,0.0,2.049586777,4,1.190082645,2,0,1,0.727272727,2,5.64,9.105,2.857619835,0.0,12,229,12,2,14082300000000.0,317.5,18350.0,43.68126364,70.73814621,3.1,87.6942029,7.1e-06,9.18e-06,34182.10615,736.7362453,-388.4447847,9.602507606,0.001868154,-0.000478495,-0.000478495,1.469092627,-2.0,3.0,32.33350769,736.92352,-0.033131271,0.688379939,22.28453904,8,2,0,106.3711706
K2CO3,15.50764837,1.003328219,14,4,0.658397427,0.246105158,0.276005096,2.584962501,62.03910002,-0.338381,-0.338381,0.053876413,0.053876413,0.204124145,4.949368509,1.223294731,87,12.0107,4,2.418333333,1.666666667,0.444444444,1.666666667,0,0.0,0,0.0,0.0,2.0,4,1.111111111,2,0,1,0.666666667,2,5.64,9.105,1.248888889,0.0,12,229,12,2,15600700000000.0,317.5,18350.0,56.67995667,74.45126019,3.1,87.6942029,7.1e-06,9.18e-06,34182.10615,736.7362453,-388.4447847,9.602507606,0.000835509,-0.000478495,-0.000478495,0.81461452,-2.0,4.0,37.25,552.822,-0.021013675,0.704383562,23.75913242,7,1,0,102.1349543
K2PtCl4,29.14742211,0.569840307,123,16,0.470752138,0.116459526,0.333425188,1.378783493,9.651484454,-0.273634,-0.273634,0.005349738,0.005349738,0.046291005,3.582086064,1.032375901,94,35.453,6,2.365714286,1.571428571,0.489795918,2.448979592,9,2.204081633,0,2.0,3.428571429,4.653061224,1,0.489795918,1,1,1,0.244897959,1,15.02,24.4975,1.221061224,2.493,64,229,64,3,6.546536653,206.0,2680.0,38.86222857,60.44024042,1.1,228.9,8.8e-06,7.48e-06,267657.8464,778.0546601,5.389022257,17.22255457,0.000807487,-0.000568144,-0.000568144,0.296502363,-1.0,2.0,17.360372,415.0926,-0.183505001,0.563477775,12.44432019,16,2,9,39.35947162
K2SO4,15.24603655,0.90901734,62,8,0.629950317,0.278716178,0.273446551,2.521640636,70.60593782,-0.338381,-0.338381,0.074128737,0.07531695,0.101015254,4.431472321,1.244507935,87,15.9994,4,2.568571429,1.714285714,0.408163265,1.632653061,0,0.0,0,0.0,0.0,2.040816327,2,0.816326531,2,0,1,0.408163265,2,9.105,9.105,0.539265306,0.0,12,229,12,2,918401000000000.0,317.5,3505.7375,28.61590286,59.72427391,3.1,87.6942029,1.63e-05,0.0,34148.95083,736.7362453,-388.4447847,9.602507606,0.000807487,-0.000478495,-0.000478495,0.783775587,-2.0,6.0,35.46938776,697.0368,-0.020594529,0.36787811,16.23265927,9,1,0,38.21183953
KAuCl4,31.04880942,0.384681383,7,2,0.448463317,0.079367827,0.272348541,3.584962501,86.03910002,-0.304738,-0.304738,0.022455462,0.028553788,0.033671751,3.042472069,1.216223664,94,35.453,6,2.666666667,1.666666667,0.444444444,2.222222222,10,2.777777778,0,2.333333333,3.888888889,5.333333333,1,0.444444444,1,0,1,0.0,1,16.7,24.4975,1.108,2.493,64,229,64,3,6.666666635,206.0,2000.0,70.00593333,166.3280054,1.1,218.9,1.42e-05,2.08e-06,324361.4986,778.0546601,-36.53975772,21.04207243,0.000807487,-0.000568144,-0.000568144,0.222740041,-1.0,3.0,12.08333333,1511.507476,-0.225515139,0.402777778,13.62540166,7,2,0,40.13188356
KBr,35.75894836,0.712728796,225,192,1.0,1.0,0.523598776,1.0,8.0,-0.295334,-0.088815,0.008023557,0.008023557,0.064282435,3.095192221,0.0,3,39.0983,4,1.89,1.5,0.5,2.5,10,5.0,0,0.0,0.0,8.0,1,0.5,0,0,1,0.0,1,29.48,29.48,0.7285,0.0,64,229,64,2,55154328933.0,2000.0,3505.7375,50.06,70.6258253,1.9,1.2,1.63e-05,0.0,34148.95083,661.9916447,-388.4447847,9.602507606,0.000807487,-0.000469544,-0.000469544,0.658464781,-1.0,1.0,19.04113924,476.0092,-0.14635912,0.450650685,14.20357686,6,1,0,27.13078767
KCl,31.0145278,0.786583446,225,192,1.0,1.0,0.523598776,1.0,8.0,-0.32038,-0.088815,0.008023557,0.008023557,0.064282435,3.414748854,0.0,3,35.453,4,1.99,1.5,0.5,2.5,0,0.0,0,0.0,0.0,3.0,1,0.5,0,0,1,0.0,1,24.4975,24.4975,1.2465,0.0,64,229,64,2,7.071067761,206.0,2000.0,50.00445,70.70438487,1.1,2.0,1.63e-05,0.0,34148.95083,661.9916447,-388.4447847,9.602507606,0.000807487,-0.000568144,-0.000568144,0.658464781,-1.0,1.0,19.04113924,298.2052,-0.14635912,0.450650685,14.20357686,6,1,0,27.13078767
KF,18.70275935,1.206395164,225,192,1.0,1.0,0.523598776,1.0,8.0,-0.415606,-0.088815,0.008023557,0.008023557,0.064282435,3.810885991,0.0,3,18.9984032,4,2.4,1.5,0.5,2.5,0,0.0,0,0.0,0.0,3.0,1,0.5,0,0,1,0.0,1,9.7075,9.7075,0.985,0.0,15,229,15,2,17247200000000.0,2000.0,3505.7375,50.01385,70.69109126,3.1,87.6942029,1.63e-05,0.0,34148.95083,661.9916447,-388.4447847,9.602507606,0.000807487,-0.000605728,-0.000605728,0.658464781,-1.0,1.0,19.04113924,232.3868128,-0.14635912,0.450650685,14.20357686,6,1,0,27.13078767
KHCO3,12.43372333,0.654386699,14,4,0.708415678,0.249529057,0.192804766,2.584962501,62.03910002,-0.338381,-0.338381,0.009039397,0.062663036,0.037113481,5.145262377,0.914676628,87,1.00794,4,2.648333333,1.666666667,0.444444444,1.666666667,0,0.0,0,0.0,0.0,2.0,4,1.111111111,2,0,1,0.666666667,2,5.64,9.105,2.744222222,0.0,12,229,12,2,14082300000000.0,317.5,18350.0,40.04337333,70.67390645,3.1,87.6942029,7.1e-06,9.18e-06,34182.10615,736.7362453,-388.4447847,9.602507606,0.001868154,-0.000478495,-0.000478495,1.418414444,-2.0,4.0,30.90295359,400.46056,-0.03089462,0.649783105,21.09246575,8,2,0,101.9224543
KI,44.45349347,0.630954668,225,192,1.0,1.0,0.523598776,1.0,8.0,-0.267904,-0.088815,0.008023557,0.008023557,0.064282435,2.691989291,0.0,3,39.0983,5,1.74,1.5,0.5,2.5,10,5.0,0,0.0,0.0,8.0,1,0.5,0,0,1,0.0,1,43.015,43.015,0.531,0.0,64,229,64,2,9192388.155,2000.0,3505.7375,50.2245,70.39318717,3.1,4.6,1.63e-05,0.0,34148.95083,661.9916447,-388.4447847,9.602507606,0.000807487,-0.000457883,-0.000457883,0.658464781,-1.0,1.0,19.04113924,664.01108,-0.14635912,0.450650685,14.20357686,6,1,0,27.13078767
LaCl3,26.93356691,0.404938255,176,12,0.207552742,0.092323228,0.50112486,0.811278124,6.490224996,-0.32038,-0.141085,-0.02790717,0.02790717,0.103986291,5.034732885,0.0,94,35.453,6,2.645,2.0,0.0,1.875,1,0.375,0,0.0,0.0,1.5,1,0.375,1,9,1,3.0,1,24.4975,24.4975,0.934875,2.493,64,194,64,3,7.071067377,206.0,2475.0,3.256675,9.186094905,1.1,26.9,1.21e-05,4.18e-06,135075.0225,778.0546601,-127.17393,10.97609414,0.000209295,-0.000568144,-0.000568144,-0.20010405,-1.0,3.0,6.21835443,490.52894,-0.595887163,0.165488014,10.65268265,6,0,1,43.46743151
LaI3,41.39230346,0.395855457,63,16,0.238514225,0.067941771,0.437356766,1.5,24.0,-0.267904,-0.141085,-0.02790717,0.02790717,0.103986291,3.78098206,0.0,96,126.90447,6,2.27,2.0,0.0,1.875,10,3.375,10,0.0,0.0,5.25,1,0.375,1,9,1,3.0,1,36.8975,43.015,0.39825,1.062,64,194,64,3,9192388.155,2475.0,3505.7375,3.58675,8.874897211,7.7,20.3,1.21e-05,4.18e-06,135075.0225,763.0549179,-127.17393,10.97609414,0.000209295,-0.000457883,-0.000457883,-0.20010405,-1.0,3.0,6.21835443,2078.47552,-0.595887163,0.165488014,10.65268265,6,0,1,43.46743151
LiAlH4,11.58245296,0.305247384,14,4,0.385968265,0.095309067,0.212000259,2.584962501,62.03910002,-0.233471,-0.233471,-0.010568891,0.030341967,0.286744176,3.372563941,0.445477272,92,1.00794,3,1.898333333,1.166666667,0.277777778,0.277777778,0,0.0,0,0.0,0.0,0.555555556,5,1.388888889,0,0,1,1.111111111,1,6.615,6.615,3.490222222,7.853,194,229,194,2,16260800000000.0,1270.0,6000.0,53.45366667,122.8906878,11.0,79.7942029,1.63e-05,2.97e-05,157354.8977,738.6523347,-37.09278318,16.80903446,0.001868154,0.000178927,0.001864669,1.121684443,-1.0,3.0,1.935654008,151.8171944,-7.500312002,0.409722222,15.11111111,3,2,0,5.136333333
LiF,8.511075617,0.780961767,225,192,1.0,1.0,0.523598776,1.0,8.0,-0.415606,-0.10554,0.023958846,0.023958846,1.0,4.399395454,0.0,1,6.941,2,2.48,1.5,0.5,2.5,0,0.0,0,0.0,0.0,3.0,1,0.5,0,0,1,0.0,1,9.7075,9.7075,0.985,0.0,15,229,15,2,17247200000000.0,3505.7375,6000.0,42.51385,60.08448954,11.0,79.7942029,1.63e-05,2.97e-05,46519.55126,456.1031619,-379.8658599,8.0926106,0.000646068,-0.000605728,-0.000605728,0.155525834,-1.0,1.0,0.458860759,103.7576128,-160.003428,0.300650685,14.20357686,6,1,0,28.60728767
Mg(NO3)2,9.662866363,0.107630828,14,4,0.959478091,0.18234922,0.084642221,3.791924539,204.7639251,-0.338381,-0.338381,-0.026283309,0.026283309,0.03307556,4.428328778,0.653184507,87,1.00794,3,2.78037037,1.555555556,0.49382716,1.925925926,0,0.0,0,0.0,0.0,2.386831276,3,1.069958848,0,0,0,0.609053498,1,6.615,6.615,3.820109739,0.0,12,194,12,2,5956300000000.0,317.5,4602.0,6.019874815,39.04809632,45.0,45.7942029,8.2e-06,8.08e-06,198823.3252,736.7362453,-56.0521824,16.49091304,0.001868154,-0.000737103,-0.000478495,1.431485105,-2.0,5.0,22.62596586,512.81296,-0.050532085,0.421802432,19.12013079,8,1,0,24.192552
MgI2,36.10967201,0.342708251,164,12,0.340655955,0.073587837,0.367897324,0.918295834,2.754887502,-0.267904,-0.175427,0.000495138,0.014114234,0.033671751,2.547111625,0.0,96,24.305,5,2.21,2.0,0.0,2.222222222,10,4.444444444,10,0.0,0.0,6.666666667,1,0.444444444,1,0,0,0.444444444,1,22.89,43.015,0.472,1.062,64,194,64,2,9192388.155,3505.7375,4602.0,53.63266667,112.819594,7.7,37.3,8.2e-06,8.08e-06,198823.3252,763.0549179,-56.0521824,16.49091304,0.000141288,-0.000457883,-0.000457883,0.075001336,-1.0,2.0,1.369901547,278.11394,-15.22877706,0.13391172,12.62540166,5,0,0,41.11105023
MgSO4,10.95842457,0.333762573,63,16,0.391530837,0.11427295,0.190258743,1.918295834,46.03910002,-0.338381,-0.338381,0.045234669,0.045234669,0.024014605,4.862174846,0.898025612,87,15.9994,3,2.941666667,2.0,0.0,1.111111111,0,0.0,0,0.0,0.0,1.111111111,2,0.555555556,2,0,0,0.555555556,2,9.105,9.105,0.611666667,0.0,12,194,12,2,1043880000000000.0,317.5,4602.0,26.71855333,84.29463861,7.7,83.0942029,8.2e-06,8.08e-06,198823.3252,736.7362453,-56.0521824,16.49091304,0.000141288,-0.000478495,-0.000478495,0.09617303,-2.0,6.0,16.58333333,481.4704,-0.0420564,0.083694825,14.20357686,8,0,0,47.04881279
Mn(NO3)2,12.4209443,0.171962283,205,24,0.369788324,0.119061405,0.123554117,1.224394445,44.07820003,-0.26654,-0.26654,0.001396556,0.018623362,0.03928371,4.274134866,1.053589104,87,14.0067,4,3.141111111,2.0,0.0,0.888888889,5,0.987654321,0,0.0,0.0,0.395061728,3,0.444444444,2,5,2,0.740740741,2,9.105,9.105,2.225135802,0.0,12,217,12,3,10908100000000.0,317.5,5150.0,0.890126667,3.476462987,90.7942029,29.2057971,1.63e-05,5.42e-06,154367.6018,736.7362453,435.9231652,17.63882657,0.000183929,-0.000737103,-0.000478495,0.067347767,-2.0,6.0,7.703703704,715.79138,-0.086065784,0.504853712,24.37848808,12,0,5,43.82660578
Mn2(CO)10,17.65727286,0.119454815,15,8,0.369334709,0.247553399,0.058219198,3.459431619,304.4299824,-0.26654,-0.26654,0.010870967,0.042657175,0.06362311,5.583550825,0.707106781,77,12.0107,4,2.863636364,2.0,0.0,1.157024793,5,0.826446281,0,0.0,0.0,1.074380165,4,1.157024793,2,5,2,1.074380165,2,5.64,5.64,2.229421488,0.0,12,217,12,3,15967800000000.0,317.5,18350.0,64.35753636,90.82953327,33.0,87.0,7.1e-06,1.46e-05,154367.6018,518.9706708,435.9231652,17.63882657,0.000835509,-0.000478495,-0.000478495,1.357708132,-2.0,2.0,7.768595041,1559.90836,-0.128198633,0.542329899,24.99528284,11,0,5,236.1775342
MnCl2,23.87065126,0.277490275,166,36,0.333761813,0.07819429,0.360353245,0.918295834,8.264662506,-0.26654,-0.26654,0.000949165,0.002014522,1.49e-08,3.401681796,0.0,94,35.453,4,2.623333333,2.0,0.0,2.222222222,5,2.222222222,0,0.0,0.0,0.0,1,0.444444444,1,5,1,1.777777778,1,10.48758621,24.4975,1.108,2.493,64,217,64,3,7.071066794,206.0,5150.0,2.605933333,5.509139643,1.1,118.9,1.63e-05,5.42e-06,154367.6018,778.0546601,435.9231652,17.63882657,0.000183929,-0.000568144,-0.000568144,0.111974821,-1.0,2.0,4.852320675,377.532135,-1.072801818,0.088310502,12.62540166,10,0,5,60.83105023
MnI2,35.84767966,0.320635545,164,12,0.334311464,0.077032324,0.362903985,0.918295834,2.754887502,-0.26654,-0.26654,0.000949165,0.002014522,1.49e-08,2.419714349,0.0,96,54.938045,5,2.29,2.0,0.0,2.222222222,10,2.222222222,10,0.0,0.0,4.444444444,1,0.444444444,1,5,1,1.777777778,1,10.48758621,43.015,0.472,1.062,64,217,64,3,9192388.155,3505.7375,5150.0,2.899333333,5.197941949,7.7,112.3,1.63e-05,5.42e-06,154367.6018,763.0549179,435.9231652,17.63882657,0.000183929,-0.000457883,-0.000457883,0.111974821,-1.0,2.0,4.852320675,308.746985,-1.072801818,0.088310502,12.62540166,10,0,5,60.83105023
Mo(CO)6,16.18389461,0.127473609,62,8,0.458633991,0.196797023,0.066823306,3.085055103,160.4228653,-0.199186,-0.199186,-0.028256899,0.042963574,0.095114036,5.992354753,0.275771645,77,12.0107,5,2.930769231,1.923076923,0.142011834,1.136094675,5,0.710059172,0,0.0,0.0,0.99408284,4,1.136094675,2,5,2,1.136094675,2,5.64,5.64,2.234698225,0.0,12,229,12,3,16133300000000.0,317.5,18350.0,75.31996,92.48985124,33.0,197.0,4.8e-06,1.15e-05,239669.3653,518.9706708,75.98425728,16.31860796,0.000835509,-0.000478495,-0.000478495,1.563899953,-2.0,6.0,7.633136095,1056.0024,-0.116834844,0.54361352,23.63432493,12,1,5,241.6553425
NH4Br,11.17706857,0.116052674,129,16,0.581111286,0.318663758,0.149537511,1.251629167,15.01955001,-0.266297,-0.233471,-0.015940763,0.015940763,0.051031036,3.946838566,0.0,92,1.00794,4,2.466666667,1.333333333,0.444444444,1.777777778,10,2.777777778,0,0.0,0.0,4.444444444,3,0.888888889,0,0,1,0.555555556,1,6.615,6.615,1.736,7.853,64,194,194,2,12814200000000.0,333.6,3505.7375,0.144638333,0.081377114,1.9,88.8942029,1.63e-05,0.0,14674.27699,738.6523347,-515.5213536,7.156793696,0.001868154,-0.000737103,0.001864669,1.611844939,-3.0,1.0,11.36603376,195.88492,-0.152416954,0.389916286,15.89087604,9,1,0,8.83109589
NH4Cl,9.207536445,0.101383183,215,24,0.56826077,0.286142665,0.162422467,1.251629167,7.509775004,-0.266297,-0.233471,-0.015940763,0.015940763,0.051031036,4.07271395,0.0,92,1.00794,3,2.5,1.333333333,0.444444444,1.777777778,0,0.0,0,0.0,0.0,2.222222222,3,0.888888889,0,0,1,0.555555556,1,6.615,6.615,1.505777778,7.853,64,194,194,2,12855300000000.0,206.0,1270.0,0.126121667,0.108976068,1.1,89.6942029,1.63e-05,0.0,14674.27699,738.6523347,-515.5213536,7.156793696,0.001868154,-0.000737103,0.001864669,1.611844939,-3.0,1.0,11.36603376,53.49146,-0.152416954,0.389916286,15.89087604,9,1,0,8.83109589
NH4I,13.90889793,0.154651436,129,16,0.605065972,0.348900008,0.148945581,1.251629167,15.01955001,-0.266297,-0.233471,-0.015940763,0.015940763,0.051031036,3.833287716,0.0,92,1.00794,5,2.416666667,1.333333333,0.444444444,1.777777778,10,2.777777778,0,0.0,0.0,4.444444444,3,0.888888889,0,0,1,0.555555556,1,6.615,6.615,1.823777778,7.853,64,194,194,2,12855300000000.0,333.6,3505.7375,0.199471667,0.176876147,7.7,83.0942029,1.63e-05,0.0,14674.27699,738.6523347,-515.5213536,7.156793696,0.001868154,-0.000737103,0.001864669,1.611844939,-3.0,1.0,11.36603376,289.88586,-0.152416954,0.389916286,15.89087604,9,1,0,8.83109589
NH4NO3,9.118185482,0.064301639,113,8,0.520125383,0.179222711,0.087208721,2.05881389,37.05865003,-0.266297,-0.266297,-0.008552427,0.022394488,0.051505248,4.312946928,0.593969696,92,1.00794,2,2.8,1.555555556,0.49382716,1.777777778,0,0.0,0,0.0,0.0,2.271604938,3,1.185185185,0,0,1,0.691358025,1,6.615,6.615,3.280444444,7.853,12,194,194,2,0.0,317.5,1270.0,0.094822222,0.095643795,90.7942029,0.0,1.63e-05,0.0,14674.27699,738.6523347,-515.5213536,7.156793696,0.001868154,-0.000737103,0.001864669,1.225709524,-2.0,1.0,21.98406001,160.08672,-0.052932653,0.541890749,19.73651277,8,1,0,17.66219178
Na2PdCl4,24.1677961,0.455785103,130,16,0.546134091,0.10003641,0.326116859,1.378783493,38.60593782,-0.160771,-0.160771,-0.003483542,0.011039448,0.04454354,3.264233309,0.898025612,94,22.98976928,5,2.385714286,1.428571429,0.653061224,2.448979592,10,2.448979592,0,0.0,0.0,2.693877551,1,0.489795918,1,0,0,0.244897959,1,14.41,24.4975,1.221061224,2.493,64,229,64,3,6.546536663,206.0,3200.0,50.2908,81.66983587,1.1,178.9,1.18e-05,5.92e-05,330022.5646,778.0546601,80.3307176,23.32029032,0.000575763,-0.000568144,-0.000568144,0.032328816,-1.0,2.0,6.788943425,1176.846154,-1.1114661,0.447151244,16.36268754,6,1,0,38.56061448
Na2PtCl6,25.64483793,0.365231765,136,16,0.390429653,0.130091371,0.301979625,1.836591668,33.05865003,-0.273634,-0.273634,0.002305849,0.006632101,0.040468409,3.072560366,0.954594155,94,22.98976928,6,2.566666667,1.666666667,0.444444444,2.222222222,9,1.777777778,0,1.555555556,2.765432099,3.654320988,1,0.444444444,1,1,1,0.197530864,1,15.02,24.4975,1.108,2.493,64,229,64,3,6.708203888,206.0,3200.0,39.11704444,82.99313342,1.1,228.9,8.8e-06,6.22e-05,267657.8464,778.0546601,5.389022257,17.22255457,0.000575763,-0.000568144,-0.000568144,0.076019254,-1.0,4.0,5.987498047,907.5630771,-1.106258224,0.39155082,12.72416709,16,2,9,42.86749467
Na2S,22.86755991,0.773247333,225,192,0.389072747,0.053131622,0.510131071,0.918295834,11.01955001,-0.261676,-0.103415,-0.030885621,0.030885621,0.027729678,2.961244534,0.0,2,22.98976928,3,1.48,1.333333333,0.444444444,1.777777778,0,0.0,0,0.0,0.0,2.222222222,2,0.888888889,0,0,1,0.444444444,1,25.786875,29.24333333,0.978666667,0.0,70,229,229,2,1414210000000000.0,3200.0,3505.7375,93.40166667,98.84999248,6.3,1.4,1.63e-05,5.47e-05,48811.60795,545.8812627,-254.6864859,13.37962164,0.000575763,-0.000414428,0.000574952,0.379873883,-2.0,1.0,17.11111111,312.1781542,-0.095668427,0.300578387,12.62540166,5,1,0,19.95152511
Na2SO4,12.30300152,0.657980596,70,32,0.569322788,0.155470277,0.248087239,1.378783493,77.21187564,-0.338381,-0.338381,0.025049222,0.025049222,0.09319718,4.416022009,1.166726189,87,15.9994,3,2.6,1.714285714,0.408163265,1.632653061,0,0.0,0,0.0,0.0,2.040816327,2,0.816326531,2,0,1,0.408163265,2,9.105,9.105,0.539265306,0.0,12,229,12,2,918401000000000.0,317.5,3505.7375,40.04447429,83.62883086,6.3,84.4942029,1.63e-05,5.47e-05,48811.60795,736.7362453,-254.6864859,13.37962164,0.000575763,-0.000478495,-0.000478495,0.524871834,-2.0,6.0,25.26530612,1136.337108,-0.032706515,0.276041375,16.23265927,9,1,0,38.82869667
Na2Se,25.73785395,0.715271695,225,192,0.389072747,0.053131622,0.510131071,0.918295834,11.01955001,-0.245806,-0.103415,0.021705236,0.021705236,0.047140452,2.83157721,0.0,2,22.98976928,4,1.47,1.333333333,0.444444444,1.777777778,10,4.444444444,0,0.0,0.0,6.666666667,2,0.888888889,0,0,1,0.444444444,1,25.92,29.24333333,0.355111111,0.0,14,229,229,2,17247200000000.0,3200.0,3350.0,93.50666667,98.62725384,6.3,2.0,1.63e-05,5.47e-05,48811.60795,545.8812627,-254.6864859,13.37962164,0.000575763,-0.000401584,0.000574952,0.379873883,-2.0,1.0,13.77777778,499.7581542,-0.157275297,0.300578387,12.62540166,5,1,0,19.95152511
Na2SeO3,13.58881145,0.710670583,14,4,0.777386276,0.419312924,0.292855421,2.584962501,62.03910002,-0.338381,-0.245806,-0.034798893,0.040894831,0.041096093,3.876207839,1.145512986,87,15.9994,4,2.455,1.666666667,0.444444444,1.777777778,10,2.777777778,0,0.0,0.0,3.333333333,2,0.888888889,2,0,1,0.444444444,2,9.105,9.105,0.221944444,0.0,12,229,12,2,14708400000000.0,317.5,3350.0,46.76662333,84.33305753,6.3,84.4942029,1.63e-05,5.47e-05,48811.60795,736.7362453,-254.6864859,13.37962164,0.000575763,-0.000478495,-0.000478495,0.585286105,-2.0,4.0,27.27777778,691.7509542,-0.038845728,0.300578387,17.35992728,9,1,0,36.46905023
Na3P,22.97055847,0.843208315,194,24,0.267955684,0.036286498,0.537617936,1.5,12.0,-0.20608,-0.103415,0.010934092,0.010934092,0.145580808,2.153854223,0.0,2,22.98976928,3,1.245,1.25,0.375,1.125,0,0.0,0,0.0,0.0,1.5,3,1.125,0,0,1,0.75,1,22.5702381,29.24333333,0.609375,0.0,2,229,229,2,3.7e-08,3200.0,3505.7375,105.059,98.82807217,6.3,4.7,1.63e-05,5.47e-05,48811.60795,545.8812627,-254.6864859,13.37962164,0.000683586,0.000574952,0.000574952,-0.094653129,-3.0,1.0,14.625,199.8861397,-0.105575912,0.534375,19.875,4,1,0,4.36575
Na4P2O7,12.78233894,0.676577326,19,4,0.673096435,0.246524917,0.254234838,3.700439718,192.4228653,-0.338381,-0.338381,-0.002119512,0.0188575,0.064980653,4.873600408,0.890954544,87,15.9994,3,2.475384615,1.692307692,0.426035503,1.609467456,0,0.0,0,0.0,0.0,2.035502959,3,0.946745562,2,0,1,0.520710059,2,9.105,9.105,0.423076923,0.0,2,229,12,2,15807300000000.0,317.5,3505.7375,43.12754308,83.95618215,6.3,84.4942029,1.63e-05,5.47e-05,48811.60795,736.7362453,-254.6864859,13.37962164,0.000683586,-0.000478495,-0.000478495,-0.113826943,-2.0,5.0,26.0591716,1063.609604,-0.03455386,0.483055848,19.13728351,8,1,0,30.68954057
NaBH4,8.836903679,0.514193388,137,16,0.451862276,0.17562956,0.228397712,1.251629167,15.01955001,-0.233471,-0.233471,-0.010254425,0.010254425,0.0,3.858334789,0.898025612,92,1.00794,3,1.961666667,1.166666667,0.277777778,0.277777778,0,0.0,0,0.0,0.0,0.555555556,5,1.388888889,0,0,1,1.111111111,1,6.615,6.615,3.151555556,7.853,166,229,194,2,16260800000000.0,1270.0,16200.0,27.95366667,72.20499854,6.3,313.7,6e-06,6.5e-05,103686.9354,738.6523347,-254.6864859,13.37962164,0.001868154,0.000268251,0.001864669,1.470706975,-3.0,1.0,12.77777778,75.66505856,-0.197206599,0.361111111,2.888888889,3,2,0,34.42233333
NaBr,25.97489499,0.592873442,225,192,1.0,1.0,0.523598776,1.0,8.0,-0.295334,-0.103415,0.024979944,0.024979944,0.054392829,3.001572033,0.0,2,22.98976928,4,1.945,1.5,0.5,2.5,10,5.0,0,0.0,0.0,8.0,1,0.5,0,0,1,0.0,1,29.24333333,29.24333333,0.7285,0.0,64,229,64,2,55154328933.0,3200.0,3505.7375,70.06,98.91009655,1.9,4.4,1.63e-05,5.47e-05,48811.60795,545.8812627,-254.6864859,13.37962164,0.000575763,-0.000469544,-0.000469544,0.430851116,-1.0,1.0,6.541139241,411.5750771,-0.93815284,0.338150685,14.20357686,6,1,0,28.21028767
NaCl,21.81266279,0.655990856,225,192,1.0,1.0,0.523598776,1.0,8.0,-0.32038,-0.103415,0.024979944,0.024979944,0.054392829,3.356518836,0.0,2,22.98976928,3,2.045,1.5,0.5,2.5,0,0.0,0,0.0,0.0,3.0,1,0.5,0,0,1,0.0,1,24.4975,24.4975,1.2465,0.0,64,229,64,2,7.071067778,206.0,3200.0,70.00445,98.98865612,1.1,5.2,1.63e-05,5.47e-05,48811.60795,545.8812627,-254.6864859,13.37962164,0.000575763,-0.000568144,-0.000568144,0.430851116,-1.0,1.0,6.541139241,233.7710771,-0.93815284,0.338150685,14.20357686,6,1,0,28.21028767
NaHCO3,10.83206137,0.440752756,14,4,0.643891467,0.260459526,0.179856532,2.584962501,62.03910002,-0.338381,-0.338381,0.019430368,0.037340829,0.025102186,5.143173538,0.852427905,87,1.00794,3,2.666666667,1.666666667,0.444444444,1.666666667,0,0.0,0,0.0,0.0,2.0,4,1.111111111,2,0,1,0.666666667,2,5.64,9.105,2.744222222,0.0,12,229,12,2,14082300000000.0,317.5,18350.0,46.71004,80.79150277,6.3,84.4942029,7.1e-06,6.39e-05,48811.60795,736.7362453,-254.6864859,13.37962164,0.001868154,-0.000478495,-0.000478495,1.283498786,-2.0,4.0,23.95850914,336.0264371,-0.045622067,0.587283105,21.31468798,8,2,0,102.2822877
NaNO3,12.00062073,0.471537392,167,36,0.608541165,0.123021014,0.184407417,1.370950594,41.12851783,-0.338381,-0.338381,0.048230068,0.048230068,0.141421356,3.761213893,1.491995308,87,14.0067,3,2.858,1.8,0.32,1.2,0,0.0,0,0.0,0.0,1.52,3,0.72,2,0,1,0.4,2,9.105,9.105,2.05984,0.0,12,229,12,2,13037600000000.0,317.5,3200.0,28.021114,74.81904035,6.3,84.4942029,1.63e-05,5.47e-05,48811.60795,736.7362453,-254.6864859,13.37962164,0.000575763,-0.000737103,-0.000478495,-0.012848882,-2.0,5.0,19.2,509.9680157,-0.029823121,0.6656,36.19543379,8,1,0,32.47874521
NaOH,9.329606472,0.907478541,57,8,0.581227467,0.044622371,0.269146857,1.584962501,19.01955001,-0.338381,-0.233471,-0.034963943,0.034963943,0.048029211,3.941642358,0.898025612,2,1.00794,3,2.19,1.333333333,0.444444444,1.777777778,0,0.0,0,0.0,0.0,2.222222222,2,0.888888889,0,0,1,0.444444444,1,6.615,6.615,3.490222222,0.0,12,229,12,2,14082300000000.0,317.5,3200.0,46.73569333,80.7692955,6.3,84.4942029,1.63e-05,5.47e-05,48811.60795,545.8812627,-254.6864859,13.37962164,0.001868154,-0.000478495,-0.000478495,0.799069034,-2.0,1.0,25.77777778,159.9884371,-0.065086884,0.555555556,19.73651277,6,2,0,18.80685845
NbCl5,28.76026156,0.195373754,12,8,0.236240146,0.153795071,0.236352948,3.392147224,244.2346001,-0.32038,-0.144272,-0.035468398,0.035468398,0.518544973,4.171250674,0.0,94,35.453,5,2.9,1.833333333,0.277777778,1.388888889,4,1.111111111,0,0.0,0.0,0.555555556,1,0.277777778,1,6,1,1.666666667,1,18.18,24.4975,0.6925,2.493,64,229,64,3,7.071067704,206.0,3480.0,9.007416667,38.17747293,1.1,168.9,7.3e-06,8.98e-06,227165.5045,778.0546601,112.1767178,24.41870549,0.000124953,-0.000568144,-0.000568144,-0.045070547,-1.0,5.0,1.504922644,3242.05656,-5.30956458,0.000361492,7.890876036,10,1,4,50.40047945
NiCl2,20.72536648,0.300494487,166,36,0.316836654,0.087559035,0.347532021,0.918295834,8.264662506,-0.32038,-0.32038,0.005827091,0.015291579,0.094280904,3.449977003,0.0,94,35.453,4,2.743333333,2.0,0.0,2.222222222,8,3.555555556,0,0.0,0.0,1.333333333,1,0.444444444,1,2,1,0.444444444,1,10.32,24.4975,1.108,2.493,64,225,64,3,7.071067763,206.0,4970.0,30.33926667,64.34042384,1.1,178.9,1.34e-05,2.88e-06,252632.9948,778.0546601,160.0946691,22.34306672,0.000112631,-0.000568144,-0.000568144,0.122555665,-1.0,2.0,6.185654008,388.7982,-0.642262193,0.254977169,12.62540166,13,0,8,60.34105023
NiI2,31.64451769,0.350709252,166,36,0.310743959,0.090576256,0.344023619,0.918295834,8.264662506,-0.267904,-0.267904,0.005827091,0.015291579,0.094280904,2.60027513,0.0,96,58.6934,5,2.41,2.0,0.0,2.222222222,10,0.888888889,10,0.0,0.0,3.111111111,1,0.444444444,1,2,1,0.444444444,1,10.32,43.015,0.472,1.062,64,225,64,3,9192388.155,3505.7375,4970.0,30.63266667,64.02922614,7.7,172.3,1.34e-05,2.88e-06,252632.9948,763.0549179,160.0946691,22.34306672,0.000112631,-0.000457883,-0.000457883,0.122555665,-1.0,2.0,6.185654008,937.50702,-0.642262193,0.254977169,12.62540166,13,0,8,60.34105023
P2S5,27.4416573,0.152643485,2,2,0.309414796,0.136109142,0.151480687,3.807354922,106.6059378,-0.261676,-0.261676,0.023975041,0.023975041,1.0,3.231374513,0.0,88,30.973762,3,2.468571429,2.0,0.0,0.408163265,0,0.0,0,0.0,0.0,0.408163265,1,0.408163265,2,0,2,0.408163265,2,22.5702381,25.786875,0.235510204,2.202,2,70,70,2,1414210000000000.0,3505.7375,3505.7375,0.213857143,0.02192031,7.7,3.3,1.63e-05,0.0,38746.18727,688.7617189,-271.1424035,10.44430763,0.000683586,-0.000414428,-0.000414428,-0.725707409,-2.0,5.0,0.204081633,889.090096,-257.137092,0.305591278,11.59475662,7,0,0,39.89355382
PCl3,30.28186967,0.13832667,62,8,0.19014474,0.086005642,0.149699042,1.5,24.0,-0.32038,-0.20608,-0.011835374,0.021589011,0.070710678,3.068398196,0.0,94,30.973762,3,2.9175,2.0,0.0,0.75,0,0.0,0,0.0,0.0,0.75,2,0.75,1,0,1,0.75,1,22.5702381,24.4975,0.3255,2.493,2,64,64,2,7.071067741,206.0,3505.7375,0.065675,0.16058395,1.1,9.9,1.63e-05,0.0,38746.18727,778.0546601,-271.1424035,10.44430763,0.000683586,-0.000568144,-0.000568144,-0.658596342,-1.0,3.0,9.71914557,549.331048,-0.184173847,0.280761986,10.65268265,8,0,0,41.53018151
Pb(NO3)2,13.29614483,0.268736122,205,24,0.396267616,0.138829382,0.159806393,1.224394445,44.07820003,-0.338381,-0.338381,0.051073055,0.051073055,0.062492126,4.120863735,0.502045815,87,14.0067,6,3.227777778,2.0,0.0,0.592592593,10,1.975308642,0,1.555555556,2.765432099,4.395061728,2,0.592592593,2,0,2,0.592592593,2,9.105,9.105,2.225135802,0.0,12,225,12,2,10908100000000.0,317.5,1260.0,3.912348889,15.64067276,46.0,44.7942029,1.63e-05,1.26e-05,143338.1374,736.7362453,-162.4705406,22.55550469,0.000194612,-0.000737103,-0.000478495,-0.099458683,-2.0,5.0,11.85185185,1324.8392,-0.036922476,0.487569762,20.72416709,9,0,0,35.92393912
PbBr2,31.74791129,0.390264804,62,8,0.447862227,0.033331826,0.435488341,1.584962501,19.01955001,-0.295334,-0.141831,-0.022458503,0.022458503,0.168358757,2.783377116,0.0,95,79.904,6,2.75,2.0,0.0,1.333333333,10,0.0,10,4.666666667,6.222222222,4.888888889,3,1.333333333,1,0,1,1.333333333,1,28.11,29.48,0.647555556,1.457,64,225,64,2,55154328933.0,1260.0,3505.7375,11.74666667,24.66388453,1.9,44.1,1.63e-05,1.26e-05,143338.1374,799.3423707,-162.4705406,22.55550469,0.000194612,-0.000469544,-0.000469544,-0.381228442,-1.0,2.0,4.481012658,1468.032,-1.509772547,0.010532725,12.62540166,7,0,0,37.12305023
PbCO3,13.43758665,0.425375721,62,8,0.50229834,0.159224277,0.204793461,1.921928095,38.4385619,-0.338381,-0.338381,0.037925878,0.044796869,0.062360956,5.248762694,0.155563492,87,12.0107,6,3.04,2.0,0.0,0.96,10,3.2,0,2.8,4.48,7.2,2,0.96,2,0,2,0.96,2,5.64,9.105,1.43872,0.0,12,225,12,2,15967800000000.0,317.5,18350.0,35.015948,72.44312806,33.0,57.7942029,7.1e-06,2.18e-05,143338.1374,736.7362453,-162.4705406,22.55550469,0.000835509,-0.000478495,-0.000478495,0.352792852,-2.0,4.0,18.64,1068.8356,-0.033548444,0.353775342,15.71543379,8,0,0,123.1311452
PbCl2,26.66518413,0.410105361,62,8,0.451412161,0.038071422,0.456569278,1.584962501,19.01955001,-0.32038,-0.141831,-0.022458503,0.022458503,0.168358757,3.213868074,0.0,94,35.453,6,2.883333333,2.0,0.0,1.333333333,10,4.444444444,0,4.666666667,6.222222222,9.333333333,3,1.333333333,1,0,1,1.333333333,1,24.4975,24.4975,1.108,2.493,64,225,64,2,7.071067665,206.0,1260.0,11.6726,24.74244409,1.1,44.9,1.63e-05,1.26e-05,143338.1374,778.0546601,-162.4705406,22.55550469,0.000194612,-0.000568144,-0.000568144,-0.381228442,-1.0,2.0,4.481012658,1112.424,-1.509772547,0.010532725,12.62540166,7,0,0,37.12305023
PbI2,44.78755924,0.352903841,186,12,0.384910733,0.05052147,0.403862256,1.584962501,9.509775004,-0.267904,-0.141831,-0.022458503,0.022458503,0.168358757,2.338533198,0.0,96,126.90447,6,2.55,2.0,0.0,1.333333333,10,0.0,10,4.666666667,6.222222222,4.888888889,3,1.333333333,1,0,1,1.333333333,1,28.11,43.015,0.472,1.062,64,225,64,2,9192388.155,1260.0,3505.7375,11.966,24.4312464,7.7,38.3,1.63e-05,1.26e-05,143338.1374,763.0549179,-162.4705406,22.55550469,0.000194612,-0.000457883,-0.000457883,-0.381228442,-1.0,2.0,4.481012658,922.01788,-1.509772547,0.010532725,12.62540166,7,0,0,37.12305023
PbO,20.27050567,0.624893221,57,8,0.450618145,0.046497291,0.287310104,1.0,8.0,-0.338381,-0.141831,0.008368651,0.02820549,0.0,3.784972337,0.0,81,15.9994,6,2.885,2.0,0.0,1.0,10,5.0,0,7.0,7.0,11.0,2,1.0,2,0,2,1.0,2,9.105,9.105,0.0,0.0,12,225,12,2,17247200000000.0,317.5,1260.0,17.51329,24.72994244,46.0,44.7942029,1.63e-05,1.26e-05,143338.1374,194.7194793,-162.4705406,22.55550469,0.000194612,-0.000478495,-0.000478495,-0.397905059,-2.0,2.0,27.5,892.7976,-0.026977644,0.011849315,14.20357686,6,0,0,29.19128767
PdBr2,29.40432457,0.274736152,15,8,0.165443804,0.071467425,0.261539097,0.918295834,11.01955001,-0.160771,-0.160771,-0.023726718,0.023726718,0.188561808,2.80477131,0.0,95,79.904,5,2.706666667,1.333333333,0.888888889,2.222222222,10,0.0,10,0.0,0.0,3.111111111,1,0.444444444,1,0,0,0.444444444,1,14.41,29.48,0.647555556,1.457,64,225,64,3,55154328933.0,3070.0,3505.7375,24.08,50.82683543,1.9,178.1,1.18e-05,4.48e-06,330022.5646,799.3423707,80.3307176,23.32029032,8.54e-05,-0.000469544,-0.000469544,-0.333252109,-1.0,2.0,2.630098453,1064.912,-3.819518349,0.310532725,12.62540166,5,0,0,52.36105023
PdCl2,24.68824057,0.268300755,148,18,0.168783956,0.100357907,0.265088842,1.584962501,85.58797504,-0.160771,-0.160771,-0.023726718,0.023726718,0.188561808,3.120196275,0.0,94,35.453,5,2.84,1.333333333,0.888888889,2.222222222,10,4.444444444,0,0.0,0.0,1.333333333,1,0.444444444,1,0,0,0.444444444,1,14.41,24.4975,1.108,2.493,64,225,64,3,7.071067737,206.0,3070.0,24.00593333,50.905395,1.1,178.9,1.18e-05,4.48e-06,330022.5646,778.0546601,80.3307176,23.32029032,8.54e-05,-0.000568144,-0.000568144,-0.333252109,-1.0,2.0,2.630098453,3191.868,-3.819518349,0.310532725,12.62540166,5,0,0,52.36105023
Rb2CO3,17.93462619,1.048941874,14,4,0.644642117,0.244526449,0.271014198,2.584962501,62.03910002,-0.338381,-0.338381,0.034943779,0.059784568,0.180616229,4.896721158,1.223294731,87,12.0107,5,2.418333333,1.666666667,0.444444444,1.666666667,0,0.0,0,0.0,0.0,2.0,4,1.111111111,2,0,1,0.666666667,2,5.64,9.105,1.248888889,0.0,12,229,12,2,15600700000000.0,317.5,18350.0,42.67995667,64.80431365,2.5,88.2942029,7.1e-06,9.18e-06,50005.72068,736.7362453,-233.6711829,11.08203483,0.000835509,-0.000478495,-0.000478495,0.82455095,-2.0,4.0,40.36111111,923.778,-0.019221984,0.737716895,23.98135464,7,1,0,102.043621
RbCl,36.22221973,0.808210904,225,192,1.0,1.0,0.523598776,1.0,8.0,-0.32038,-0.085375,-0.025263808,0.025263808,0.0,3.370872514,0.0,4,35.453,5,1.99,1.5,0.5,2.5,0,0.0,0,0.0,0.0,3.0,1,0.5,0,0,1,0.0,1,24.4975,24.4975,1.2465,0.0,64,229,64,2,7.071067721,206.0,1300.0,29.00445,41.00590006,1.1,1.4,1.63e-05,0.0,50005.72068,432.8342218,-233.6711829,11.08203483,0.00055716,-0.000568144,-0.000568144,0.694377093,-1.0,1.0,22.54113924,483.6832,-0.112194281,0.488150685,14.20357686,6,1,0,26.99378767
Re2O7,15.31033168,0.195550159,19,4,0.259153698,0.156885024,0.182060755,4.169925001,300.2346001,-0.338381,-0.258639,0.005229995,0.007419802,0.081710117,5.832535031,0.0,87,15.9994,6,3.097777778,2.0,0.0,1.382716049,5,1.728395062,0,3.111111111,4.839506173,5.185185185,2,0.691358025,2,5,2,1.037037037,2,9.105,9.105,0.0,0.0,12,194,12,3,17247200000000.0,317.5,4700.0,10.68734,33.9223306,90.7942029,279.2057971,6.2e-06,1.01e-05,317112.9365,736.7362453,4.587537974,19.06788774,8.89e-05,-0.000478495,-0.000478495,0.101890264,-2.0,7.0,12.61728395,3875.2784,-0.030771291,0.198315576,9.819756845,9,0,5,80.87844749
Ru3(CO)12,17.07419768,0.120837999,72,16,0.448845674,0.159361394,0.067661672,2.281036113,82.11730005,-0.210375,-0.210375,0.026117531,0.026117531,0.108239537,6.138534772,0.247487373,77,12.0107,5,2.906666667,1.888888889,0.197530864,1.185185185,7,1.382716049,0,0.0,0.0,1.185185185,4,1.185185185,2,3,2,0.987654321,2,5.64,5.64,2.220246914,0.0,12,194,12,3,15744400000000.0,317.5,18350.0,75.56736889,88.11160287,33.0,187.0,6.4e-06,9.88e-06,300575.3647,518.9706708,262.3057229,28.80605828,0.000835509,-0.000478495,-0.000478495,1.461657183,-2.0,2.0,8.839506173,852.4416,-0.110727829,0.540098089,20.94180431,14,1,7,241.8940335
RuCl3,23.78394062,0.228821866,193,24,0.216243931,0.153963958,0.286963187,0.811278124,6.490224996,-0.210375,-0.210375,-0.010743346,0.010743346,0.0,3.740125906,0.0,94,35.453,5,2.92,1.75,0.375,1.875,7,2.625,0,0.0,0.0,0.375,1,0.375,1,3,1,1.125,1,13.51,24.4975,0.934875,2.493,64,194,64,3,7.071067762,206.0,5970.0,30.006675,84.84652049,1.1,218.9,6.4e-06,9.88e-06,300575.3647,778.0546601,262.3057229,28.80605828,9.4e-05,-0.000568144,-0.000568144,0.065895896,-1.0,3.0,3.71914557,414.858,-1.404665594,0.252636986,10.65268265,13,1,7,79.71493151
S,28.10013277,0.149066563,13,4,0.0,0.0,0.160020782,3.0,96.0,-0.261676,-0.261676,0.023994,0.023994,1.0,2.85,0.0,88,32.065,3,2.58,2.0,0.0,0.0,0,0.0,0,0.0,0.0,0.0,0,0.0,2,0,2,0.0,2,25.786875,25.786875,0.0,2.202,70,70,70,2,0.0,3505.7375,3505.7375,0.205,0.0,7.7,0.0,1.63e-05,0.0,-66035.65498,688.7617189,-589.3759483,6.578618187,-0.000414302,-0.000414428,-0.000414428,-0.071470892,0.0,0.0,0.0,1026.08,0.0,0.0,1e-06,4,0,0,52.98657534
SbBr3,36.4995943,0.218371807,62,8,0.22267741,0.067114518,0.235019904,1.5,24.0,-0.295334,-0.185623,0.023983592,0.023983592,1.0,2.611189353,0.0,95,79.904,5,2.7325,2.0,0.0,0.75,10,0.0,10,0.0,0.0,0.75,2,0.75,1,0,1,0.75,1,29.48,29.48,0.546375,1.457,64,166,64,2,55154328933.0,3420.0,3505.7375,6.09,16.88570993,1.9,40.1,1.1e-05,5.28e-06,28542.53084,799.3423707,-182.1216356,17.95677256,0.001005039,-0.000469544,-0.000469544,-0.489668582,-1.0,3.0,0.21835443,1445.888,-436.7547119,0.065136986,10.65268265,8,0,0,44.74243151
SbCl3,30.89221537,0.205038882,62,8,0.226616587,0.070703276,0.228814709,1.5,24.0,-0.32038,-0.185623,0.023983592,0.023983592,1.0,3.066773215,0.0,94,35.453,5,2.8825,2.0,0.0,0.75,10,3.75,0,0.0,0.0,3.0,2,0.75,1,0,1,0.75,1,24.4975,24.4975,0.934875,2.493,64,166,64,2,7.071067517,206.0,3420.0,6.006675,16.9642695,1.1,40.9,1.1e-05,5.28e-06,28542.53084,778.0546601,-182.1216356,17.95677256,0.001005039,-0.000568144,-0.000568144,-0.489668582,-1.0,3.0,0.21835443,912.476,-436.7547119,0.065136986,10.65268265,8,0,0,44.74243151
SbI3,43.99724572,0.268495054,148,18,0.173953277,0.095356853,0.325689636,0.811278124,19.47067499,-0.267904,-0.185623,0.023983592,0.023983592,1.0,2.16345229,0.0,96,121.76,5,2.5075,2.0,0.0,0.75,10,0.0,10,0.0,0.0,0.75,2,0.75,1,0,1,0.75,1,31.56,43.015,0.39825,1.062,64,166,64,2,9192388.155,3420.0,3505.7375,6.33675,16.6530718,7.7,34.3,1.1e-05,5.28e-06,28542.53084,763.0549179,-182.1216356,17.95677256,0.001005039,-0.000457883,-0.000457883,-0.489668582,-1.0,3.0,0.21835443,3014.84046,-436.7547119,0.065136986,10.65268265,8,0,0,44.74243151
Se,33.36400843,0.190943073,14,4,0.0,0.0,0.201894894,4.0,256.0,-0.245806,-0.245806,0.023994,0.023994,1.0,2.46,0.0,89,78.96,4,2.55,2.0,0.0,0.0,10,0.0,10,0.0,0.0,0.0,0,0.0,2,0,2,0.0,2,25.92,25.92,0.0,0.799,14,14,14,2,0.0,3350.0,3350.0,0.52,0.0,8.3,0.0,1.63e-05,0.0,-70218.84221,646.9921645,-550.0279671,8.580446756,-0.000401393,-0.000401584,-0.000401584,-0.071470892,0.0,0.0,0.0,5053.44,0.0,0.0,1e-06,4,0,0,52.98657534
SeO2,14.84288567,0.18370605,135,16,0.373983727,0.059990194,0.172556059,1.584962501,38.03910002,-0.338381,-0.245806,-0.014261142,0.017204983,0.021427478,3.707476907,0.0,87,15.9994,4,3.143333333,2.0,0.0,0.0,10,4.444444444,0,0.0,0.0,4.444444444,0,0.0,2,0,2,0.0,2,9.105,9.105,0.355111111,0.0,12,14,12,2,0.0,317.5,3350.0,0.191053333,0.348900628,8.3,82.4942029,1.63e-05,0.0,-57729.00083,736.7362453,-550.0279671,8.580446756,-0.000401393,-0.000478495,-0.000478495,0.027344644,-2.0,4.0,12.0,887.6704,-0.054912447,0.0,12.62540166,8,0,0,52.98657534
SeS2,26.52601449,0.185330099,61,8,0.482287982,0.043321948,0.223928799,0.918295834,11.01955001,-0.261676,-0.245806,-0.022828825,0.022828825,0.11785113,0.0,0.0,88,32.065,4,2.57,2.0,0.0,0.0,10,4.444444444,0,0.0,0.0,4.444444444,0,0.0,2,0,2,0.0,2,25.786875,25.786875,0.623555556,2.202,14,70,70,2,1396970000000000.0,3350.0,3505.7375,0.31,0.222738636,7.7,0.6,1.63e-05,0.0,-66035.65498,688.7617189,-550.0279671,8.580446756,-0.000401393,-0.000414428,-0.000414428,0.027344644,-2.0,4.0,3.333333333,572.36,-1.234512813,0.0,12.62540166,8,0,0,52.98657534
SiCl4,30.34444056,0.147179781,14,4,0.192976869,0.134926285,0.142368875,2.321928095,46.4385619,-0.32038,-0.32038,-0.000834319,0.020606131,0.094280904,3.788027395,0.0,94,28.0855,3,2.908,2.0,0.0,0.96,0,0.0,0,0.0,0.0,0.96,3,0.96,1,0,1,0.96,1,20.44,24.4975,0.5504,2.493,64,227,64,2,7.070360705,206.0,2200.0,30.00712,106.0597239,1.1,98.9,2.6e-06,1.37e-05,72610.43282,778.0546601,-232.3496352,15.31856338,0.000380439,-0.000568144,-0.000568144,-0.190702081,-1.0,4.0,7.013670886,679.59,-0.28477641,0.103583562,9.090289193,7,0,0,50.33526027
SmCl3,34.98474863,0.279323283,194,24,0.180727384,0.115391799,0.302384477,0.811278124,6.490224996,-0.21776,-0.21776,-0.012897801,0.025257298,0.103986291,4.245269566,0.0,94,35.453,6,2.6625,2.0,0.0,1.875,0,0.0,0,1.5,2.25,0.375,1,0.375,1,0,1,2.625,1,24.4975,24.4975,0.934875,2.493,64,166,64,3,7.071067147,206.0,2130.0,3.256675,9.186094905,1.1,36.9,1.27e-05,3.58e-06,234852.8266,778.0546601,11.20956562,18.80296336,0.000120061,-0.000568144,-0.000568144,-0.114779254,-1.0,3.0,5.84335443,513.438,-0.670668084,0.159863014,10.65268265,11,0,0,42.90243151
SmI2,35.93578372,0.459244466,61,8,0.357067456,0.03519908,0.458053531,1.584962501,38.03910002,-0.21776,-0.21776,0.027662129,0.027662129,0.058925565,2.833849985,0.0,96,126.90447,6,2.163333333,2.0,0.0,2.222222222,10,4.444444444,10,2.0,2.666666667,4.0,1,0.444444444,1,0,1,3.111111111,1,33.23,43.015,0.472,1.062,64,166,64,3,9192388.155,2130.0,3505.7375,4.632666667,8.874897211,7.7,30.3,1.27e-05,3.58e-06,234852.8266,763.0549179,11.20956562,18.80296336,0.000120061,-0.000457883,-0.000457883,-0.1541269,-1.0,2.0,6.925457103,3233.35152,-0.66127177,0.189467275,12.62540166,11,0,0,39.54105023
SmI3,55.00278831,0.277276715,194,24,0.198414507,0.128884253,0.285689154,0.811278124,6.490224996,-0.21776,-0.21776,-0.012897801,0.025257298,0.103986291,3.047102594,0.0,96,126.90447,6,2.2875,2.0,0.0,1.875,10,3.75,10,1.5,2.25,3.375,1,0.375,1,0,1,2.625,1,33.23,43.015,0.39825,1.062,64,166,64,3,9192388.155,2130.0,3505.7375,3.58675,8.874897211,7.7,30.3,1.27e-05,3.58e-06,234852.8266,763.0549179,11.20956562,18.80296336,0.000120061,-0.000457883,-0.000457883,-0.114779254,-1.0,3.0,5.84335443,1062.14682,-0.670668084,0.159863014,10.65268265,11,0,0,42.90243151
Sn6O4(OH)4,15.84505749,0.294940664,9,4,0.33242692,0.080994537,0.170166192,4.169925001,300.2346001,-0.338381,-0.233471,0.024678836,0.041678145,0.028327886,4.475573491,0.169705627,87,1.00794,5,2.671111111,1.777777778,0.345679012,1.382716049,10,4.444444444,0,0.0,0.0,4.296296296,4,1.185185185,2,0,1,1.037037037,2,6.615,9.105,2.714617284,0.0,12,194,12,2,14350500000000.0,317.5,2500.0,22.38525778,39.37358809,58.0,32.7942029,1.63e-05,5.72e-06,126773.734,736.7362453,-65.59084956,18.72348504,0.001868154,-0.000478495,-0.000478495,0.089665797,-2.0,2.0,22.44038131,3377.14784,-0.056927987,0.205530188,15.21340925,7,1,0,29.69625571
SnBr2,33.13554924,0.256635786,62,8,0.403807896,0.031154029,0.345434349,1.584962501,19.01955001,-0.295334,-0.14445,0.023981664,0.023981664,1.0,3.033346578,0.0,95,79.904,5,2.626666667,2.0,0.0,1.333333333,10,0.0,10,0.0,0.0,1.333333333,3,1.333333333,1,0,1,1.333333333,1,29.48,29.48,0.647555556,1.457,64,141,64,2,55154328933.0,2500.0,3505.7375,22.41333333,47.29130153,1.9,56.1,1.63e-05,5.72e-06,126773.734,799.3423707,-65.59084956,18.72348504,0.000220362,-0.000469544,-0.000469544,-0.488443259,-1.0,2.0,0.258790436,1114.072,-417.6485439,0.021643836,12.62540166,7,0,0,41.47105023
SnBr4,39.56827893,0.193349606,14,4,0.142257315,0.080495131,0.196175853,2.321928095,46.4385619,-0.295334,-0.295334,0.023985118,0.023985118,1.0,2.721422941,0.0,95,79.904,5,2.76,2.0,0.0,0.96,10,0.0,10,0.0,0.0,0.96,3,0.96,1,0,1,0.96,1,29.48,29.48,0.46624,1.457,64,141,64,2,55154328933.0,2500.0,3505.7375,13.496,47.29130153,1.9,56.1,1.63e-05,5.72e-06,126773.734,799.3423707,-65.59084956,18.72348504,0.000220362,-0.000469544,-0.000469544,-0.346694259,-1.0,4.0,0.186329114,1753.304,-455.1084067,0.015583562,9.090289193,7,0,0,46.07726027
SnC2O4,15.19608087,0.181086873,15,8,0.386283333,0.137616368,0.117666566,1.950212065,54.60593782,-0.338381,-0.338381,0.008520863,0.030341613,0.094280904,5.61747801,0.417193001,87,12.0107,5,2.974285714,2.0,0.0,0.979591837,10,2.448979592,0,0.0,0.0,2.12244898,2,0.979591837,2,0,2,0.979591837,2,5.64,9.105,1.835102041,0.0,12,194,12,2,15967800000000.0,317.5,18350.0,49.58661714,81.35904164,33.0,57.7942029,7.1e-06,1.49e-05,126773.734,736.7362453,-65.59084956,18.72348504,0.000835509,-0.000478495,-0.000478495,0.658739317,-2.0,4.0,12.73469388,826.916,-0.054379181,0.450383003,17.66880999,8,0,0,161.8551859
SnCl2,27.73665141,0.25414785,62,8,0.437230119,0.027913629,0.353043015,1.584962501,19.01955001,-0.32038,-0.14445,0.023981664,0.023981664,1.0,3.382720928,0.0,94,35.453,5,2.76,2.0,0.0,1.333333333,10,4.444444444,0,0.0,0.0,3.111111111,3,1.333333333,1,0,1,1.333333333,1,24.4975,24.4975,1.108,2.493,64,141,64,2,7.071067734,206.0,2500.0,22.33926667,47.36986109,1.1,56.9,1.63e-05,5.72e-06,126773.734,778.0546601,-65.59084956,18.72348504,0.000220362,-0.000568144,-0.000568144,-0.488443259,-1.0,2.0,0.258790436,758.464,-417.6485439,0.021643836,12.62540166,7,0,0,41.47105023
SnCl4,33.25425085,0.177572555,14,4,0.142617486,0.085653237,0.191041696,2.321928095,46.4385619,-0.32038,-0.32038,0.023985118,0.023985118,1.0,3.175198691,0.0,94,35.453,5,2.92,2.0,0.0,0.96,10,3.2,0,0.0,0.0,2.24,3,0.96,1,0,1,0.96,1,24.4975,24.4975,0.79776,2.493,64,141,64,2,7.071067734,206.0,2500.0,13.40712,47.36986109,1.1,56.9,1.63e-05,5.72e-06,126773.734,778.0546601,-65.59084956,18.72348504,0.000220362,-0.000568144,-0.000568144,-0.346694259,-1.0,4.0,0.186329114,1042.088,-455.1084067,0.015583562,9.090289193,7,0,0,46.07726027
SnI2,40.28835727,0.295851652,12,8,0.404402519,0.051921453,0.387133939,2.281036113,41.05865003,-0.267904,-0.14445,0.023981664,0.023981664,1.0,2.531416479,0.0,96,118.71,5,2.426666667,2.0,0.0,1.333333333,10,0.0,10,0.0,0.0,1.333333333,3,1.333333333,1,0,1,1.333333333,1,33.285,43.015,0.472,1.062,64,141,64,2,9192388.155,2500.0,3505.7375,22.63266667,47.05866339,7.7,50.3,1.63e-05,5.72e-06,126773.734,763.0549179,-65.59084956,18.72348504,0.000220362,-0.000457883,-0.000457883,-0.488443259,-1.0,2.0,0.258790436,2235.11364,-417.6485439,0.021643836,12.62540166,7,0,0,41.47105023
SnI4,50.19860172,0.234055172,205,24,0.137918477,0.076305725,0.202869731,1.370950594,54.83802378,-0.267904,-0.267904,0.023985118,0.023985118,1.0,2.193352266,0.0,96,118.71,5,2.52,2.0,0.0,0.96,10,0.0,10,0.0,0.0,0.96,3,0.96,1,0,1,0.96,1,33.285,43.015,0.33984,1.062,64,141,64,2,9192388.155,2500.0,3505.7375,13.7592,47.05866339,7.7,50.3,1.63e-05,5.72e-06,126773.734,763.0549179,-65.59084956,18.72348504,0.000220362,-0.000457883,-0.000457883,-0.346694259,-1.0,4.0,0.186329114,5010.62304,-455.1084067,0.015583562,9.090289193,7,0,0,46.07726027
SnO,17.76914813,0.384791356,129,16,0.343312761,0.039059132,0.325418653,1.0,4.0,-0.338381,-0.14445,-0.033467043,0.033467043,0.064282435,4.499702403,0.0,80,15.9994,5,2.7,2.0,0.0,1.0,10,5.0,0,0.0,0.0,4.0,2,1.0,2,0,2,1.0,2,9.105,9.105,0.0,0.0,12,141,12,2,17247200000000.0,317.5,2500.0,33.51329,47.35735944,58.0,32.7942029,1.63e-05,5.72e-06,126773.734,124.1582715,-65.59084956,18.72348504,0.000220362,-0.000478495,-0.000478495,-0.52029681,-2.0,2.0,22.75,269.4188,-0.03337651,0.024349315,14.20357686,6,0,0,35.71328767
TaCl5,28.57500062,0.196640425,12,8,0.240559015,0.158666225,0.232861692,3.392147224,244.2346001,-0.32038,-0.182464,0.023519592,0.032041602,0.471404521,4.371169216,0.0,94,35.453,6,2.883333333,2.0,0.0,1.388888889,3,0.833333333,0,2.333333333,3.888888889,3.333333333,1,0.277777778,1,7,1,1.666666667,1,18.12,24.4975,0.6925,2.493,64,229,64,3,7.071067719,206.0,3400.0,9.507416667,40.29879328,1.1,198.9,6.3e-06,9.98e-06,241478.2544,778.0546601,-16.56790369,18.9514688,0.000116049,-0.000568144,-0.000568144,-0.043773876,-1.0,5.0,1.227144866,4298.55456,-8.020435251,0.000361492,7.890876036,8,0,3,55.60047945
Tb(NO3)3,12.57020737,0.208327419,14,4,0.350037557,0.127948992,0.116769976,3.700439718,192.4228653,-0.266297,-0.266297,0.001030718,0.044823424,0.028016591,4.707692157,1.371787156,87,14.0067,6,3.176153846,2.0,0.0,0.74556213,0,0.0,0,0.692307692,1.278106509,0.74556213,3,0.426035503,2,0,2,0.639053254,2,9.105,9.105,2.285325444,0.0,12,194,12,3,9567010000000.0,317.5,2620.0,0.870516154,4.304203007,38.7,52.0942029,1.03e-05,5.98e-06,179302.184,736.7362453,19.59879916,21.66881116,0.000159397,-0.000737103,-0.000478495,-0.250939396,-2.0,5.0,9.088757396,1379.7602,-0.041860568,0.558184324,28.57582881,16,0,0,38.44147524
TbCl3,24.74168473,0.353812488,63,16,0.236394937,0.068958211,0.429137395,1.5,24.0,-0.256311,-0.256311,-0.011091787,0.011091787,0.0,4.801825482,0.0,94,35.453,6,2.6725,2.0,0.0,1.875,0,0.0,0,2.25,3.375,1.5,1,0.375,1,0,1,1.5,1,24.4975,24.4975,0.934875,2.493,64,194,64,3,7.071066999,206.0,2620.0,2.756675,7.771881343,1.1,37.6,1.03e-05,5.98e-06,179302.184,778.0546601,19.59879916,21.66881116,0.000159397,-0.000568144,-0.000568144,-0.169096522,-1.0,3.0,4.15585443,1061.1374,-1.289243303,0.157988014,10.65268265,14,0,0,45.45493151
Te,36.06093358,0.3187394,152,6,0.0,0.0,0.331831172,0.0,0.0,-0.226594,-0.226594,0.023994,0.023994,1.0,2.19,0.0,90,127.6,5,2.1,2.0,0.0,0.0,10,0.0,10,0.0,0.0,0.0,0,0.0,2,0,2,0.0,2,34.76333333,34.76333333,0.0,0.464,152,152,152,2,0.0,2610.0,2610.0,3.0,0.0,65.0,0.0,1.63e-05,0.0,-31911.70757,424.94949,-378.5152533,13.62195759,-0.000893027,-0.000893918,-0.000893918,-0.071470892,0.0,0.0,0.0,382.8,0.0,0.0,1e-06,4,0,0,52.98657534
TeO2,14.89082274,0.297803059,92,8,0.401562315,0.049278031,0.235558831,0.918295834,11.01955001,-0.338381,-0.226594,0.010043361,0.010043361,1.49e-08,3.958393337,0.0,87,15.9994,5,2.993333333,2.0,0.0,0.0,10,4.444444444,0,0.0,0.0,4.444444444,0,0.0,2,0,2,0.0,2,9.105,9.105,0.206222222,0.0,12,152,12,2,17247200000000.0,317.5,2610.0,1.01772,2.102525445,65.0,25.7942029,1.63e-05,0.0,-31911.70757,736.7362453,-378.5152533,13.62195759,-0.000478349,-0.000893918,-0.000478495,0.027344644,-2.0,4.0,16.88888889,638.3952,-0.032902622,0.0,12.62540166,8,0,0,52.98657534
TiCl4,31.48800607,0.179428326,14,4,0.151739075,0.10242141,0.171409632,2.321928095,46.4385619,-0.32038,-0.17001,-0.017424581,0.032518746,0.377123617,4.171178085,0.0,94,35.453,4,2.836,2.0,0.0,1.6,2,0.64,0,0.0,0.0,0.96,1,0.32,1,8,1,2.24,1,16.69,24.4975,0.79776,2.493,64,194,64,3,7.071067515,206.0,4140.0,4.40712,15.55005594,1.1,108.9,8.6e-06,7.68e-06,191617.1814,778.0546601,114.1023304,26.86722492,0.000150145,-0.000568144,-0.000568144,-0.129058425,-1.0,4.0,1.893670886,758.716,-4.258770305,0.040416438,9.090289193,7,0,2,50.25726027
VCl4,30.60617605,0.176834607,14,4,0.155871401,0.105679543,0.166816109,2.321928095,46.4385619,-0.204634,-0.204634,-0.018045616,0.018045616,0.047140452,3.820169794,0.0,94,35.453,4,2.854,2.0,0.0,1.6,3,0.96,0,0.0,0.0,0.64,1,0.32,1,7,1,1.92,1,13.01,24.4975,0.79776,2.493,64,229,64,3,7.071067673,206.0,4560.0,6.20712,21.91401697,1.1,158.9,8.4e-06,7.88e-06,163219.6033,778.0546601,-243.818599,9.382393902,0.000174335,-0.000568144,-0.000568144,0.049340743,-1.0,4.0,3.173670886,771.014,-1.484381418,0.031583562,9.090289193,8,0,3,51.68926027
W(CO)6,17.83256521,0.105059293,62,8,0.439780306,0.206940311,0.062752061,3.085055103,160.4228653,-0.220603,-0.220603,-0.026134191,0.03729999,0.095114036,6.106135033,0.134350288,77,12.0107,6,2.946153846,2.0,0.0,1.136094675,4,0.568047337,0,1.076923077,1.98816568,2.130177515,4,1.136094675,2,6,2,1.136094675,2,5.64,5.64,2.234698225,0.0,12,229,12,3,16133300000000.0,317.5,18350.0,77.70457538,95.96428807,33.0,277.0,4.5e-06,1.18e-05,318567.7764,518.9706708,-123.2939801,19.89468622,0.000835509,-0.000478495,-0.000478495,1.61754401,-2.0,6.0,7.349112426,1407.6024,-0.128978917,0.54361352,22.64024209,10,0,4,244.5168809
WCl4,24.71542273,0.218981935,12,8,0.193427047,0.156926009,0.276904676,1.921928095,38.4385619,-0.220603,-0.220603,-0.017907479,0.017907479,0.043514263,4.219053621,0.0,94,35.453,6,3.0,2.0,0.0,1.6,4,1.28,0,2.8,4.48,4.16,1,0.32,1,6,1,1.6,1,16.05,24.4975,0.79776,2.493,64,229,64,3,7.071067775,206.0,5174.0,34.00712,120.2018596,1.1,308.9,4.5e-06,1.18e-05,318567.7764,778.0546601,-123.2939801,19.89468622,9.01e-05,-0.000568144,-0.000568144,0.108215625,-1.0,4.0,3.013670886,1302.608,-1.650577812,0.119583562,9.090289193,9,0,4,72.98926027
WCl6,27.27661424,0.185605021,148,18,0.22657231,0.183493422,0.231855243,0.591672779,12.42512835,-0.32038,-0.220603,-0.026294571,0.026294571,0.033671751,3.850953197,0.0,94,35.453,6,3.045714286,2.0,0.0,1.224489796,4,0.979591837,0,2.0,3.428571429,3.183673469,1,0.244897959,1,6,1,1.224489796,1,16.05,24.4975,0.610530612,2.493,64,229,64,3,7.071067775,206.0,5174.0,24.29334286,120.2018596,1.1,308.9,4.5e-06,1.18e-05,318567.7764,778.0546601,-123.2939801,19.89468622,9.01e-05,-0.000568144,-0.000568144,0.090509893,-1.0,6.0,2.30638078,1189.674,-1.793064314,0.091518032,6.956853974,9,0,4,67.27420744
YbCl3,26.42352737,0.331292522,12,8,0.223935951,0.076720131,0.390404107,1.5,24.0,-0.286408,-0.286408,-0.028594335,0.028594335,0.020797258,3.936667944,0.0,94,35.453,6,2.685,2.0,0.0,1.875,0,0.0,0,3.5,5.25,3.375,1,0.375,1,0,0,0.375,1,24.4975,24.4975,0.934875,2.493,64,225,64,3,7.071067635,206.0,1590.0,9.756675,27.57087122,1.1,29.9,1.63e-05,1e-05,215620.3522,778.0546601,211.6784623,21.24714715,0.00013143,-0.000568144,-0.000568144,-0.058896542,-1.0,3.0,6.78085443,1117.596,-0.505772221,0.156113014,10.65268265,5,0,0,41.48118151
YbI2,42.7486543,0.354298702,164,12,0.343008874,0.072574643,0.369336514,0.918295834,2.754887502,-0.267904,-0.136989,0.026574882,0.026574882,0.072523772,2.558807793,0.0,96,126.90447,6,2.193333333,2.0,0.0,2.222222222,10,4.444444444,10,4.666666667,6.222222222,0.444444444,1,0.444444444,1,0,0,0.444444444,1,34.12,43.015,0.472,1.062,64,225,64,3,9192388.155,1590.0,3505.7375,13.29933333,27.25967352,7.7,23.3,1.63e-05,1e-05,215620.3522,763.0549179,211.6784623,21.24714715,0.00013143,-0.000457883,-0.000457883,-0.027372962,-1.0,2.0,8.036568214,426.84894,-0.50107908,0.185022831,12.62540166,5,0,0,37.64605023
Zn(NO3)2,11.64257442,0.17212077,205,24,0.376829548,0.116172418,0.126251514,1.224394445,44.07820003,-0.338381,-0.338381,-0.004784409,0.031537108,0.03928371,3.975409483,0.982878426,87,14.0067,4,3.152222222,2.0,0.0,0.888888889,10,1.975308642,0,0.0,0.0,1.234567901,3,0.444444444,2,0,0,0.444444444,2,9.105,9.105,2.225135802,0.0,12,194,12,3,10908100000000.0,317.5,3700.0,13.35679333,53.65382838,70.0,20.7942029,1.63e-05,1.39e-05,220374.6761,736.7362453,-5.197535992,17.02091113,0.000127889,-0.000737103,-0.000478495,0.088055981,-2.0,5.0,8.49382716,757.6752,-0.070481374,0.487569762,21.31675968,7,0,0,39.45549467
ZnBr2,31.48579252,0.243996265,142,32,0.269236616,0.05782977,0.234638843,1.918295834,184.1564001,-0.295334,-0.222725,0.002196198,0.023439157,0.094280904,2.530992673,0.0,95,65.38,4,2.523333333,2.0,0.0,2.222222222,10,0.0,10,0.0,0.0,2.222222222,1,0.444444444,1,0,0,0.444444444,1,13.96,29.48,0.647555556,1.457,64,194,64,3,55154328933.0,3505.7375,3700.0,40.08,84.76796093,1.9,68.1,1.63e-05,1.39e-05,220374.6761,799.3423707,-5.197535992,17.02091113,0.000127889,-0.000469544,-0.000469544,0.121481764,-1.0,2.0,3.074542897,7206.944,-2.770254448,0.010532725,12.62540166,5,0,0,47.71771689
ZnCl2,25.78280929,0.241550806,122,16,0.300570976,0.056920178,0.239204573,0.918295834,11.01955001,-0.32038,-0.222725,0.002196198,0.023439157,0.094280904,2.940233123,0.0,94,35.453,4,2.656666667,2.0,0.0,2.222222222,10,4.444444444,0,0.0,0.0,2.222222222,1,0.444444444,1,0,0,0.444444444,1,13.96,24.4975,1.108,2.493,64,194,64,3,7.07106777,206.0,3700.0,40.00593333,84.84652049,1.1,68.9,1.63e-05,1.39e-05,220374.6761,778.0546601,-5.197535992,17.02091113,0.000127889,-0.000568144,-0.000568144,0.121481764,-1.0,2.0,3.074542897,545.26,-2.770254448,0.010532725,12.62540166,5,0,0,47.71771689
ZnI2,40.35649177,0.274999749,142,32,0.259790819,0.061614658,0.232429015,1.918295834,184.1564001,-0.267904,-0.222725,0.002196198,0.023439157,0.094280904,2.062176586,0.0,96,65.38,5,2.323333333,2.0,0.0,2.222222222,10,0.0,10,0.0,0.0,2.222222222,1,0.444444444,1,0,0,0.444444444,1,13.96,43.015,0.472,1.062,64,194,64,3,9192388.155,3505.7375,3700.0,40.29933333,84.5353228,7.7,62.3,1.63e-05,1.39e-05,220374.6761,763.0549179,-5.197535992,17.02091113,0.000127889,-0.000457883,-0.000457883,0.121481764,-1.0,2.0,3.074542897,10214.97408,-2.770254448,0.010532725,12.62540166,5,0,0,47.71771689
ZrCl4,29.18590412,0.221707656,13,4,0.227119279,0.127700839,0.247754872,1.521928095,15.21928095,-0.32038,-0.162391,0.009918564,0.020016811,0.424264069,4.63771435,0.0,94,35.453,5,2.794,2.0,0.0,1.6,2,0.64,0,0.0,0.0,0.96,1,0.32,1,8,1,2.24,1,23.195,24.4975,0.79776,2.493,64,194,64,3,7.071067514,206.0,3800.0,4.60712,16.25716272,1.1,89.6942029,5.7e-06,1.06e-05,193860.3778,778.0546601,-30.30939565,21.93166046,0.000145153,-0.000568144,-0.000568144,-0.262591308,-1.0,4.0,0.666329114,466.072,-35.865324,0.096416438,9.090289193,7,0,2,49.21726027
