filename,Descriptors__MaxAbsEStateIndex,Descriptors__MinAbsEStateIndex,Descriptors__MinEStateIndex,Descriptors__qed,Descriptors__SPS,Descriptors__MaxPartialCharge,Descriptors__MinPartialCharge,Descriptors__BCUT2D_MWHI,Descriptors__BCUT2D_LOGPLOW,Descriptors__BCUT2D_MRLOW,Descriptors__AvgIpc,Descriptors__BalabanJ,Descriptors__BertzCT,Descriptors__Chi4v,Descriptors__Ipc,Descriptors__Kappa2,Descriptors__PEOE_VSA6,Descriptors__PEOE_VSA7,Descriptors__PEOE_VSA9,Descriptors__SMR_VSA10,Descriptors__SMR_VSA2,Descriptors__SMR_VSA6,Descriptors__SMR_VSA7,Descriptors__SlogP_VSA1,Descriptors__SlogP_VSA12,Descriptors__SlogP_VSA3,Descriptors__SlogP_VSA6,Descriptors__EState_VSA10,Descriptors__EState_VSA8,Descriptors__VSA_EState10,Descriptors__VSA_EState5,Descriptors__VSA_EState6,Descriptors__VSA_EState8,Descriptors__FractionCSP3,Descriptors__NHOHCount,Descriptors__fr_Al_COO,Descriptors__fr_C_O_noCOO,Descriptors3D__Eccentricity,Descriptors3D__InertialShapeFactor,Descriptors3D__NPR2,Descriptors3D__PMI1,Descriptors3D__PMI2,Descriptors3D__SpherocityIndex
(NMe2)3P,7.40724537,0.646018519,-4.154320988,0.572192876,46.8,0.11811927,-0.263521149,31.15013292,-2.254414654,0.489928808,2.13248906,7.297741445,400.3021753,0.804984472,88438.58628,4.242634534,0.0,41.8549614,0.0,8.373766405,0.0,41.8549614,0.0,0.0,8.373766405,0.0,0.0,0.0,0.0,0.0,0.0,0.0,-22.66396605,1.0,0,0,0,0.75984105,0.001552731,0.67932238,437.5015768,457.1612746,0.484697604
(TMS)3Si,9.620949074,4.808063272,-8.203125,0.671249656,56.61538462,0.029964574,-0.072096714,29.90563317,-2.700112473,1.77055735,2.395174442,10.49233109,705.7147654,22.78125,12498748.37,3.789802429,58.27649644,0.0,0.0,30.05593015,1.23482524,0.0,0.0,0.0,0.0,0.0,0.0,1.23482524,0.0,0.0,0.0,0.0,-43.27256944,1.0,0,0,0,0.777747556,0.000531131,0.632498194,1190.852107,1198.281353,0.481798732
ABI,9.035028345,0.932865646,-3.596053005,0.585589288,31.5,0.161519304,-0.195562372,15.17590612,-2.169775305,0.540881982,2.275997052,6.709376474,497.1204682,0.19472136,30298.07276,3.317607749,0.0,27.40756847,12.13844263,0.0,10.52378311,0.0,0.0,0.0,0.0,0.0,10.22850025,0.0,10.22850025,0.0,0.0,1.865731293,-14.38421202,0.75,0,0,0,0.965207405,0.003705717,0.979564849,264.3388241,990.2538504,0.454155664
ACN,7.590277778,1.104166667,-2.402777778,0.38698058,21.66666667,0.058714824,-0.198658426,14.19977254,-1.100101722,1.489653195,1.351644115,3.552734355,75.77443751,0.0,12.16479704,1.49,0.0,0.0,6.069221313,0.0,5.261891555,0.0,0.0,0.0,0.0,0.0,0.0,0.0,0.0,0.0,0.0,1.104166667,-2.402777778,0.5,0,0,0,0.998307327,0.311360885,0.999949786,3.211545941,55.21723502,0.427155013
AMIP,7.125,0.610208333,-3.302083333,0.433755293,53.4,0.21049732,-0.392103242,16.26551838,-2.139461171,0.203211311,1.996382438,5.251523331,200.7239726,0.0,487.1173148,2.175102041,0.0,6.851892117,7.450776583,0.0,1.431199657,6.496859684,0.0,5.719716976,0.0,0.0,0.0,0.0,5.108808191,0.0,0.0,0.0,-6.529166667,1.0,3,0,0,0.945418377,0.013004926,0.774347606,59.5426404,141.4927935,0.377347887
AMNP,7.052083333,0.607291667,-3.328125,0.456859378,43.8,0.210037642,-0.396326245,16.2499778,-1.993326839,0.290828956,2.029485343,5.135290713,202.2337476,0.022821773,509.4008212,3.92,0.0,12.86978459,2.741517112,0.0,1.431199657,13.05584493,0.0,5.719716976,0.0,0.0,0.0,0.0,5.108808191,0.0,0.0,0.0,-6.491666667,1.0,3,0,0,0.995515419,0.037130632,0.945674033,25.46883737,254.6021691,0.244773608
BA,7.418449074,0.611545729,-2.742592593,0.572343612,25.0,0.210528197,-0.391680468,16.2502435,-1.772683675,0.281609266,2.233492345,3.645794911,399.880382,0.301031036,2345.166962,2.478228729,30.21209354,5.563451492,16.15429514,0.0,1.431199657,0.0,35.77554503,0.0,0.0,6.558985243,30.21209354,0.0,5.108808191,0.0,0.0,-3.333443878,-2.742592593,0.142857143,1,0,0,0.970110431,0.007551155,0.796014302,105.4162361,345.7986259,0.135965036
BBA,7.439236111,3.114583333,-4.528541667,0.350838002,57.33333333,0.290288224,-0.539610785,14.82854357,-2.919104104,-0.583685296,1.893369964,6.831670016,317.2919931,0.0,3241.449378,1.649542775,0.0,20.55567635,0.0,7.871423268,4.007138173,0.0,0.0,5.213851113,0.0,0.0,0.0,0.0,0.0,0.0,0.0,0.0,-11.69895833,1.0,2,0,0,0.817385035,0.008399893,0.999549661,118.9955294,206.463538,0.736737371
BEA,11.84897055,2.600713129,-5.445322721,0.228667717,50.5,0.302839557,-0.48123039,16.36513753,-1.929486406,-0.136654093,3.115204088,8.074232946,1856.820339,0.613531036,1641880000000.0,20.51450378,121.5645403,6.372924901,0.0,5.969305288,1.431199657,0.0,0.0,0.0,0.0,4.794537184,0.0,4.794537184,5.108808191,0.0,-2.600713129,0.0,-4.213721171,0.954545455,1,1,0,0.99997564,0.005422984,0.995568885,183.5832232,26184.8773,0.019934556
BLAM,7.192708333,0.683958333,-3.546875,0.512414872,52.6,0.118379133,-0.330473681,14.50764735,-1.951294731,0.807009501,2.003681941,5.529367319,251.2004023,0.02795085,939.7268305,3.96,13.22481702,12.86978459,0.0,0.0,0.0,6.496859684,0.0,5.719716976,0.0,0.0,0.0,0.0,0.0,0.0,0.0,0.0,-6.800833333,1.0,2,0,0,0.994695578,0.033717444,0.948056637,28.11768987,259.1531908,0.241312523
BMIM-Tf2N,11.43842593,0.019689153,-6.721527778,0.55146407,26.6,0.518577958,-0.756650956,32.27491435,-2.276944214,-0.670569932,2.866244001,8.68e-07,1340.671594,2.310083479,21005016.93,8.353431956,13.22481702,6.372924901,20.32647937,20.03317706,0.0,0.0,18.64916214,4.567099648,0.0,33.50586365,22.41716769,43.52193564,0.0,0.0,0.0,0.0,-10.40515767,0.7,0,0,0,0.950929716,0.000547277,0.860698015,1572.69296,4374.864904,0.23831069
BPCA,11.51884983,0.505749244,-1.39850823,0.804746851,18.93333333,0.335178964,-0.477639247,16.36553773,-1.942920007,0.069668127,2.588666047,2.996728896,850.6485607,0.914562073,223143.0132,3.964406732,42.29693095,23.2117404,17.9002785,5.969305288,1.431199657,0.0,59.94521986,0.0,0.0,0.0,54.38176837,4.794537184,5.108808191,0.0,-1.39850823,-6.654036777,0.0,0.0,1,0,0,0.995027845,0.004108869,0.900616791,219.1885015,1982.033474,0.000353421
BuMgCl,7.294236111,2.059467593,-3.272430556,0.0,52.0,0.0,0.0,0.0,0.0,0.0,2.011967158,5.379464013,2242.923375,0.433251419,657.9132607,6.056233766,0.0,0.0,0.0,19.26376974,0.0,0.0,4.502187346,9.071670114,0.0,0.0,0.0,0.0,0.0,-2.059467593,0.0,0.0,-3.23183642,1.0,0,0,0,0.987727821,0.007396053,0.871896438,117.8867173,658.0978504,0.262788725
CFA,11.28705247,2.070216049,-4.067708333,0.535788332,12.71428571,0.417294885,-0.475794495,35.49589462,-2.191122678,-0.153363699,1.620335266,3.823378455,100.7016577,0.0,35.64737585,1.614379875,0.0,11.60093989,0.0,17.57024518,1.431199657,0.0,0.0,0.0,11.60093989,4.794537184,0.0,13.57536728,16.70974808,4.05587963,-2.070216049,0.0,0.0,0.5,1,1,0,0.792215798,0.005197676,0.940127584,180.8746056,278.6525227,0.433363996
CH2Cl2,6.135030864,2.055555556,-2.055555556,0.389962107,20.66666667,0.09670639,-0.10913233,35.53900508,-1.23967531,2.204917085,0.721928095,3.023715784,23.11941548,0.0,3.609640474,2.58,0.0,0.0,8.032805658,23.20187978,0.0,5.291288545,0.0,0.0,23.20187978,0.0,0.0,0.0,23.20187978,9.257716049,0.0,0.0,0.0,1.0,0,0,0,0.995807936,0.05909361,0.927793578,15.70040434,159.253452,0.568756341
CITA,11.52635488,2.220550359,-4.015856481,0.427421351,20.92307692,0.336419491,-0.481138775,16.4174902,-2.42209814,-0.169897741,2.447648787,6.466174563,408.831654,0.420769551,17601.04242,3.853986625,0.0,0.0,12.7458498,17.90791586,5.724798629,0.0,0.0,0.0,0.0,14.38361155,0.0,14.38361155,20.43523276,0.0,-6.743600718,0.0,0.0,0.5,4,3,0,0.857973555,0.001369114,0.730001664,533.1926836,757.7111179,0.429509474
CTAB,8.470247501,1.830497457,-5.656906754,0.0,70.85714286,0.0,0.0,0.0,0.0,0.0,2.998801423,8.30465569,1653.188278,0.596592157,140173000000.0,11.93546102,0.0,0.0,0.0,16.14720974,0.0,27.42434039,0.0,0.0,16.14720974,0.0,0.0,0.0,0.0,1.830497457,0.0,0.0,-24.26140191,1.0,0,0,0,0.998830786,0.001124878,0.964109846,857.0796954,17092.77734,0.045801657
CTAC,8.385178057,4.198198442,-5.997184532,0.0,70.85714286,0.0,0.0,0.0,0.0,0.0,2.998801423,8.30465569,1653.188278,0.550189968,140173000000.0,11.76965494,0.0,0.0,0.0,11.77666823,0.0,27.42434039,0.0,0.0,11.77666823,0.0,0.0,0.0,0.0,5.852037493,0.0,0.0,-24.87054114,1.0,0,0,0,0.999455168,0.001867802,0.980276911,524.8292229,15587.61267,0.044776273
CYPHOS104,14.26672052,4.425454616,-10.13439734,0.046162352,55.96153846,0.176931593,-0.18528542,31.21008486,-2.193351664,0.274309349,0.629200203,0.0,4500.829531,3.854446483,1.73e+56,33.87699004,209.6812034,85.31149894,0.0,14.97882797,0.0,36.68407984,0.0,0.0,14.97882797,9.786823206,0.0,23.49440877,0.0,0.0,-11.65404069,0.0,-58.8439075,1.0,0,0,0,0.95148564,9.26e-05,0.871101832,9404.948552,26626.09755,0.273945374
DA,11.44775834,2.347396652,-4.58343313,0.57068315,45.0,0.302839557,-0.48123039,16.36512248,-1.928646926,-0.136651331,2.579145506,6.955231588,716.3823373,0.238531036,806831.5095,8.565510984,45.08944153,6.372924901,0.0,5.969305288,1.431199657,0.0,0.0,0.0,0.0,4.794537184,0.0,4.794537184,5.108808191,0.0,-2.347396652,0.0,-3.90708202,0.9,1,1,0,0.999536758,0.010369611,0.979222571,94.4319475,3038.306844,0.074659619
DBA,8.158160903,0.414856387,-3.34735745,0.794189112,26.6,0.122872042,-0.308620914,14.8434689,-2.117349581,0.693271675,2.664604753,2.790008926,891.4645991,0.751557647,1446347.46,5.322711058,60.42418708,11.12690298,13.70758556,0.0,0.0,0.0,71.55109006,5.309813353,0.0,12.99371937,60.42418708,0.0,0.0,0.0,0.0,-9.206994602,-6.6947149,0.142857143,1,0,0,0.985861005,0.002835711,0.982123421,346.3411142,2029.955033,0.289493551
DCE,6.508487654,2.491512346,-2.491512346,0.436304237,29.5,0.044767114,-0.125423431,35.49855802,-1.633333202,1.522488761,1.253297578,4.020391543,67.01955001,0.0,21.30605883,3.58,0.0,0.0,0.0,23.20187978,0.0,11.66421345,0.0,0.0,23.20187978,0.0,0.0,0.0,0.0,9.671296296,-4.983024691,0.0,0.0,1.0,0,0,0,0.981803578,0.017139723,0.87196839,50.87412459,233.6008344,0.592035507
DDL,7.983009141,3.423870468,-4.83224915,0.512982181,53.23076923,0.210036535,-0.396376569,16.24992748,-1.838100565,0.281989912,2.70675935,7.310896085,891.1043144,0.275515518,12532195.64,11.96,64.20821623,6.372924901,2.741517112,0.0,1.431199657,6.558985243,0.0,0.0,0.0,0.0,0.0,0.0,5.108808191,0.0,0.0,0.0,-8.034709251,1.0,1,0,0,0.999855057,0.013053768,0.99157823,75.96107148,4424.05284,0.058517949
DDOACl,9.062713842,4.371592891,-7.426158743,0.0,71.4,0.0,0.0,0.0,0.0,0.0,0.622799422,9.33080016,3467.545534,1.253330786,6.620000000000001e+38,29.32756392,0.0,0.0,0.0,11.77666823,0.0,26.94537317,0.0,0.0,11.77666823,0.0,0.0,0.0,0.0,6.274346389,0.0,0.0,-34.4646722,1.0,0,0,0,0.999468412,0.000341393,0.984650603,2884.217762,87109.44896,0.025992026
DEA,7.885671769,0.992169018,-4.649319728,0.538290975,54.45454545,0.118379135,-0.330473504,14.50903834,-1.968915056,0.578052763,2.584361306,7.078947236,741.340026,0.21545085,1573258.373,9.96,51.46236643,12.86978459,0.0,0.0,0.0,6.496859684,0.0,5.719716976,0.0,0.0,0.0,0.0,0.0,0.0,0.0,0.0,-7.918089659,1.0,2,0,0,0.999714753,0.015281948,0.988201399,64.66462105,2675.578951,0.074524075
DEG,7.040625,3.334863946,-3.468125,0.451248345,38.28571429,0.21015563,-0.393980325,16.49204816,-2.025674525,0.064974512,2.151111995,5.07235814,238.276625,0.067182185,1830.596307,5.88,0.0,0.0,37.20200942,0.0,2.862399314,26.23594097,0.0,0.0,0.0,4.736862954,0.0,0.0,14.95447934,0.0,0.0,0.0,-13.60597789,1.0,2,0,0,0.998785034,0.029471774,0.973900974,33.04521077,653.0676435,0.190549013
DHPA,11.66910754,0.719744662,-3.560093656,0.512506925,26.21428571,0.320315522,-0.504259893,16.36772572,-2.316547082,-0.137999537,2.550237806,3.906874297,684.2508681,0.609510327,145715.4878,3.972117202,6.042418708,24.02121381,5.483034225,5.969305288,4.293598972,0.0,23.69070761,5.719716976,0.0,11.16746209,18.12725612,4.794537184,15.32642457,0.0,-3.794658079,-6.764687854,0.0,0.222222222,5,1,0,0.986914184,0.003119423,0.924489287,296.3654741,1699.180587,0.221273004
DIEA,7.071875,0.666666667,-3.397916667,0.504854052,52.6,0.12216665,-0.317281591,14.82256119,-2.093723642,0.762424952,1.979394507,5.303660742,221.6906273,0.02795085,874.892372,3.96,13.70378423,12.99371937,0.0,0.0,0.0,12.99371937,0.0,5.309813353,0.0,0.0,0.0,0.0,0.0,0.0,0.0,0.0,-13.44791667,1.0,1,0,0,0.993793619,0.032965677,0.942550008,28.59185981,242.2632304,0.229322686
DIP,7.883564815,3.926472742,-4.198487654,0.534744751,54.11111111,0.058026355,-0.121583646,31.07919648,-1.937876796,0.724543267,2.385287221,6.930716742,480.4435999,0.419262746,114188.4698,5.233374533,27.40756847,24.01594198,1.278554563,8.525789628,1.278554563,12.22802661,0.0,0.0,8.525789628,0.0,0.0,0.0,0.0,0.0,-8.198022697,0.0,-15.70589097,1.0,0,0,0,0.991479821,0.00611522,0.919200396,150.3135343,1060.708317,0.134481558
DMF,10.30986111,0.430555556,-3.093171296,0.39026824,32.4,0.208684718,-0.351386795,16.14126441,-2.056200147,-0.11544113,1.494270154,4.823198861,166.0709598,0.0,131.4957736,1.758184438,0.0,0.0,0.0,6.386146945,0.0,13.9516538,0.0,0.0,0.0,4.794537184,0.0,4.794537184,0.0,0.0,0.0,0.0,-6.186342593,0.666666667,0,0,1,0.943498763,0.012354816,0.706042881,57.14717902,121.7600343,0.229161417
DMSO,10.47222222,2.75462963,-2.897569444,0.398185077,37.25,0.037010837,-0.260157963,32.19696041,-1.701197897,0.690011823,1.589495197,4.39899054,126.807256,0.0,63.57980789,1.467460317,0.0,0.0,0.0,10.79956904,0.0,12.3678482,0.0,0.0,0.0,10.79956904,0.0,4.208898492,0.0,0.0,0.0,0.0,0.0,1.0,0,0,0,0.797802311,0.00809624,0.606656672,74.93067167,75.39517309,0.311979386
DOA,8.11212009,1.597561177,-5.001583929,0.407053421,55.0,0.122189848,-0.316732594,14.83835583,-2.160085819,0.54334296,2.891753177,7.564594633,1192.491021,0.389754249,2151196362.0,15.96,77.43303325,25.73956917,0.0,0.0,0.0,12.99371937,0.0,5.309813353,0.0,0.0,0.0,0.0,0.0,0.0,0.0,0.0,-18.11830569,1.0,1,0,0,0.999944,0.009892532,0.994932866,100.5741357,9455.36551,0.033518293
DODA,8.006446641,1.043110808,-4.860230655,0.513733695,54.69230769,0.118379135,-0.330473504,14.50905421,-1.969109609,0.557912978,2.705571593,7.351706487,920.2886398,0.27795085,17966521.32,11.96,64.20821623,12.86978459,0.0,0.0,0.0,6.496859684,0.0,5.719716976,0.0,0.0,0.0,0.0,0.0,0.0,0.0,0.0,-8.086632831,1.0,2,0,0,0.999848948,0.012877311,0.991509315,76.99660913,4392.453034,0.055715413
DOPA,14.11825542,3.552357127,-7.475834856,0.315531236,51.05263158,0.218689495,-0.344253803,31.17750809,-1.955123423,0.469255796,2.932261037,7.968133444,1324.893405,0.943124025,5199846681.0,13.18596184,77.43303325,12.7458498,0.0,7.36882753,1.431199657,12.22802661,0.0,0.0,7.36882753,4.565048285,0.0,4.565048285,4.895692399,0.0,0.0,0.0,-8.322555094,1.0,1,0,0,0.905315362,0.000255205,0.61381313,2405.178084,3475.843522,0.110737806
DOPO,13.82658876,4.145285812,-7.384785473,0.26943558,53.22222222,0.100045592,-0.326834498,31.11210764,-1.86818908,0.574234191,2.894834018,7.798209504,1303.354465,0.806193385,2979988256.0,15.28803831,77.43303325,24.97387641,7.74609427,7.74609427,1.278554563,12.22802661,0.0,0.0,7.74609427,4.565048285,0.0,4.565048285,0.0,0.0,0.0,0.0,-8.290571623,1.0,0,0,0,0.902824745,0.000257106,0.592181332,2303.255205,3171.900343,0.101135546
DPP,8.274074074,0.366175359,-2.49037037,0.631227461,22.07692308,0.06773114,-0.062223145,31.07929907,-2.007598397,1.760645324,2.546064535,2.835470138,720.3635866,1.38123059,132395.3558,4.204457781,68.9499767,10.60907979,14.98614012,19.13486942,1.278554563,0.0,60.42418708,10.60907979,8.525789628,0.0,60.42418708,0.0,0.0,0.0,0.0,-6.143908625,0.0,0.0,0,0,0,0.974504164,0.002869038,0.907695503,316.3762686,1279.91294,0.307172616
DT,8.009050808,0.706108727,-4.801084774,0.380290869,53.23076923,0.102211365,-0.179363901,32.11686628,-1.814507198,0.562928971,2.70675935,7.310896085,891.1043144,0.326546554,12532195.64,12.35,64.20821623,12.07788179,0.0,12.53269604,1.123799173,5.704956885,0.0,0.0,12.53269604,0.0,0.0,0.0,0.0,-0.706108727,0.0,0.0,-3.991787816,1.0,0,0,0,0.999867211,0.011120167,0.991674399,89.17801326,5426.812596,0.061183218
EAC,10.65215278,1.876273148,-3.293171296,0.437850878,34.0,0.302112778,-0.46617189,16.53089092,-1.948517209,-0.139887661,1.8028081,4.623366599,224.4762284,0.046348851,369.5756604,2.693713647,0.0,6.851892117,9.300502355,5.969305288,0.0,6.558985243,0.0,0.0,0.0,9.531400138,0.0,4.794537184,4.736862954,0.0,-1.876273148,0.0,-9.675601852,0.75,0,0,1,0.979153691,0.013809046,0.829228247,60.04963876,245.1490071,0.18006516
EG,6.614583333,2.921875,-2.921875,0.407527891,36.0,0.210155419,-0.393990542,16.30425825,-1.84530091,0.185938562,1.876530098,4.281756762,98.31544376,0.0,99.45609517,2.92,0.0,0.0,18.60100471,0.0,2.862399314,13.11797049,0.0,0.0,0.0,0.0,0.0,0.0,10.21761638,0.0,0.0,0.0,-5.84375,1.0,2,0,0,0.992451311,0.054912355,0.9337222,17.00386382,129.4600249,0.366069026
EHA,11.8400907,2.477924225,-4.408796296,0.642371975,47.6,0.305976472,-0.481026589,16.36644859,-2.113850936,-0.141613498,2.414930847,6.960485189,543.4334474,0.227062073,67103.68344,5.270170382,26.44963404,12.7458498,5.893957685,5.969305288,1.431199657,0.0,0.0,0.0,0.0,4.794537184,0.0,4.794537184,5.108808191,0.0,-6.843896447,0.0,-7.748618079,0.875,1,1,0,0.966963744,0.003647678,0.876419286,240.2677342,826.0641839,0.21535684
ELA,6.78125,0.484583333,-2.989583333,0.405578416,40.75,0.210102968,-0.395062739,16.25070839,-2.015888677,0.306130165,1.870208203,4.527512324,134.4022634,0.0,142.1358234,2.92,0.0,0.0,9.300502355,0.0,1.431199657,13.05584493,0.0,5.719716976,0.0,0.0,0.0,0.0,5.108808191,0.0,0.0,0.0,-5.953125,1.0,3,0,0,0.991849429,0.052250862,0.938035697,17.95254012,132.166992,0.385205415
EMIMES,12.16446535,0.414063091,-6.031912675,0.0,0.0,0.0,0.0,0.0,0.0,0.0,2.643854123,3.825508885,924.7357427,1.079618366,721706.0791,4.96083648,0.0,0.0,0.0,16.71358758,0.0,20.03167183,12.35201306,0.0,0.0,18.86589708,16.67396804,8.417796984,8.466896495,0.0,0.0,0.0,-18.96739552,0.625,0,0,0,0.955887798,0.001400134,0.811262116,579.4173816,1600.299907,0.176650818
EOT,7.435948129,0.45406744,-3.960242819,0.437601668,40.72727273,0.102297211,-0.382297726,32.11686636,-2.085905675,0.028631425,2.318707134,5.663326563,514.6335156,0.19686437,85548.69971,10.23,0.0,0.0,50.61478744,12.53269604,1.123799173,45.53783556,0.0,0.0,12.53269604,14.21058886,0.0,0.0,14.21058886,-0.45406744,0.0,0.0,-19.1751352,1.0,0,0,0,0.996030347,0.00561373,0.974867957,173.6577936,1901.867497,0.163684806
FA,9.361111111,0.305555556,-1.324074074,0.352325513,16.66666667,0.204030793,-0.37226357,16.1359714,-1.822031156,-0.106454839,1.360964047,3.257586161,61.81353753,0.0,13.60964047,1.47,0.0,0.0,0.0,6.386146945,0.0,0.0,0.0,5.719716976,0.0,4.794537184,0.0,4.794537184,0.0,0.0,0.0,0.0,0.0,0.0,2,0,1,0.990982595,0.124155024,0.86601037,6.975234212,45.08243618,2.94e-06
GBL,10.64986111,1.502314815,-2.947337963,0.396777661,61.0,0.305409841,-0.465656557,16.53773672,-1.881207036,-0.137453298,1.919463165,3.188780379,233.7025845,0.173926442,257.2080642,1.285754081,0.0,6.372924901,9.300502355,5.969305288,0.0,6.558985243,0.0,0.0,0.0,9.531400138,0.0,4.794537184,4.736862954,0.0,-1.502314815,0.0,-2.89525463,0.75,0,0,1,0.936952381,0.01022343,0.714549735,69.89334961,142.9139095,0.400220817
GLU,11.23916202,2.270269747,-4.159166667,0.281637811,46.66666667,0.21121127,-0.393579133,16.38943105,-2.458291756,-0.135936438,2.570878688,6.789271553,467.3192644,0.298926442,62428.64718,5.175013037,0.0,0.0,14.78353658,6.262212162,7.155998286,6.558985243,0.0,0.0,0.0,4.794537184,0.0,4.794537184,25.54404096,0.0,0.0,0.0,-3.823023904,0.833333333,5,0,1,0.982557543,0.00357043,0.871878352,244.1942193,1144.918406,0.20810466
H2O,5.375,2.75,2.75,0.327747677,20.0,0.205754761,-0.411509522,15.999,-0.2893,0.8238,0.918295834,1.632993162,2.754887502,0.0,2.754887502,-27.04,0.0,0.0,0.0,0.0,2.862399314,0.0,0.0,0.0,0.0,0.0,0.0,0.0,5.480753428,0.0,0.0,0.0,0.0,0.0,2,0,0,0.935196099,1.005500974,0.645869719,0.642336244,1.171505381,9.55e-18
HA,11.04904904,2.103965892,-3.91375,0.566873204,39.5,0.302839555,-0.48123039,16.36511716,-1.921055214,-0.136644141,2.248119608,6.002059007,381.8990109,0.113531036,5910.30645,4.624559505,19.59774192,6.372924901,0.0,5.969305288,1.431199657,0.0,0.0,0.0,0.0,4.794537184,0.0,4.794537184,5.108808191,0.0,-2.103965892,0.0,-3.606349797,0.833333333,1,1,0,0.996585284,0.013538937,0.936321836,69.1577064,784.2319377,0.145276798
HAc,9.861111111,1.502314815,-2.789930556,0.429882883,23.0,0.299684553,-0.481433475,16.36392907,-1.777043743,-0.133928992,1.620335266,3.823378455,94.70165767,0.0,35.64737585,0.8748583,0.0,0.0,0.0,5.969305288,1.431199657,0.0,0.0,0.0,0.0,4.794537184,0.0,4.794537184,5.108808191,0.0,-1.502314815,0.0,-2.789930556,0.5,1,1,0,0.881811945,0.012399607,0.561190744,45.25875327,53.85650702,0.231697568
HDA,8.178257984,1.113763168,-5.168275227,0.403349272,55.0,0.118379135,-0.330473504,14.50908025,-1.969173394,0.536174142,2.899716124,7.742021732,1294.000796,0.40295085,2291272486.0,15.96,89.69991583,12.86978459,0.0,0.0,0.0,6.496859684,0.0,5.719716976,0.0,0.0,0.0,0.0,0.0,0.0,0.0,0.0,-8.314153532,1.0,2,0,0,0.99994659,0.009827663,0.994975239,101.2423082,9746.601402,0.034697702
HDA-HCl,8.178257984,1.113763168,-5.168275227,0.396155704,52.33333333,0.146589067,-0.330473504,35.45300079,-1.96917342,0.536174141,2.953213409,0.0,1301.749461,0.40295085,4667089010.0,19.58646869,89.69991583,12.86978459,0.0,12.32298083,1.172698156,6.496859684,0.0,5.719716976,12.32298083,0.0,0.0,0.0,12.32298083,3.888888889,0.0,0.0,-8.314153532,1.0,2,0,0,0.999745152,0.003269174,0.986408426,301.7302064,13184.01109,0.039871472
HDA-HI,8.224964952,0.935108959,-5.18179247,0.289131181,53.5,2.135463352,-0.601339258,126.9040002,-2.495099912,-0.368020251,2.941735806,7.793207115,1364.555959,0.40295085,5352744937.0,20.01679858,83.32699093,12.7458498,2.741517112,23.77848602,0.57899437,6.496859684,0.0,5.712741725,23.77848602,0.0,0.0,0.0,0.0,0.935108959,0.0,0.0,-8.386955314,1.0,3,0,0,0.999595043,0.001755333,0.977843681,557.0701155,19142.73145,0.040017865
HDAC,12.87466038,3.093630157,-5.34373819,0.447381684,51.33333333,0.305987143,-0.481026462,16.36646963,-2.1313035,-0.141840218,2.886693121,8.125519097,1265.556351,0.508312073,1135418159.0,12.91482176,77.43303325,12.7458498,5.893957685,5.969305288,1.431199657,0.0,0.0,0.0,0.0,4.794537184,0.0,4.794537184,5.108808191,0.0,-8.433577837,0.0,-8.312501011,0.9375,1,1,0,0.938213084,0.000398186,0.681058834,1710.40211,3366.152853,0.091183758
HDD,8.181776502,3.454006055,-5.172152542,0.452452018,54.22222222,0.210564377,-0.393688633,16.31594108,-2.104517352,0.085974342,2.937643098,7.772219075,1288.422483,0.426031036,2785847215.0,14.97910165,83.32699093,6.372924901,16.75127894,0.0,2.862399314,6.558985243,0.0,0.0,0.0,0.0,0.0,0.0,10.21761638,0.0,0.0,0.0,-8.340927839,1.0,2,0,0,0.999807546,0.004810292,0.990033328,205.8156358,10386.52343,0.043507778
HDT,8.17992465,0.784209749,-5.129637333,0.270438393,53.88235294,0.102211365,-0.179363901,32.11686653,-1.829584366,0.538412495,2.900481888,7.715295444,1263.193272,0.451546554,1597952877.0,16.35,89.69991583,12.07788179,0.0,12.53269604,1.123799173,5.704956885,0.0,0.0,12.53269604,0.0,0.0,0.0,0.0,-0.784209749,0.0,0.0,-4.109643086,1.0,0,0,0,0.999959106,0.009446556,0.995547697,105.3873715,11601.45535,0.037458889
HEOH,7.449583333,3.420839711,-3.969791667,0.533927882,50.85714286,0.210036535,-0.396376569,16.24992271,-1.799807271,0.282705156,2.257924097,6.137022423,379.415696,0.088015518,8054.015255,5.96,25.97066682,6.372924901,2.741517112,0.0,1.431199657,6.558985243,0.0,0.0,0.0,0.0,0.0,0.0,5.108808191,0.0,0.0,0.0,-7.274665179,1.0,1,0,0,0.998518198,0.024678999,0.971839968,39.37922883,703.2550484,0.164426095
HLAM,7.509583333,0.827559524,-4.026041667,0.533774088,53.57142857,0.118379135,-0.330473504,14.50888215,-1.965071491,0.674314755,2.253819207,6.235713617,404.7459597,0.09045085,11530.53906,5.96,25.97066682,12.86978459,0.0,0.0,0.0,6.496859684,0.0,5.719716976,0.0,0.0,0.0,0.0,0.0,0.0,0.0,0.0,-7.34431335,1.0,2,0,0,0.998436762,0.024104494,0.972070748,40.32736538,701.3582888,0.152972679
HMDS,8.113040123,0.972222222,-6.486728395,0.612626234,54.11111111,0.109241849,-0.359743793,28.40928567,-2.549719437,1.304581403,2.140502205,7.830430023,431.8360749,2.264018827,84387.15893,2.557895933,38.85099763,0.0,0.0,16.47092175,0.0,0.0,0.0,4.640955673,0.0,0.0,0.0,0.0,0.0,0.0,0.0,0.0,-24.30208333,1.0,1,0,0,0.914130422,0.003150514,0.99747397,316.6067344,778.9620364,0.643635566
HMT,7.885833333,0.016875,-3.177083333,0.426761258,105.6,0.060389318,-0.264357216,15.6598878,-2.709739386,-0.19434761,2.006597663,2.412958152,383.6563706,0.868328157,20316.80133,1.707240443,0.0,0.0,56.17386948,0.0,0.0,39.7247668,0.0,0.0,0.0,0.0,0.0,0.0,0.0,0.0,0.0,0.0,-19.0625,1.0,0,0,0,0.022790981,0.003674177,0.999925705,272.1495533,272.2000373,0.99986937
HPA,11.91088353,3.385683461,-5.642642865,0.482790226,42.2,0.325061927,-0.324422009,31.19088875,-1.866926373,0.370503499,2.434220514,6.544207009,529.8750084,0.351748508,49813.8886,4.888623338,25.97066682,6.372924901,0.0,7.595762327,2.862399314,6.114013306,0.0,0.0,7.595762327,4.565048285,0.0,4.565048285,9.791384798,0.0,0.0,0.0,-3.769656439,1.0,2,0,0,0.995402807,0.006480515,0.986802171,152.2721926,1568.877525,0.144155026
HS,7.941053123,1.1825411,-4.454774857,0.454943515,53.23076923,0.038022781,-0.162008018,32.16649058,-1.847892657,0.69967002,2.634605521,6.899671912,813.5945394,0.507732772,10149456.83,12.35,51.94133364,24.15576357,0.0,11.76188495,0.0,11.40991377,0.0,0.0,11.76188495,0.0,0.0,0.0,0.0,-1.1825411,0.0,0.0,-7.842637415,1.0,0,0,0,0.99418325,0.002148309,0.912169227,424.5987019,3596.09674,0.074560436
HT,7.51625,0.46627055,-3.891041667,0.425325712,50.85714286,0.102211365,-0.179363901,32.11686592,-1.739109954,0.707120521,2.257924097,6.137022423,379.415696,0.139046554,8054.015255,6.35,25.97066682,12.07788179,0.0,12.53269604,1.123799173,5.704956885,0.0,0.0,12.53269604,0.0,0.0,0.0,0.0,-0.46627055,0.0,0.0,-3.596476403,1.0,0,0,0,0.998954286,0.021435429,0.973421234,45.41179162,966.8555815,0.157035846
HYD,6.579861111,0.310972222,-1.84375,0.241741598,37.0,2.259139306,-0.686236928,15.99900202,-2.587536871,-0.378689322,1.650309744,3.702086145,81.12704562,0.0,59.4111508,101.1022222,0.0,0.0,0.0,0.0,2.847603328,0.0,0.0,11.65046429,0.0,0.0,0.0,0.0,5.480753428,0.0,-2.154722222,0.0,0.0,0.0,7,0,0,0.981756431,0.039039988,0.851635979,21.81445307,97.70533761,0.219594403
ISA,6.9375,3.166666667,-3.166666667,0.428404794,47.0,0.210416358,-0.393706902,16.26364309,-1.848436775,0.215624827,1.805472299,4.951010561,140.666358,0.0,173.3253407,1.297837838,0.0,13.70378423,1.370758556,0.0,1.431199657,0.0,0.0,0.0,0.0,0.0,0.0,0.0,5.108808191,0.0,0.0,0.0,-6.333333333,1.0,1,0,0,0.833869153,0.010010384,0.590385537,58.97731071,63.08285831,0.428990222
LA,11.56210455,2.418979291,-4.808286092,0.541252579,46.57142857,0.302839557,-0.48123039,16.36512498,-1.929208723,-0.136651836,2.700885742,7.255806387,894.5672061,0.301031036,9216613.242,10.55019246,57.83529133,6.372924901,0.0,5.969305288,1.431199657,0.0,0.0,0.0,0.0,4.794537184,0.0,4.794537184,5.108808191,0.0,-2.418979291,0.0,-3.994188238,0.916666667,1,1,0,0.999772861,0.009212673,0.985673719,106.9910682,4948.164057,0.056395494
LAA,11.34945625,1.093096655,-3.464212963,0.385005401,44.5,0.377497234,-0.5050473,16.5826008,-2.310893941,-0.147321662,2.676818284,3.488535823,441.1732595,0.577019551,17554.57431,2.99698026,0.0,0.0,12.04201947,5.969305288,5.724798629,6.558985243,11.51832974,0.0,0.0,9.531400138,11.51832974,4.794537184,25.17209572,0.0,-3.794596088,0.0,-3.432502834,0.5,4,0,1,0.960082876,0.002523324,0.767582149,304.1948931,834.7567615,0.16578561
LC,10.86520833,0.263935185,-3.068287037,0.424381502,34.14285714,0.320822211,-0.480063884,32.11686661,-2.309520288,-0.137419425,2.139877249,5.201604263,224.9804469,0.125,678.3410878,2.872924705,0.0,0.0,1.370758556,18.50200133,2.55499883,5.704956885,0.0,5.719716976,12.53269604,4.794537184,0.0,4.794537184,5.108808191,-0.263935185,-1.729398148,-3.068287037,0.0,0.666666667,3,1,0,0.971476518,0.007576394,0.898211749,118.5539866,449.0532284,0.419868731
LCEE,11.94774691,0.484241229,-3.63912037,0.439746957,37.9,2.17199715,-0.588958562,35.45300072,-2.659950882,-0.400528324,2.34650656,5.917896025,410.2299032,0.219686143,15850.65181,7.180253583,0.0,6.851892117,15.00545924,30.82498216,2.281701343,12.26394213,0.0,5.712741725,24.85567687,9.531400138,0.0,4.794537184,4.736862954,4.539018106,-2.197662037,-3.63912037,-7.065506661,0.8,3,0,1,0.930717256,0.001607398,0.774585829,481.888063,1020.572439,0.264303909
MA,11.64800804,2.473122142,-4.987831869,0.488350504,47.75,0.302839557,-0.48123039,16.36512748,-1.929394031,-0.136652296,2.804983937,7.490740027,1078.392769,0.363531036,104412783.8,12.5391085,70.58114113,6.372924901,0.0,5.969305288,1.431199657,0.0,0.0,0.0,0.0,4.794537184,0.0,4.794537184,5.108808191,0.0,-2.473122142,0.0,-4.059798636,0.928571429,1,1,0,0.999871175,0.008098351,0.990158884,122.2667353,7542.45189,0.04499997
MHA,11.12321956,0.472201935,-3.884212963,0.458367182,36.44444444,0.302839561,-0.48123039,32.11686607,-1.928905706,-0.136644151,2.358911816,6.062261647,406.5518319,0.190077591,10961.86321,5.947877238,6.372924901,18.45080669,0.0,18.50200133,2.55499883,5.704956885,0.0,0.0,12.53269604,4.794537184,0.0,4.794537184,5.108808191,-0.472201935,-2.091423375,0.0,0.0,0.833333333,1,1,0,0.998777465,0.011706456,0.960811883,82.07538408,1595.285415,0.125755805
MLA,10.32952003,1.122916667,-1.453333333,0.48598391,18.0,0.328065864,-0.47807075,16.37046114,-1.91203742,-0.133714396,2.122800175,4.680167927,211.2123595,0.102062073,358.7532296,2.787963713,0.0,0.0,2.741517112,11.93861058,2.862399314,0.0,12.10414349,0.0,0.0,9.589074368,12.10414349,9.589074368,10.21761638,0.0,-2.906666667,-2.245833333,0.0,0.0,2,2,0,0.988758904,0.009260368,0.85383229,92.20284743,526.5280542,0.010265243
N-DPT,8.044156274,0.211552816,-0.780498866,0.769283107,20.0,0.174765942,-0.332489165,32.0920465,-2.182686385,1.596294977,2.665951299,2.604856297,858.950105,0.997468077,809382.8143,5.279057444,36.25451225,36.38754827,13.70758556,28.70508288,0.0,10.61962671,60.42418708,10.61962671,12.21787344,0.0,60.42418708,0.0,0.0,4.945566893,0.0,-7.152187346,0.0,0.0,2,0,0,0.994289499,0.003152224,0.94126094,298.6021296,2633.73287,0.119661134
NA_,11.37509993,2.302252023,-4.457086168,0.578319877,44.0,0.302839557,-0.48123039,16.36512123,-1.928024335,-0.136651252,2.509561471,6.77099238,629.7332673,0.207281036,237698.1338,7.575596621,38.71651662,6.372924901,0.0,5.969305288,1.431199657,0.0,0.0,0.0,0.0,4.794537184,0.0,4.794537184,5.108808191,0.0,-2.302252023,0.0,-3.851893752,0.888888889,1,1,0,0.999050588,0.009865755,0.984705197,99.81042845,2256.019673,0.104712211
NEt3,7.45625,0.875,-3.9,0.51837487,53.57142857,0.042768126,-0.304159943,15.09580003,-2.211235291,0.320927429,2.089104425,6.53393457,333.9128722,0.083852549,8826.466197,4.127785235,20.55567635,19.49057905,0.0,0.0,0.0,19.49057905,0.0,0.0,0.0,0.0,0.0,0.0,0.0,0.0,0.0,0.0,-22.8125,1.0,0,0,0,0.821425634,0.002590403,0.570326317,220.1689575,220.1730796,0.338698412
NH2OH,5.916666667,0.208333333,-0.208333333,0.348404449,25.5,0.237190946,-0.319641792,16.41438797,-1.718628991,0.311191914,1.378783493,2.539538861,20.85475297,0.0,9.651484454,0.92,0.0,0.0,0.0,0.0,0.0,0.0,0.0,5.88302497,0.0,0.0,0.0,0.0,5.209533821,0.0,-0.208333333,0.0,0.0,0.0,3,0,0,0.991135334,0.369727124,0.997776412,2.698683292,20.26765875,0.176126784
NH3-H2O,5.75,0.25,-0.25,0.379708901,29.5,0.205754761,-0.411509522,15.9990005,-0.480605227,0.823799237,1.325011211,0.0,19.28695648,0.0,15.90013453,0.92,0.0,0.0,0.0,0.0,2.862399314,0.0,0.0,6.129620598,0.0,0.0,0.0,0.0,5.480753428,0.0,0.0,0.0,0.0,0.0,5,0,0,0.999006896,0.281542196,0.989654126,3.515118297,78.07623296,0.207883425
NH4Ac,9.861111111,0.25,-2.789930556,0.435025776,26.2,0.299684553,-0.481433475,16.36393027,-1.777043902,-0.133929468,1.824591778,0.0,129.103403,0.0,160.5640764,3.43,0.0,0.0,0.0,5.969305288,1.431199657,0.0,0.0,6.129620598,0.0,4.794537184,0.0,4.794537184,5.108808191,0.0,-1.502314815,0.0,-2.789930556,0.5,4,1,0,0.982533579,0.017372052,0.836837178,48.17146347,216.6299855,0.126843002
NLA,7.809141156,0.960660754,-4.523894558,0.54473967,54.3,0.118379135,-0.330473504,14.50902706,-1.968665317,0.592584438,2.515034662,6.913418908,654.2517813,0.18420085,463566.1588,8.96,45.08944153,12.86978459,0.0,0.0,0.0,6.496859684,0.0,5.719716976,0.0,0.0,0.0,0.0,0.0,0.0,0.0,0.0,-7.811832772,1.0,2,0,0,0.999598426,0.017009989,0.986170192,57.97594665,2017.648651,0.088101116
NMP,11.41590278,0.347222222,-3.230671296,0.425686211,63.71428571,0.221873564,-0.345748915,16.15310778,-2.173220282,-0.126031391,2.064131509,3.424632842,331.2812714,0.243993239,1263.248483,1.523475772,0.0,6.372924901,0.0,5.907179729,0.0,13.47268658,0.0,0.0,0.0,4.794537184,0.0,4.794537184,0.0,0.0,-1.706018519,0.0,-6.447800926,0.8,0,0,1,0.884407678,0.004319366,0.585394375,135.5278445,169.9906947,0.269508193
NVP,11.55430556,0.122685185,-3.181712963,0.488692043,54.25,0.226055117,-0.319671229,16.15325108,-2.158559169,-0.124969213,2.23069874,3.474534954,396.2902593,0.322716712,2600.99473,1.987228406,6.531038962,12.54893143,4.112275669,5.907179729,0.0,6.496859684,12.70704549,0.0,0.0,4.794537184,12.70704549,4.794537184,0.0,0.0,-1.602314815,0.0,-4.32537037,0.5,0,0,1,0.925591434,0.004193937,0.651614498,155.3705868,267.4644126,0.165582738
Na-CIT,11.89370181,0.260216915,-3.509189815,0.494045118,17.0,0.0,0.0,0.0,0.0,0.0,2.447648787,6.466174563,5469.130174,1.158141987,17601.04242,8.468127144,0.0,0.0,0.0,17.90791586,1.431199657,0.0,0.0,92.4962271,0.0,14.38361155,0.0,14.38361155,12.38174115,-0.83313618,-5.018229088,0.0,0.0,0.5,1,3,3,0.87573973,0.001225983,0.838764098,684.1564457,1188.61942,0.596640682
Na-HDS,12.15282882,0.895954721,-5.821974583,0.2477301,46.0952381,0.0,0.023035333,0.0,0.0,0.0,2.941735806,7.821355106,3194.092537,1.014046554,5352744937.0,15.79233596,38.71651662,0.0,0.0,10.11812686,0.0,5.704956885,0.0,28.40776471,0.0,11.98866032,0.0,8.417796984,1.870533464,-0.895954721,0.0,0.0,-4.137874054,1.0,0,0,0,0.999918499,0.004308,0.995853915,231.16386,18031.29877,0.034298661
Na-LAA,11.44822169,0.122391818,-3.333737402,0.313230046,41.07692308,0.0,0.0,0.0,0.0,0.0,2.676818284,3.488535823,1899.011313,1.133205769,17554.57431,4.296155426,0.0,0.0,0.0,5.969305288,4.293598972,6.558985243,11.51832974,28.40776471,0.0,11.95571112,11.51832974,4.794537184,20.06328753,-0.122391818,-3.035089916,0.0,-3.333737402,0.5,3,0,1,0.921051887,0.001258327,0.654193239,519.8912921,873.3295804,0.164725573
OA,11.7304664,2.497915947,-4.921492909,0.290516942,47.8,0.302839557,-0.48123039,16.36513221,-1.928441849,-0.136652993,2.970746662,7.71192955,1442.277464,0.488531036,6964441628.0,16.26491488,69.93943482,31.86462451,2.741517112,5.969305288,1.431199657,0.0,12.10414349,0.0,0.0,4.794537184,12.10414349,4.794537184,5.108808191,0.0,-2.497915947,-5.12699954,-4.092839343,0.833333333,1,1,0,0.999930072,0.00579143,0.993881965,171.6125462,14422.85796,0.032829685
OCEA,11.01067519,1.593407502,-3.993849797,0.471686157,39.6,0.327475557,-0.478081999,16.36452483,-1.848384857,-0.13095098,2.421398643,6.364148845,529.3827562,0.176031036,37059.50623,6.33180268,25.64981367,12.7458498,2.741517112,5.969305288,1.431199657,0.0,12.10414349,0.0,0.0,4.794537184,12.10414349,4.794537184,5.108808191,0.0,-1.820307579,-3.32029006,-3.670894353,0.625,1,1,0,0.998291044,0.010422171,0.982117192,94.23346032,1583.702619,0.139865702
OCT,7.727083333,0.923780589,-4.38,0.547073684,54.11111111,0.118379135,-0.330473504,14.50900912,-1.968154685,0.611798225,2.438202493,6.722418464,568.9729249,0.15295085,136068.7665,7.96,38.71651662,12.86978459,0.0,0.0,0.0,6.496859684,0.0,5.719716976,0.0,0.0,0.0,0.0,0.0,0.0,0.0,0.0,-7.685404856,1.0,2,0,0,0.999384459,0.018643392,0.98267846,52.70921006,1476.458499,0.105090942
OCT-HBr,7.82714888,1.501387537,-4.425334467,0.59288969,51.5,2.140090401,-0.601339258,79.90400014,-2.495097666,-0.368019232,2.516976994,6.85306487,631.2079495,0.15295085,323459.2304,12.14817436,32.34359172,12.7458498,2.741517112,16.84889979,0.943093339,6.496859684,0.0,5.712741725,16.84889979,0.0,0.0,0.0,16.84889979,2.31375064,0.0,0.0,-7.8117676,1.0,3,0,0,0.995156794,0.002949036,0.922880883,312.9432929,2938.030715,0.127725963
OCT-HCl,7.805881519,1.161109759,-4.453112245,0.531696757,51.5,2.171167027,-0.601339258,35.45300042,-2.49509767,-0.368019257,2.516976994,6.85306487,631.2079495,0.15295085,323459.2304,11.97770511,32.34359172,12.7458498,2.741517112,12.32298083,1.15790217,6.496859684,0.0,5.712741725,12.32298083,0.0,0.0,0.0,0.0,4.998825,0.0,0.0,-7.908085897,1.0,3,0,0,0.995388129,0.003950899,0.931575966,235.7883366,2289.751356,0.129112579
OCTA,11.28801316,2.24854832,-4.294586168,0.581155704,42.8,0.302839557,-0.48123039,16.36511997,-1.926893215,-0.136650453,2.432514473,6.556665742,544.9432224,0.176031036,69759.65005,6.588063754,32.34359172,6.372924901,0.0,5.969305288,1.431199657,0.0,0.0,0.0,0.0,4.794537184,0.0,4.794537184,5.108808191,0.0,-2.24854832,0.0,-3.78594124,0.875,1,1,0,0.998883451,0.011830068,0.966039603,81.65968586,1669.821095,0.102872665
ODA,8.241543108,1.139232031,-5.283974645,0.331304477,55.10526316,0.118379135,-0.330473504,14.50909295,-1.969176918,0.529929019,2.980106062,7.886580417,1487.424108,0.46545085,25686866126.0,17.96,102.4457656,12.86978459,0.0,0.0,0.0,6.496859684,0.0,5.719716976,0.0,0.0,0.0,0.0,0.0,0.0,0.0,0.0,-8.394497366,1.0,2,0,0,0.999950339,0.007361183,0.994732509,135.1321579,13488.01525,0.029250801
ODOH,8.229146414,3.418502567,-5.26798291,0.329060871,54.10526316,0.210036535,-0.396376569,16.249932,-1.846639558,0.281986525,2.980754198,7.864295268,1455.949243,0.463015518,17913403949.0,17.96,102.4457656,6.372924901,2.741517112,0.0,1.431199657,6.558985243,0.0,0.0,0.0,0.0,0.0,0.0,5.108808191,0.0,0.0,0.0,-8.347610824,1.0,1,0,0,0.99993643,0.006613222,0.996389225,150.666237,13314.08755,0.0354966
ODPIA,12.22897485,3.306562374,-6.109588593,0.238744435,53.80952381,0.218444393,-0.346282284,31.12564846,-1.840545391,0.49735302,3.017767431,7.941108128,1628.680952,0.658283189,59898616946.0,18.23952947,102.4457656,6.372924901,0.0,7.973029066,2.70975422,6.114013306,0.0,0.0,7.973029066,4.565048285,0.0,4.565048285,4.895692399,0.0,0.0,0.0,-4.176621583,1.0,1,0,0,0.999940996,0.004692064,0.997806996,212.6584313,19533.43773,0.030209054
ODPOA,12.52064151,3.379479041,-6.200637976,0.238041433,49.72727273,0.325061927,-0.324422009,31.1908898,-1.881163267,0.37030072,3.049832437,7.960823448,1641.974721,0.726748508,105151000000.0,16.02354048,102.4457656,6.372924901,0.0,7.595762327,2.862399314,6.114013306,0.0,0.0,7.595762327,4.565048285,0.0,4.565048285,9.791384798,0.0,0.0,0.0,-4.181374984,1.0,2,0,0,0.999941029,0.004283992,0.997572155,232.860403,21390.05351,0.028573151
ODT,8.242920518,0.812313652,-5.251862042,0.22537185,54.10526316,0.102211365,-0.179363901,32.11686665,-1.834098875,0.531532066,2.980754198,7.864295268,1455.949243,0.514046554,17913403949.0,18.35,102.4457656,12.07788179,0.0,12.53269604,1.123799173,5.704956885,0.0,0.0,12.53269604,0.0,0.0,0.0,0.0,-0.812313652,0.0,0.0,-4.150965211,1.0,0,0,0,0.999972858,0.008472195,0.996354676,117.6028923,15903.8427,0.030042233
OLA,8.175513142,1.101215502,-4.973614626,0.286392243,53.42105263,0.118379135,-0.330473504,14.50908263,-1.968825075,0.598942695,2.974264777,7.768159898,1469.792813,0.46545085,13568758988.0,17.7,76.31235972,38.36148419,2.741517112,0.0,0.0,6.496859684,12.10414349,5.719716976,0.0,0.0,12.10414349,0.0,0.0,0.0,0.0,-5.165341121,-8.276135294,0.888888889,2,0,0,0.999949476,0.007588775,0.996289371,131.2846127,13011.90534,0.032314954
OLA-HBr,8.181685982,0.0,-5.022004294,0.347361826,52.0,0.344006605,-1.0,79.90400029,-2.996004406,-0.368021578,2.969895767,0.0,1519.623898,0.46545085,17651082157.0,21.47781225,69.93943482,38.23754941,11.97989391,0.0,0.0,6.496859684,12.10414349,22.69419258,0.0,0.0,12.10414349,0.0,0.0,0.0,0.0,-5.206905247,-8.575791919,0.888888889,3,0,0,0.999853919,0.002625636,0.98835379,376.4244899,21766.80725,0.034350174
OLA-HI,8.230487635,0.94192058,-4.993682535,0.18672712,52.15,2.135463352,-0.601339258,126.9040002,-2.495099905,-0.368020346,3.012181541,7.814956432,1541.67215,0.46545085,31644137976.0,21.7234449,69.93943482,38.23754941,5.483034225,23.77848602,0.57899437,6.496859684,12.10414349,5.712741725,23.77848602,0.0,12.10414349,0.0,0.0,0.94192058,0.0,-5.174713573,-8.348111931,0.888888889,3,0,0,0.999773207,0.001835558,0.984870442,536.551103,24813.30833,0.03654508
OLOH,8.156994624,2.570122351,-4.945633121,0.284425391,52.42105263,0.210036535,-0.396376569,16.24993182,-1.831363927,0.282052234,2.974890094,7.743914385,1438.34476,0.463015518,9462458325.0,17.7,76.31235972,31.86462451,5.483034225,0.0,1.431199657,6.558985243,12.10414349,0.0,0.0,0.0,12.10414349,0.0,5.108808191,0.0,0.0,-5.142041458,-8.229248752,0.888888889,1,0,0,0.999948409,0.007464703,0.996173707,133.4512191,13087.58419,0.033043313
OPA,12.1042666,3.387289675,-5.818935946,0.483296322,44.5,0.325061927,-0.324422009,31.19088893,-1.875013422,0.370349358,2.580433878,6.946158831,701.4316718,0.414248508,576025.0936,6.642865301,38.71651662,6.372924901,0.0,7.595762327,2.862399314,6.114013306,0.0,0.0,7.595762327,4.565048285,0.0,4.565048285,9.791384798,0.0,0.0,0.0,-3.894754486,1.0,2,0,0,0.998477013,0.005958554,0.990146309,166.1722455,2982.360676,0.098968436
OT,7.731712963,0.573664454,-4.280234316,0.431295494,52.0,0.102211365,-0.179363901,32.11686604,-1.77918581,0.627053183,2.440609247,6.652278162,542.0551023,0.201546554,94964.10581,8.35,38.71651662,12.07788179,0.0,12.53269604,1.123799173,5.704956885,0.0,0.0,12.53269604,0.0,0.0,0.0,0.0,-0.573664454,0.0,0.0,-3.78045963,1.0,0,0,0,0.999565787,0.01691834,0.983409822,58.12684981,1939.957253,0.107196336
PA,11.71491202,2.515471614,-5.134199224,0.413489783,48.66666667,0.302839557,-0.48123039,16.36512998,-1.929455998,-0.136652747,2.895919892,7.679508606,1267.066126,0.426031036,1175893488.0,14.53071645,83.32699093,6.372924901,0.0,5.969305288,1.431199657,0.0,0.0,0.0,0.0,4.794537184,0.0,4.794537184,5.108808191,0.0,-2.515471614,0.0,-4.11098234,0.9375,1,1,0,0.99990744,0.006694942,0.99263438,148.2663145,10817.21689,0.037694368
PD,7.49125,3.425758692,-4.013958333,0.516895098,46.0,0.210036535,-0.396376569,16.25180906,-1.850951937,0.265068474,2.368008513,6.191888138,364.1372427,0.113531036,14930.29368,6.92,12.7458498,12.7458498,5.483034225,0.0,2.862399314,13.11797049,0.0,0.0,0.0,0.0,0.0,0.0,10.21761638,0.0,0.0,0.0,-7.34431335,1.0,2,0,0,0.999240675,0.023194012,0.979568866,42.23369603,1061.812294,0.15003504
PHA,7.987842026,0.065740741,-0.480794596,0.49697997,18.85714286,0.096401256,-0.253960355,14.72256339,-1.82617678,1.374352634,2.469948042,2.737777805,890.6261729,1.227418694,77185.8763,2.77102896,24.16967483,12.08483742,21.99946988,21.80584986,0.0,0.0,48.60030267,0.0,0.0,0.0,48.60030267,0.0,9.967957042,0.0,0.0,-2.555190014,0.0,0.0,0,0,0,0.964715154,0.002354079,0.736705777,312.9486288,875.6352102,2.73e-06
PVP,13.59212341,0.985160817,-5.332615268,0.537823619,65.875,0.386355231,-0.369630628,16.15792284,-2.434500878,-0.429446722,3.149517366,2.69367204,1601.394896,1.545556428,6061449175.0,7.447763861,6.017892468,19.1187747,7.743683457,23.91219141,0.0,19.49057905,6.875840478,0.0,0.0,14.38361155,0.0,15.75437011,0.0,0.0,-7.830095719,-10.26735107,-15.71589732,0.722222222,0,0,3,0.96464825,0.00090121,0.930816572,1032.851689,3647.994773,0.27057345
SA,11.76849441,2.54948679,-5.255626943,0.336041979,49.4,0.302839557,-0.48123039,16.36513249,-1.929476882,-0.136653196,2.976655768,7.83455278,1459.990333,0.488531036,13184637690.0,16.52414185,96.07284074,6.372924901,0.0,5.969305288,1.431199657,0.0,0.0,0.0,0.0,4.794537184,0.0,4.794537184,5.108808191,0.0,-2.54948679,0.0,-4.152020379,0.944444444,1,1,0,0.999944649,0.006320861,0.996879396,157.7126049,14943.04462,0.032698798
SDS,11.55773026,0.69793691,-5.393310311,0.215813375,42.0,0.0,0.0,0.0,0.0,0.0,2.75639287,7.371606843,2767.3345,0.797294845,61623947.72,12.8812789,19.59774192,0.0,0.0,10.39900058,0.0,6.558985243,0.0,28.40776471,0.0,16.45261948,0.0,8.417796984,6.053618897,-0.69793691,0.0,0.0,-8.489195652,1.0,0,0,0,0.999649251,0.003820857,0.99554285,260.5548313,9794.538442,0.068443009
TA,16.82256346,1.36910609,-6.918763702,0.019798201,22.95081967,0.343440906,-0.504143738,16.75058197,-2.63016096,-0.28247204,0.654208211,1.385627859,8171.685666,8.450396722,6.78e+63,33.36010515,0.0,120.8483742,91.27423738,59.69305288,35.77999143,6.558985243,176.4828891,23.68431477,0.0,28.42117772,120.8483742,45.90482282,127.7202048,0.0,-84.83074259,-41.47930581,-6.30138291,0.078947368,25,0,10,0.896639008,9.6e-06,0.611736341,63700.8206,88011.3403,0.088814364
TBA,8.202019558,1.551875,-4.977933673,0.529354239,54.69230769,0.043056715,-0.303338146,15.10837512,-2.265815462,0.261094053,2.629703598,8.210940789,792.3969022,0.335410197,14369868.05,10.04361204,39.67445106,38.60935376,0.0,0.0,0.0,19.49057905,0.0,0.0,0.0,0.0,0.0,0.0,0.0,0.0,0.0,0.0,-27.36959892,1.0,0,0,0,0.930955474,0.000897821,0.685642584,763.6740202,1434.019451,0.152952428
TBAB,8.996605726,1.689812925,-7.040666667,0.0,70.66666667,0.0,0.0,0.0,0.0,0.0,2.879256626,10.69324124,1185.416886,1.054073727,3759328271.0,9.360615402,0.0,0.0,0.0,16.14720974,0.0,25.98743874,0.0,0.0,16.14720974,0.0,0.0,0.0,0.0,1.689812925,0.0,0.0,-43.12619785,1.0,0,0,0,0.845019945,0.000496022,0.866477572,1746.851765,2830.576783,0.66083827
TBAC,8.911536281,4.668082593,-7.380944444,0.0,70.66666667,0.0,0.0,0.0,0.0,0.0,2.879256626,10.69324124,1185.416886,0.86846497,3759328271.0,9.201016286,0.0,0.0,0.0,11.77666823,0.0,25.98743874,0.0,0.0,11.77666823,0.0,0.0,0.0,0.0,6.457343789,0.0,0.0,-43.88237069,1.0,0,0,0,0.813122235,0.000571121,0.90825831,1590.306882,2481.406757,0.673219234
TBOH,6.916666667,3.453125,-3.479166667,0.449827657,48.8,0.210811791,-0.390760088,16.27984148,-2.095551407,0.101589081,1.764028816,5.7760469,183.0084624,0.0,508.040299,0.976756002,0.0,20.55567635,5.601050811,0.0,1.431199657,0.0,0.0,0.0,0.0,0.0,0.0,0.0,5.108808191,0.0,0.0,0.0,-10.359375,1.0,1,0,0,0.276878047,0.00891806,0.966126707,108.3337326,108.9224274,0.676830646
TBP,8.304900216,4.10822893,-5.183819444,0.467889878,54.69230769,0.031556242,-0.106733111,31.13136879,-1.94811197,0.846809482,2.629703598,8.210940789,792.3969022,1.00623059,14369868.05,10.51045052,39.67445106,37.46081462,0.0,7.921588092,0.0,18.34203992,0.0,0.0,7.921588092,0.0,0.0,0.0,0.0,0.0,0.0,0.0,-12.32468679,1.0,0,0,0,0.65518685,0.000672605,0.778558585,1157.527235,1192.908388,0.520563646
TBPT,7.841753354,3.956935364,-4.662623929,0.372097223,46.6875,0.332143221,-0.312259105,31.17245019,-1.993531631,0.15547958,2.687299969,7.226857076,849.5393305,0.785057808,56195406.13,13.37531679,39.67445106,19.1187747,27.90150707,8.602392481,0.0,19.67695573,0.0,0.0,8.602392481,13.57124149,0.0,0.0,13.57124149,0.0,0.0,0.0,-25.1794898,1.0,0,0,0,0.863218249,0.000263561,0.530062149,2011.153516,2111.670105,0.08639637
TBPY,7.725115741,0.969328704,-3.657407407,0.53191532,34.2,0.083988552,-0.264715553,14.604545,-2.098389668,0.589068948,2.261851515,4.198770928,545.543051,0.414405948,28046.95879,2.409451488,20.55567635,23.06327938,5.483034225,0.0,0.0,0.0,29.99407933,0.0,0.0,5.414990469,24.43062784,0.0,4.983978521,0.0,0.0,-2.204861111,-10.97222222,0.444444444,0,0,0,0.949948606,0.004480123,0.868165732,193.7816806,538.5123737,0.40683362
TDO,8.082980206,3.422091662,-5.006672217,0.467641431,53.6,0.210036535,-0.396376569,16.24992898,-1.842070181,0.281987333,2.810123235,7.534625857,1074.710387,0.338015518,141925695.5,13.96,76.95406603,6.372924901,2.741517112,0.0,1.431199657,6.558985243,0.0,0.0,0.0,0.0,0.0,0.0,5.108808191,0.0,0.0,0.0,-8.164586023,1.0,1,0,0,0.999909792,0.010888077,0.993792583,91.2734718,6753.234614,0.046104585
TDOH,8.101498724,3.495008329,-5.029531014,0.392837439,51.0,0.213352584,-0.368209655,16.47359278,-2.022784752,-0.046552855,2.852683824,7.566041025,1093.381926,0.363531036,250263589.9,12.98702413,70.58114113,12.7458498,1.370758556,0.0,2.862399314,0.0,0.0,0.0,0.0,0.0,0.0,0.0,10.21761638,0.0,0.0,0.0,-4.073432334,1.0,2,0,0,0.999856181,0.007565815,0.991805086,131.0903145,7666.37675,0.046083998
TDOL,8.03668391,3.423003121,-4.926377079,0.493255957,53.42857143,0.210036535,-0.396376569,16.24992823,-1.840295806,0.281987603,2.760297728,7.429058119,982.2532608,0.306765518,42209724.81,12.96,70.58114113,6.372924901,2.741517112,0.0,1.431199657,6.558985243,0.0,0.0,0.0,0.0,0.0,0.0,5.108808191,0.0,0.0,0.0,-8.103883163,1.0,1,0,0,0.999875852,0.01134944,0.992184944,87.42148842,5504.773427,0.052721335
TDPA,12.41258439,3.382974721,-6.101530471,0.373231866,48.33333333,0.325061927,-0.324422009,31.19088945,-1.880621557,0.370303025,2.896662004,7.674820854,1252.285865,0.601748508,839307155.2,12.19752231,76.95406603,6.372924901,0.0,7.595762327,2.862399314,6.114013306,0.0,0.0,7.595762327,4.565048285,0.0,4.565048285,9.791384798,0.0,0.0,0.0,-4.104817437,1.0,2,0,0,0.999819105,0.004587569,0.994696185,216.8242553,11339.39205,0.042555524
TEG,7.325403912,3.40810914,-3.881113946,0.457137623,39.2,0.21015563,-0.393980325,16.52900932,-2.085583297,0.022200782,2.349734538,5.54651275,394.9806037,0.13436437,32118.5214,8.84,0.0,0.0,55.80301413,0.0,2.862399314,39.35391146,0.0,0.0,0.0,9.473725908,0.0,0.0,19.69134229,0.0,0.0,0.0,-22.26032951,1.0,2,0,0,0.999669004,0.020541789,0.985344551,47.96780523,1837.163022,0.09603254
TELA,7.633333333,0.95375,-4.056041667,0.419530358,41.1,0.210103351,-0.395044542,16.25916501,-2.318098886,0.136139935,2.449198215,6.778712722,399.6146218,0.220783189,57007.53766,6.953122172,0.0,0.0,27.90150707,0.0,4.293598972,39.16753478,0.0,0.0,0.0,0.0,0.0,0.0,15.32642457,0.0,0.0,0.0,-23.61480867,1.0,3,0,0,0.882280216,0.001577987,0.677201473,429.1551728,617.3982275,0.389652182
TFA,10.8549537,2.502314815,-5.039930556,0.501116333,12.71428571,0.490240318,-0.474581172,19.41347752,-2.205506156,-0.192461792,1.620335266,3.823378455,97.94677017,0.0,35.64737585,1.399087407,0.0,0.0,0.0,5.969305288,1.431199657,0.0,0.0,0.0,0.0,4.794537184,0.0,17.96578233,5.108808191,0.0,-2.502314815,0.0,0.0,0.5,1,1,0,0.842126187,0.006180054,0.829908793,134.2882799,206.6587225,0.317268157
TGA,10.13902778,0.051435185,-2.414930556,0.446626641,20.8,0.312684272,-0.480629757,32.11686638,-1.922717118,-0.133401526,1.861283857,3.970539117,115.1352628,0.0,72.59007043,2.081780105,0.0,0.0,5.704956885,18.50200133,2.55499883,5.704956885,0.0,0.0,12.53269604,4.794537184,0.0,4.794537184,5.108808191,-0.051435185,-1.358796296,0.0,0.0,0.5,1,1,0,0.979074294,0.015940222,0.851838609,53.43956987,223.6913382,0.378404861
TGY,7.575140542,3.582802396,-4.294102891,0.445245331,41.86666667,0.070114395,-0.382297726,16.55638372,-2.120302557,-0.003798443,2.453961166,6.010408749,717.7016232,0.243213221,3925297.386,13.8,0.0,0.0,82.62857018,0.0,0.0,66.54778686,0.0,0.0,0.0,23.68431477,0.0,0.0,23.68431477,0.0,0.0,0.0,-33.26243728,1.0,0,0,0,0.999918624,0.013029758,0.992838072,76.19773794,5930.174384,0.042486642
THF,7.098958333,2.958333333,-3.010416667,0.410937601,88.0,0.056655979,-0.381449382,16.47808085,-1.743026703,0.197833493,1.882701644,3.243659159,208.2985258,0.127577591,333.2381909,1.410312175,0.0,12.7458498,5.483034225,0.0,0.0,13.11797049,0.0,0.0,0.0,4.736862954,0.0,0.0,4.736862954,0.0,0.0,0.0,-5.916666667,1.0,0,0,0,0.825551705,0.007982068,0.572504734,71.72385704,72.76328287,0.506011535
THPC,7.52679784,3.570131173,-7.057407407,0.450514431,39.1,0.0,0.0,0.0,0.0,0.0,2.445286751,7.337176915,342.4206616,0.335410197,18452.13382,3.304324357,0.0,0.0,0.0,17.19688507,5.724798629,25.20029459,0.0,0.0,17.19688507,0.0,0.0,0.0,20.43523276,5.815493827,-7.057407407,0.0,0.0,1.0,4,0,0,0.833619551,0.002230808,0.985026999,441.5561682,787.4596853,0.796166539
TMNO,11.41666667,3.1875,-3.670138889,0.297544751,46.2,0.088942761,-0.63336035,16.53577222,-2.245139975,-0.817828274,1.77318472,5.542725538,173.5285314,0.0,312.0805106,0.953692476,0.0,0.0,33.26430771,0.0,0.0,20.9274807,5.207253025,0.0,0.0,0.0,0.0,5.207253025,0.0,0.0,0.0,0.0,-11.01041667,1.0,0,0,0,0.324600382,0.009477647,0.94618243,99.833053,99.86800828,0.526945596
TOA,8.834370447,2.271341766,-6.047853994,0.187258909,55.32,0.043056888,-0.303337613,15.10878979,-2.269774119,0.253771941,3.14075468,9.707205288,1846.694555,0.710410197,28914500000000.0,22.00173623,116.1495499,38.60935376,0.0,0.0,0.0,19.49057905,0.0,0.0,0.0,0.0,0.0,0.0,0.0,0.0,0.0,0.0,-31.29870249,1.0,0,0,0,0.940865567,0.000152732,0.693999266,4543.900268,9308.288934,0.078124932
TOAB,8.834370447,2.188196807,-6.047853994,0.073128288,54.05882353,0.043056888,-0.303337613,79.91873,-2.269774176,0.253771941,0.675016914,0.0,2636.960371,0.95815776,1.98e+27,35.6010564,170.7960104,44.98227866,0.0,15.9299439,0.0,24.77277198,0.0,0.0,15.9299439,0.0,0.0,0.0,15.9299439,2.188196807,0.0,0.0,-35.05297899,1.0,0,0,0,0.882628795,5.97e-05,0.628421665,10522.87593,14067.67962,0.105118057
TOP,8.937251105,4.373615652,-6.389776563,0.139267505,55.32,0.031556412,-0.106732584,31.13136974,-1.970738067,0.617403999,3.14075468,9.707205288,1846.694555,1.38123059,28914500000000.0,22.47093328,116.1495499,37.46081462,0.0,7.921588092,0.0,18.34203992,0.0,0.0,7.921588092,0.0,0.0,0.0,0.0,0.0,0.0,0.0,-13.12084695,1.0,0,0,0,0.796805228,0.000192649,0.865633826,4493.327309,6437.177843,0.614946371
TOPO,16.13224424,4.427800608,-9.132733765,0.141708721,54.07692308,0.087719231,-0.323555786,31.16408545,-2.017227184,0.555264629,3.16827256,9.942242208,1960.351438,1.586626549,44452300000000.0,19.97693222,116.1495499,19.1187747,7.141892734,7.141892734,0.0,18.34203992,0.0,0.0,7.141892734,4.565048285,0.0,0.0,0.0,0.0,0.0,0.0,-13.28340182,1.0,0,0,0,0.777642097,0.000164683,0.816637114,4958.843937,6441.115782,0.606504954
TPP,13.88267857,0.846983591,-5.61481198,0.574213569,19.91304348,0.646578429,-0.385930559,31.2049271,-2.069709331,0.298236042,2.890122783,2.309042405,1277.131305,2.300320715,91327879.94,7.033331574,54.38176837,36.25451225,20.56137834,7.822697123,0.0,0.0,90.63628061,13.57124149,7.822697123,4.565048285,90.63628061,4.565048285,0.0,0.0,-3.335925296,-14.35364348,0.0,0.0,0,0,0,0.923693549,0.000476882,0.710353858,1489.57933,2761.784627,0.155182396
TPPe,8.382756992,0.515684051,-2.80037037,0.634211574,21.63157895,0.062967242,-0.062222468,31.13152382,-2.196167023,1.735709509,2.807977345,2.679042576,1114.674848,3.078076475,16134637.82,5.820136912,90.63628061,23.83520778,20.56137834,23.83520778,0.0,0.0,90.63628061,15.91361969,7.921588092,0.0,90.63628061,0.0,0.0,0.0,0.0,-11.47567649,0.0,0.0,0,0,0,0.816507098,0.000420681,0.593483548,1410.768845,1450.228249,0.281507803
TTA,6.578703704,0.081018519,-2.487268519,0.418756571,26.5,0.156705023,-0.39355196,32.09203766,-1.979210147,1.733838819,1.61517131,4.055701378,116.6166274,0.0,50.07031062,1.236020761,12.21787344,6.851892117,4.988502102,17.20637554,0.0,0.0,0.0,5.719716976,12.21787344,0.0,0.0,0.0,12.21787344,4.203703704,0.0,0.0,-2.487268519,0.5,2,0,0,0.938078908,0.012793629,0.674370153,52.71140602,102.6119428,0.178467506
YbAc3,8.239454733,2.783487654,-8.239454733,0.593055846,96.92307692,0.0,0.0,0.0,0.0,0.0,3.00899513,1.803980016,767.5667202,29.29483681,52377.57823,0.533225518,0.0,0.0,0.0,0.0,0.0,0.0,0.0,0.0,0.0,1.825721588,0.0,0.0,0.0,-8.239454733,0.0,0.0,-9.427983539,1.0,0,0,0,0.826147888,0.00061414,0.577546026,940.414824,963.9357955,0.108318284
decyne,7.764214853,1.244443093,-4.306326176,0.389723327,46.4,0.123824757,-0.120109316,13.92241554,-1.765681662,0.613692121,2.440576009,6.745528896,639.5030309,0.1875,148687.2122,8.56,38.71651662,6.372924901,0.0,0.0,0.0,0.0,0.0,0.0,0.0,0.0,0.0,0.0,0.0,0.0,1.37309323,0.0,-3.794681818,0.8,0,0,0,0.999557345,0.017598744,0.9837426,55.8984548,1848.338901,0.093255052
diglyme,7.267155612,3.401654974,-3.80917517,0.488753519,42.22222222,0.070097235,-0.382297726,16.53536634,-2.060474443,0.038520036,2.051549788,5.41357427,369.7161166,0.108848851,12719.60868,7.88,0.0,0.0,45.42656076,0.0,0.0,40.31184589,0.0,0.0,0.0,14.21058886,0.0,0.0,14.21058886,0.0,0.0,0.0,-15.05949617,1.0,0,0,0,0.999414212,0.021599643,0.980723771,45.4046296,1301.143937,0.099470625
ethanol,6.520833333,2.854166667,-2.880208333,0.406807966,44.0,0.210022307,-0.396663715,16.24899133,-1.568363547,0.318405613,1.636452798,4.144726367,93.72120768,0.0,49.09358393,1.96,0.0,6.851892117,2.741517112,0.0,1.431199657,6.558985243,0.0,0.0,0.0,0.0,0.0,0.0,5.108808191,0.0,0.0,0.0,-5.734375,1.0,1,0,0,0.971954663,0.059720591,0.883477722,14.79351935,55.57613115,0.480699505
fructose,7.9575,3.61596301,-3.886458333,0.290178193,87.0,0.218264691,-0.39065918,16.65726285,-2.620380417,-0.330808752,2.550649744,3.908905543,480.9546635,0.5306707,75101.33105,3.249570652,0.0,0.0,22.71328038,0.0,7.155998286,13.11797049,0.0,0.0,0.0,4.736862954,0.0,0.0,30.28090391,0.0,-3.848333333,0.0,-7.493405612,1.0,5,0,0,0.931081794,0.002615199,0.835142825,319.3419484,731.0539184,0.37961664
luminol,11.91683485,0.103395692,-1.225833333,0.486341158,17.69230769,0.27210343,-0.398059106,16.14757074,-2.192483017,0.976802564,2.38859484,3.323410518,841.0403289,0.955797359,20933.64518,2.478921037,6.042418708,12.08483742,14.8847241,16.4598347,0.0,5.719716976,38.83486428,16.83825077,0.0,0.0,27.71633049,9.589074368,0.0,0.0,0.0,-2.234017385,0.0,0.0,4,0,0,0.898046491,0.001261478,0.560122582,444.020723,565.3687635,4.24e-05
t-DT,8.144962325,1.003824004,-4.819009826,0.422598361,53.23076923,0.102788301,-0.17308263,32.11712418,-2.086251768,0.538082624,2.636072392,7.557225698,868.0847644,0.326546554,10840457.58,7.726003108,65.16615066,6.372924901,0.0,12.53269604,1.123799173,0.0,0.0,0.0,12.53269604,0.0,0.0,0.0,0.0,-1.003824004,0.0,0.0,-12.23756646,1.0,0,0,0,0.998874534,0.005193496,0.987579674,190.1570038,3959.364695,0.123761891
(NEt2)3P,8.280034486,1.337685185,-5.574737654,0.579123984,50.25,0.119656059,-0.257883362,31.15013873,-2.372615808,0.351564478,2.670979949,9.617338461,840.8165215,1.693821493,155271062.4,9.351424451,41.1113527,0.0,0.0,8.373766405,0.0,38.98115811,0.0,0.0,8.373766405,0.0,0.0,0.0,0.0,0.0,0.0,0.0,-55.5791673,1.0,0,0,0,0.717175147,0.000662491,0.750348923,1132.61832,1219.497077,0.600726095
(NH4)2S,6.547916667,0.386574074,-1.766203704,0.470910525,46.66666667,2.081140756,-0.765055341,32.06700011,-0.4816,2.133,1.553673985,3.436534825,96.24091566,0.0,100.988809,50.22336077,0.0,0.0,0.0,13.30350713,2.218006373,0.0,0.0,12.24529069,13.30350713,0.0,0.0,0.0,0.0,0.386574074,0.0,0.0,0.0,0.0,8,0,0,0.944346985,0.006181806,0.686731987,111.0892164,231.9145239,0.102519041
(NMe2)3As,7.4275,0.565,-5.302083333,0.585896733,46.8,0.0,0.0,0.0,0.0,0.0,2.13248906,7.297741445,400.3021753,1.394274005,88438.58628,4.344030292,0.0,0.0,0.0,15.32831065,0.0,41.8549614,0.0,0.0,0.0,0.0,0.0,0.0,0.0,-5.302083333,0.0,0.0,-22.44791667,1.0,0,0,0,0.725588176,0.00138267,0.690989125,499.7499444,501.8269468,0.447319354
(TMEDA)Mn(SCOC6H5)2,9.154055296,0.553588462,-9.154055296,0.521913104,34.22222222,0.0,0.0,0.0,0.0,0.0,3.030215317,2.292590944,85658.82499,17.59790701,20850053437.0,4.904006902,0.0,0.0,0.0,30.59059175,0.0,40.89702697,71.55109006,0.0,0.0,29.947099,60.42418708,0.0,0.0,0.0,0.0,-10.80141207,-27.98525447,0.3,0,0,2,0.867870451,0.0002582,0.713055597,2761.645467,3963.856875,0.351832726
(TMEDA)Ni(SCOC6H5)2,9.140779216,0.584838462,-8.522829034,0.51792264,34.22222222,0.0,0.0,0.0,0.0,0.0,3.030215317,2.292590944,85658.82499,14.8881526,20850053437.0,4.892974719,0.0,0.0,0.0,30.79230898,0.0,40.89702697,71.55109006,0.0,0.0,29.77122162,60.42418708,0.0,0.0,0.0,0.0,-10.840403,-28.06858781,0.3,0,0,2,0.858164169,0.000240217,0.702013194,2922.411657,3996.240782,0.361973254
(TMS)2PH,8.344521605,3.947466564,-6.255246914,0.449282451,54.11111111,0.06460474,-0.144622897,31.57416082,-2.243048066,1.843970111,2.140502205,7.830430023,431.8360749,6.792056482,84387.15893,2.851786637,38.85099763,0.0,15.48257926,23.10421846,1.278554563,0.0,0.0,0.0,7.621639207,0.0,0.0,0.0,0.0,0.0,0.0,0.0,-23.68479938,1.0,0,0,0,0.93217486,0.002748643,0.974664935,354.5985558,954.7149924,0.522759332
(TMS)2S,7.567283951,0.770833333,-5.966666667,0.584231091,52.0,0.100565531,-0.206413872,32.53237623,-2.270482659,1.852718773,2.163206107,7.454278915,404.9182522,6.200270911,58146.98016,2.801073727,38.85099763,0.0,0.0,25.10715351,0.0,0.0,0.0,0.0,10.66051565,0.0,0.0,0.0,0.0,0.0,0.0,0.0,-22.78472222,1.0,0,0,0,0.924458668,0.002827479,0.976815596,345.4722218,885.073025,0.526581099
(TMS)2Se,7.603742284,2.690972222,-5.820833333,0.632913149,52.0,0.0,0.0,0.0,0.0,0.0,2.163206107,7.454278915,404.9182522,10.73918424,58146.98016,2.908833871,0.0,0.0,0.0,27.03692156,0.0,0.0,0.0,0.0,0.0,0.0,0.0,0.0,0.0,-2.690972222,0.0,0.0,-34.0375,1.0,0,0,0,0.916371594,0.002190843,0.911563225,416.0788312,947.4267563,0.506697639
(TMS)2Te,7.620617284,3.579722222,-5.753333333,0.677984185,52.0,0.0,0.0,0.0,0.0,0.0,2.163206107,7.454278915,404.9182522,13.86422724,58146.98016,3.083080646,0.0,0.0,0.0,30.5918513,0.0,0.0,0.0,0.0,0.0,0.0,0.0,0.0,0.0,-3.579722222,0.0,0.0,-22.21583333,1.0,0,0,0,0.903484975,0.001641774,0.842395851,513.1009283,1008.43249,0.470095924
(TMS)3As,8.119714506,4.579861111,-7.35,0.695820373,54.69230769,0.0,0.0,0.0,0.0,0.0,2.410573943,10.10105659,666.9562897,35.29256074,9192424.821,3.991884992,0.0,0.0,0.0,32.29452975,0.0,0.0,0.0,0.0,0.0,0.0,0.0,0.0,0.0,-6.880208333,0.0,0.0,-63.26875,1.0,0,0,0,0.750267433,0.000560601,0.664728036,1185.740743,1192.185793,0.47511495
(TMS)3N,8.041589506,1.333333333,-7.6625,0.670544973,54.69230769,0.105360034,-0.368737161,28.4783782,-2.682262014,0.899875801,2.410573943,10.10105659,666.9562897,6.792056482,9192424.821,3.640112745,58.27649644,0.0,0.0,24.70638263,0.0,0.0,0.0,0.0,0.0,0.0,0.0,0.0,0.0,0.0,0.0,0.0,-42.46875,1.0,0,0,0,0.734463764,0.000732855,0.679182176,926.7617744,927.4913747,0.592497936
(TMS)3P,8.099459877,4.615869342,-7.431018519,0.489760344,54.69230769,0.063985517,-0.140162344,31.81374829,-2.426284235,1.806396454,2.410573943,10.10105659,666.9562897,20.37616944,9192424.821,3.915490543,58.27649644,0.0,23.22386888,29.78923134,0.0,0.0,0.0,0.0,6.56536246,0.0,0.0,0.0,0.0,0.0,0.0,0.0,-46.9849537,1.0,0,0,0,0.764149665,0.000582993,0.646974503,1109.746958,1113.076894,0.484936788
(TMSO)3P,7.746064894,4.272689043,-6.796267427,0.522100877,46.6875,0.299723448,-0.355766689,31.17641968,-2.321925236,0.383380696,2.567042432,8.465248044,724.0987179,4.528037654,40712553.66,5.733762314,0.0,58.27649644,0.0,33.55457224,0.0,0.0,0.0,0.0,8.602392481,12.6386677,0.0,0.0,0.0,0.0,0.0,0.0,-38.45420139,1.0,0,0,0,0.809824804,0.000352979,0.592159733,1677.605759,1693.298703,0.367194304
AD,7.581875,0.448348765,-3.649351852,0.343234704,41.11111111,0.438947059,-0.319227361,32.18569594,-2.528502079,-0.137584815,2.220225623,6.326944836,421.5546541,0.424286616,16711.63826,5.022306238,0.0,13.70378423,0.0,28.39023739,1.123799173,12.99371937,0.0,5.118047985,12.21787344,11.85182986,0.0,0.0,12.21787344,1.815570988,0.0,0.0,-14.40663738,0.8,3,0,0,0.943548366,0.002095668,0.7431018,354.5894795,795.4964078,0.164503274
Ag(S2CNEt2),7.522430556,0.0475,-3.279652778,0.414132495,31.77777778,0.0,0.0,0.0,0.0,0.0,2.124592308,5.952570114,1748.047414,0.790316339,3618.180701,5.741683694,0.0,0.0,0.0,25.76550507,0.0,12.99371937,0.0,0.0,12.21787344,28.96722871,0.0,0.0,31.95800461,7.457579101,0.0,0.0,-13.11019815,0.8,0,0,0,0.968674123,0.002247499,0.811837817,361.218393,1180.865941,0.308039124
AgAc,10.00111111,1.253425926,-2.649930556,0.414175389,18.4,0.0,0.0,0.0,0.0,0.0,1.620335266,3.823378455,1399.239853,0.0,35.64737585,2.447774778,0.0,0.0,0.0,5.969305288,0.0,0.0,0.0,3.244982951,0.0,26.25790711,0.0,4.794537184,24.70835288,2.257056481,-1.253425926,0.0,-2.649930556,0.5,0,1,1,0.993315431,0.020306958,0.893029143,43.97650987,340.221429,0.185757306
AgMA,11.78800804,2.025219682,-4.965300381,0.396684351,44.94117647,0.0,0.0,0.0,0.0,0.0,2.804983937,7.490740027,2700.90277,0.454558421,104412783.8,14.27194907,19.59774192,0.0,0.0,5.969305288,0.0,0.0,0.0,3.244982951,0.0,26.25790711,0.0,4.794537184,3.244982951,2.025219682,-2.224233253,0.0,-4.051048636,0.928571429,0,1,1,0.999835373,0.00389432,0.990849615,254.4345645,13894.29484,0.050275404
AgTFA,10.9445537,1.897056481,-4.899930556,0.496626166,11.0,0.0,0.0,0.0,0.0,0.0,1.620335266,3.823378455,1399.239853,0.206430706,35.64737585,2.520180781,0.0,0.0,0.0,5.969305288,0.0,0.0,0.0,3.244982951,0.0,26.25790711,0.0,17.96578233,3.244982951,1.897056481,-2.253425926,0.0,0.0,0.5,0,1,1,0.991109352,0.007247627,0.959388839,132.3728149,954.5071847,0.258317763
Al(acac)3,9.565462963,1.640106765,-9.565462963,0.0,0.0,0.0,0.0,0.0,0.0,0.0,2.754799658,2.896712023,79015.15193,6.252331968,181915223.0,4.901958883,0.0,0.0,0.0,30.28764184,0.0,0.0,35.43370985,0.0,0.0,21.79512317,35.43370985,0.0,0.0,-9.565462963,-11.27979497,-4.920320295,-22.89405471,0.4,0,0,3,0.666968162,0.000403686,0.753185377,1865.768854,1886.049944,0.654976183
Al-DIBU,7.957638889,3.907954223,-5.16787037,0.0,69.33333333,0.0,0.0,0.0,0.0,0.0,2.385287221,6.930716742,8676.116213,0.541265877,114188.4698,5.327684662,0.0,0.0,0.0,15.08314557,0.939085937,0.0,10.46979412,0.0,0.0,0.0,0.0,0.0,0.0,-5.16787037,-8.132179075,0.0,-15.63181689,1.0,0,0,0,0.950994384,0.003216182,0.883818413,274.803567,785.4788162,0.388448586
BB,10.95155707,0.337037037,-0.713425926,0.612692693,16.77777778,0.227520655,-0.28105503,79.91873164,-1.834728878,0.109149744,2.11206606,3.682463306,388.0265608,0.546526163,971.5503878,2.780922204,30.21209354,15.9299439,6.853792781,20.62245687,0.0,0.0,35.77554503,0.0,15.9299439,0.0,30.21209354,4.794537184,15.9299439,2.57023904,0.0,-2.489953704,0.0,0.0,0,0,1,0.982376556,0.00441986,0.813087449,183.9622771,800.2534767,4.38e-10
BC,10.8003225,0.488271605,-1.053703704,0.546113087,16.77777778,0.251885189,-0.275615022,35.49571252,-1.842690223,0.107660039,2.11206606,3.682463306,388.0265608,0.442767714,971.5503878,2.646097475,30.21209354,11.60093989,6.853792781,16.84336666,0.0,0.0,35.77554503,0.0,11.60093989,0.0,30.21209354,4.794537184,0.0,5.103217435,0.0,-2.806790123,0.0,0.0,0,0,1,0.973171637,0.004700669,0.769919658,163.7893897,548.0897216,4.6e-10
BI,11.02155707,0.267037037,-0.555925926,0.535704277,16.77777778,0.221892134,-0.282199495,126.9127044,-1.832842952,0.110147532,2.11206606,3.682463306,388.0265608,0.617963882,971.5503878,2.96088757,30.21209354,0.0,6.853792781,26.38084635,0.0,0.0,35.77554503,0.0,22.59087063,0.0,30.21209354,4.794537184,0.0,1.397831897,0.0,-2.343303704,0.0,0.0,0,0,1,0.987530148,0.004326562,0.842569994,194.7435337,1042.273081,2.95e-10
BLA,7.478449074,0.332428193,-2.784259259,0.571943175,27.375,0.118713007,-0.326497507,14.51506296,-1.935706558,1.071449935,2.230781029,3.664540481,426.1429707,0.305901699,3368.479354,2.478228729,30.21209354,5.563451492,6.853792781,0.0,0.0,0.0,35.77554503,5.719716976,0.0,6.496859684,30.21209354,0.0,0.0,0.0,0.0,-3.504156274,-2.784259259,0.142857143,2,0,0,0.969649874,0.007503931,0.794870094,105.9271603,344.3727056,0.126967235
BaTFA,11.74731304,1.707971151,-5.227947531,0.366981902,13.2,0.0,0.0,0.0,0.0,0.0,1.70846366,2.094988049,32501.96334,11.41818922,732.93091,3.060422974,0.0,0.0,0.0,54.0867481,0.0,0.0,0.0,0.113688922,0.0,-0.5102915,0.0,26.34249029,-0.396602578,-5.227947531,-3.415942303,0.0,0.0,0.5,0,2,2,0.994472949,0.002431629,0.984436232,404.8464212,3795.920446,0.090772615
Bi(S2CNEt2)3,8.199075124,0.070869237,-5.155918997,0.246197034,34.92,0.0,0.0,0.0,0.0,0.0,2.829464009,8.121766549,17333.1905,38.06995763,8653234200.0,15.51719664,0.0,0.0,0.0,92.52828177,0.0,38.98115811,0.0,0.0,36.65362033,25.55454132,0.0,0.0,0.0,10.19411171,0.0,0.0,-47.39342011,0.8,0,0,0,0.782229267,0.000129534,0.628739822,4853.860894,4898.653838,0.314800347
Bi-ND,15.07212826,4.02665503,-8.795868305,0.150444415,44.18918919,0.0,0.0,0.0,0.0,0.0,0.687719035,10.61224053,19136.78885,4.79058259,4.3e+23,18.55701244,0.0,0.0,0.0,40.97972075,0.0,0.0,0.0,8.43953224,0.0,14.38361155,0.0,0.0,8.43953224,-8.795868305,-12.07996509,0.0,-47.10600012,0.9,0,3,3,0.891036336,8.13e-05,0.68120964,8382.184302,12579.03148,0.105419143
BiAc3,11.13969388,1.914850508,-5.066072531,0.396960121,22.38461538,0.0,0.0,0.0,0.0,0.0,2.239044325,5.123440708,16012.46029,2.272647255,15135.93964,5.856710289,0.0,0.0,0.0,40.97972075,0.0,0.0,0.0,8.43953224,0.0,14.38361155,0.0,14.38361155,8.43953224,-5.066072531,-5.744551524,0.0,-9.897727466,0.5,0,3,3,0.77430356,0.000698535,0.638599858,914.1992787,922.5573543,0.150718104
CaAc2,10.6259812,1.485331633,-2.919007818,0.355790348,21.33333333,0.0,0.0,0.0,0.0,0.0,1.997929062,3.924113467,6721.715834,0.562807505,805.165412,5.02206838,0.0,0.0,0.0,46.89883523,0.0,0.0,0.0,2.889210633,0.0,9.589074368,0.0,9.589074368,2.889210633,-2.692453704,-2.970663265,0.0,-5.838015637,0.5,0,2,2,0.996189078,0.011333577,0.988016223,87.17602521,987.5185075,0.081805447
CaTFA,11.74342415,1.718773621,-4.976412037,0.38408228,16.4,0.0,0.0,0.0,0.0,0.0,1.70846366,2.094988049,32501.96334,4.572658453,732.93091,2.916276674,0.0,0.0,0.0,44.12082538,0.0,0.0,0.0,2.889210633,0.0,2.265230211,0.0,26.34249029,5.154440844,-4.976412037,-3.437547241,0.0,0.0,0.5,0,2,2,0.99536301,0.003152238,0.9910351,314.3909885,3239.142581,0.104059961
Cd(ODPOA),12.23675263,1.170710084,-6.200699704,0.142851911,49.08695652,0.0,0.0,0.0,0.0,0.0,3.017767431,7.941108128,3345.483314,1.376267561,59898616946.0,17.88102842,51.46236643,0.0,0.0,7.595762327,0.0,6.114013306,0.0,4.893411603,7.595762327,33.2589186,0.0,9.458459888,2.474008033,-1.170710084,0.0,0.0,-4.173276911,1.0,0,0,0,0.999939845,0.002783324,0.997377565,358.3404446,32584.58686,0.030580015
Cd(acac)2,11.62503977,1.339819106,-3.569048942,0.451653265,30.93333333,0.0,0.0,0.0,0.0,0.0,2.474203405,5.891044443,7403.329518,1.678563426,304534.8519,7.610014545,0.0,0.0,0.0,11.56648989,0.0,0.0,23.62247324,0.0,0.0,40.10426109,23.62247324,9.589074368,0.0,-3.569048942,-6.34582289,-2.982633115,-13.1984399,0.4,0,0,2,0.95184901,0.001562009,0.99022054,633.9402973,2047.644546,0.419210403
Cd-PROA,11.23864902,1.763384354,-3.314887037,0.554033904,27.63636364,0.0,0.0,0.0,0.0,0.0,2.247003233,4.601675443,6967.661106,1.399798592,9951.977317,6.564682561,0.0,0.0,0.0,11.93861058,0.0,0.0,0.0,5.374247651,0.0,34.73001344,0.0,9.589074368,5.374247651,-3.314887037,-3.526768707,0.0,-6.568938747,0.666666667,0,2,2,0.997220435,0.007727287,0.987426542,127.7843801,1693.484064,0.079438226
CdAc2,10.6316062,1.475331633,-2.913382818,0.432505933,21.33333333,0.0,0.0,0.0,0.0,0.0,1.997929062,3.924113467,6721.715834,0.915675673,805.165412,4.713868964,0.0,0.0,0.0,11.93861058,0.0,0.0,0.0,5.374247651,0.0,34.73001344,0.0,9.589074368,5.374247651,-2.891553704,-2.950663265,0.0,-5.826765637,0.5,0,2,2,0.996235718,0.011335636,0.985474748,86.93598929,988.3212212,0.079865904
CdAc2HDA2,13.74600886,3.620084767,-11.27933243,0.057906349,49.6744186,0.0,0.0,0.0,0.0,0.0,0.668590199,9.675815523,38022.40646,6.268602925,1.78e+37,33.15413751,64.68718345,0.0,0.0,11.93861058,0.0,12.99371937,0.0,11.59901133,0.0,32.26361533,0.0,9.589074368,5.374247651,-11.27933243,-7.240169533,0.0,-31.52430877,0.944444444,4,2,2,0.9998067,0.000557244,0.993403422,1782.709006,90073.26001,0.025190715
CdMA2,13.1379485,2.891659858,-5.318454875,0.09449555,46.54545455,0.0,0.0,0.0,0.0,0.0,3.283778915,7.398073296,9693.10241,2.126860664,3782230000000000.0,28.10181563,39.19548384,0.0,0.0,11.93861058,0.0,0.0,0.0,5.374247651,0.0,34.73001344,0.0,9.589074368,5.374247651,-4.92009224,-5.783319715,0.0,-8.450574431,0.928571429,0,2,2,0.988368707,0.000120718,0.858538248,7111.912796,40149.82128,0.023840098
CdMe2,6.654097222,2.118125,-2.528333333,0.348258198,45.33333333,0.0,0.0,0.0,0.0,0.0,1.143155878,3.746417931,7310.862867,0.0,27.43574108,2.922077922,0.0,0.0,0.0,0.0,0.0,0.0,8.82224283,0.0,0.0,24.23576058,0.0,0.0,0.0,-2.528333333,0.0,0.0,0.0,1.0,0,0,0,0.999178064,0.155946398,0.999984571,6.412360809,158.1854325,0.171416451
CdOA2,13.2802039,2.769846851,-5.321204135,0.043292931,46.82926829,0.0,0.0,0.0,0.0,0.0,0.702995813,7.64601741,10653.82631,2.376860664,2.33e+29,35.53792425,77.43303325,12.7458498,0.0,11.93861058,0.0,0.0,24.20828698,5.374247651,0.0,34.73001344,24.20828698,9.589074368,5.374247651,-5.00915323,-5.880899434,-11.12102585,-8.456845708,0.833333333,0,2,2,0.982970407,5.79e-05,0.845828895,14612.7411,67259.55054,0.044656093
CdSA2,13.338911,3.019250844,-5.562508986,0.052528585,48.3902439,0.0,0.0,0.0,0.0,0.0,0.67928869,7.75069023,10698.96759,2.376860664,4.94e+32,36.05546284,90.17888305,0.0,0.0,11.93861058,0.0,0.0,0.0,5.374247651,0.0,34.73001344,0.0,9.589074368,5.374247651,-5.108117865,-6.038501689,0.0,-8.588543291,0.944444444,0,2,2,0.982180093,5.07e-05,0.814852771,16081.22709,69722.6787,0.010351801
Ce-AN,14.38638117,0.380138889,-14.38638117,0.0,0.0,0.0,0.0,0.0,0.0,0.0,2.340808883,9.776225103,74292.53155,8.465828151,1701861.69,10.92605568,0.0,0.0,0.0,0.0,-0.905383182,0.0,60.68590961,12.24529069,0.0,6.312836135,0.0,60.68590961,6.312836135,-14.38638117,0.0,0.0,0.0,0.0,8,0,0,0.621717083,0.000311549,0.895010263,2872.772316,3282.716001,0.585577125
CeAc3,11.14200869,1.910735282,-5.170455247,0.460304437,21.0,0.0,0.0,0.0,0.0,0.0,2.239044325,5.123440708,16012.46029,2.108043708,15135.93964,6.272236342,0.0,0.0,0.0,17.90791586,0.0,0.0,0.0,2.854241178,0.0,14.38361155,0.0,14.38361155,2.854241178,-5.170455247,-5.732205845,0.0,-9.890783022,0.5,0,3,3,0.829633979,0.000624121,0.575300762,921.7776518,949.833592,0.105453486
CeOA3,14.56984882,3.005323144,-8.556576761,0.044996474,47.1147541,0.0,0.0,0.0,0.0,0.0,0.678495076,9.929108601,22356.60814,4.130904145,2.69e+55,51.63923143,116.1495499,19.1187747,0.0,17.90791586,0.0,0.0,36.31243048,2.854241178,0.0,14.38361155,36.31243048,14.38361155,2.854241178,-8.556576761,-11.53611096,-18.1719537,-13.12323021,0.833333333,0,3,3,0.870615956,8.49e-06,0.603045095,71052.58844,87095.76044,0.11774786
CeTFA,11.78638535,3.109490741,-6.250455247,0.373542976,12.0,0.0,0.0,0.0,0.0,0.0,2.239044325,5.123440708,16012.46029,3.37180722,15135.93964,7.153438123,0.0,0.0,0.0,17.90791586,0.0,0.0,0.0,2.854241178,0.0,14.38361155,0.0,53.89734698,2.854241178,-6.250455247,-9.834246662,0.0,0.0,0.5,0,3,3,0.840722929,0.000180892,0.547905127,3028.906436,3064.928731,0.124548536
Co(acac)2,11.59823421,1.05446901,-3.36257033,0.569367061,30.66666667,0.0,0.0,0.0,0.0,0.0,2.474203405,5.891044443,7403.329518,0.632826421,304534.8519,7.248797151,0.0,0.0,0.0,11.56648989,0.0,0.0,23.62247324,0.0,0.0,32.63639346,23.62247324,9.589074368,7.698956534,-1.05446901,-6.637467334,-3.103258115,-13.37267601,0.4,0,0,2,0.952064117,0.001145613,0.700447383,611.4169695,1400.024378,0.043267566
Co(acac)3,12.12739435,1.951637745,-4.240568311,0.541699614,32.18181818,0.0,0.0,0.0,0.0,0.0,2.759124739,7.734692377,17119.3672,1.3787298,101524842.2,9.962300171,0.0,0.0,0.0,17.34973484,0.0,0.0,35.43370985,0.0,0.0,40.5651913,35.43370985,14.38361155,0.0,-4.240568311,-12.45934645,-5.854913234,-22.5278197,0.4,0,0,3,0.668187405,0.000421152,0.754249581,1790.91847,1815.607804,0.641073888
CoAc2,10.5712937,0.756759259,-2.973695318,0.410657199,20.88888889,0.0,0.0,0.0,0.0,0.0,1.997929062,3.924113467,6721.715834,0.265310002,805.165412,4.337565132,0.0,0.0,0.0,11.93861058,0.0,0.0,0.0,7.698956534,0.0,24.93743692,0.0,9.589074368,7.698956534,-0.756759259,-3.16510771,0.0,-5.947390637,0.5,0,2,2,0.994881926,0.011857153,0.999256037,84.27453364,833.4148745,0.097842173
CoBr(PPh3)3,10.6026718,1.552961092,-8.596366764,0.0,74.44067797,0.0,0.0,0.0,0.0,0.0,0.623531178,2.234197128,4110.909348,81.6873211,2.8500000000000002e+32,21.92874034,0.0,0.0,0.0,17.98363674,0.0,0.0,319.6497009,14.16818194,17.98363674,9.513031969,0.0,61.68413503,14.16818194,3.781644581,-25.78910029,-80.73401323,0.0,0.0,0,0,0,0.578324465,7.56e-05,0.832270604,11004.78022,11226.86713,0.690440374
CoCl(PPh3)3,10.56486316,1.58073887,-8.747601332,0.0,74.44067797,0.0,0.0,0.0,0.0,0.0,0.623531178,2.234197128,4110.909348,73.98679428,2.8500000000000002e+32,21.80393492,0.0,0.0,0.0,17.98363674,0.0,0.0,319.6497009,10.14632645,17.98363674,10.40023906,0.0,59.49363447,0.0,0.0,-26.242804,-82.64456879,0.0,0.0,0,0,0,0.619700201,7.59e-05,0.801400033,10554.18289,10776.89387,0.695477261
CoFA2,9.609346419,0.415509259,-1.309027778,0.386515369,10.85714286,0.0,0.0,0.0,0.0,0.0,1.628673776,3.102825942,6485.313159,0.150779291,65.14695103,5.446493506,0.0,0.0,0.0,12.89654501,0.0,0.0,0.0,7.698956534,0.0,24.93743692,0.0,9.589074368,7.698956534,-0.415509259,0.0,0.0,0.0,0.0,0,0,2,0.977637121,0.012058259,0.981164875,81.36869838,379.6314633,0.135483916
CoI(PPh3)3,10.62461624,0.181236376,-8.508588987,0.100316163,24.47457627,0.0,0.0,0.0,0.0,0.0,0.623531178,2.234197128,4110.909348,88.87375606,2.8500000000000002e+32,17.61686782,0.0,0.0,0.0,65.7244958,0.0,0.0,271.9088418,68.1562392,17.98363674,8.085115768,271.9088418,61.68413503,0.0,0.181236376,-25.52576696,-79.62511119,0.0,0.0,0,0,0,0.529871038,7.42e-05,0.863951614,11639.1007,11856.94843,0.680472946
CoOA2,13.2198914,2.118575581,-5.340898013,0.059248165,46.73170732,0.0,0.0,0.0,0.0,0.0,0.702995813,7.64601741,10653.82631,1.382642977,2.33e+29,35.1243525,77.43303325,12.7458498,0.0,11.93861058,0.0,0.0,24.20828698,7.698956534,0.0,24.93743692,24.20828698,9.589074368,7.698956534,-2.118575581,-6.095343879,-11.15037904,-8.461670708,0.833333333,0,2,2,0.986506693,6.94e-05,0.869958193,12526.5702,66561.99666,0.049981583
CoTFA,11.72592415,1.767384732,-4.897303241,0.513590923,16.4,0.0,0.0,0.0,0.0,0.0,1.70846366,2.094988049,32501.96334,2.155571867,732.93091,2.579444358,0.0,0.0,0.0,11.93861058,0.0,0.0,0.0,7.698956534,0.0,20.99290345,0.0,26.34249029,14.77393265,-3.844502315,-3.534769463,0.0,0.0,0.5,0,2,2,0.996361177,0.003734781,0.974752062,260.9930856,2984.854401,0.078774939
Co[N(SiMe3)2]2,8.302500079,1.285277778,-7.867550863,0.526386885,51.47368421,0.0,0.0,0.0,0.0,0.0,2.666381697,10.94499744,8463.723345,9.475764405,3724668166.0,6.191516877,0.0,0.0,0.0,32.94184351,0.0,0.0,6.559463032,0.0,0.0,15.12752262,0.0,0.0,0.0,-2.727669753,0.0,0.0,-58.7187963,1.0,0,0,0,0.897640327,0.000615337,0.956932145,1555.13535,3376.586974,0.594366471
Cr(acac)3,12.13433879,1.934476175,-5.092736678,0.545738733,32.18181818,0.0,0.0,0.0,0.0,0.0,2.759124739,7.734692377,17119.3672,1.619068975,101524842.2,9.983772562,0.0,0.0,0.0,17.34973484,0.0,0.0,35.43370985,0.0,0.0,40.89864451,35.43370985,14.38361155,0.0,-5.092736678,-12.34601311,-5.808038234,-22.46011137,0.4,0,0,3,0.689554219,0.000411442,0.763403065,1855.431011,1955.778928,0.640404017
Cr-FC,11.71646007,0.544653486,-8.246778156,0.0,0.0,0.0,0.0,0.0,0.0,0.0,2.674336912,4.840504382,54249.33079,3.525512293,510905.3237,6.190559478,0.0,0.0,0.0,4.566191341,0.0,7.037952459,35.77554503,0.0,0.0,38.49519506,0.0,23.26087412,4.736862954,0.0,0.0,-5.823499622,0.0,0.076923077,0,0,0,0.865459919,0.00085284,0.930107455,1090.59959,2024.788433,0.503779645
CsAc,10.11111111,0.569699074,-2.539930556,0.380749829,18.4,0.0,0.0,0.0,0.0,0.0,1.620335266,3.823378455,1399.239853,0.0,35.64737585,3.703043562,0.0,0.0,0.0,5.969305288,0.0,0.0,0.0,64.20637471,0.0,4.794537184,0.0,4.794537184,-2.539909252,-0.569699074,-1.05787037,0.0,-2.539930556,0.5,0,1,1,0.996350462,0.020790922,0.92080304,44.28870594,477.773857,0.164266559
CsSA,12.01849441,1.540465054,-5.227562226,0.351895841,47.04761905,0.0,0.0,0.0,0.0,0.0,2.976655768,7.83455278,3148.303661,0.488531036,13184637690.0,19.56841225,45.08944153,0.0,0.0,5.969305288,0.0,0.0,0.0,64.20637471,0.0,4.794537184,0.0,4.794537184,-2.539909252,-1.540465054,-2.105042345,0.0,-4.142020379,0.944444444,0,1,1,0.999940419,0.003119596,0.992225463,318.062165,28910.81587,0.030985625
Cu(COH)2,6.463645833,0.029513889,-2.647569444,0.409927639,32.0,0.0,0.0,0.0,0.0,0.0,1.553673985,3.436534825,6476.308257,0.051798463,100.988809,4.439480519,0.0,0.0,0.0,0.0,0.0,14.07590492,0.0,0.0,0.0,23.25467612,0.0,0.0,7.638379114,0.029513889,0.0,0.0,0.0,1.0,0,0,0,0.99535954,0.027207819,0.921880417,33.88292273,324.6118305,0.117781863
Cu(S2CNEt2)2,7.854204486,0.158755197,-3.650182981,0.431241899,34.11764706,0.0,0.0,0.0,0.0,0.0,2.562229128,6.232213247,7532.901222,4.86849457,6121124.392,10.87952623,0.0,0.0,0.0,53.43685295,0.0,25.98743874,0.0,0.0,24.43574689,33.07534679,0.0,0.0,0.0,10.17153282,0.0,0.0,-28.97191679,0.8,0,0,0,0.988901749,0.001303294,0.909074725,697.5206679,4267.983502,0.149265505
Cu(acac)2,11.59128977,0.403023432,-3.369514774,0.440324224,30.93333333,0.0,0.0,0.0,0.0,0.0,2.474203405,5.891044443,7403.329518,0.592100861,304534.8519,7.260046078,0.0,0.0,0.0,11.56648989,0.0,0.0,23.62247324,0.0,0.0,32.84375048,23.62247324,9.589074368,7.638379114,-0.403023432,-6.71302289,-3.134508115,-13.4178149,0.4,0,0,2,0.955225476,0.001158651,0.7123816,614.8369322,1480.330642,0.045379789
Cu-PPC,8.835108182,0.109761432,-4.935243056,0.599164286,36.38095238,0.0,0.0,0.0,0.0,0.0,3.426948814,2.411183121,36414.17323,4.882649494,541622995.6,4.717795956,0.0,0.0,0.0,12.38130444,0.0,12.99371937,47.90332124,7.166865656,0.0,13.71694487,43.69918333,0.0,0.0,-4.935243056,0.0,-3.994660573,-15.82904384,0.375,0,0,0,0.878798862,0.000371839,0.620404059,1668.476525,2169.208205,0.165799009
CuAc,9.939236111,1.363425926,-2.711805556,0.369484183,18.4,0.0,0.0,0.0,0.0,0.0,1.620335266,3.823378455,1399.239853,0.0,35.64737585,2.240139721,0.0,0.0,0.0,5.969305288,0.0,0.0,0.0,3.819189557,0.0,21.13702476,0.0,4.794537184,20.16167713,3.847106481,-1.363425926,0.0,-2.711805556,0.5,0,1,1,0.987531753,0.019717767,0.854021635,43.31228879,234.9742476,0.199283439
CuAc2,10.5556687,0.203703704,-2.989320318,0.388578368,21.33333333,0.0,0.0,0.0,0.0,0.0,1.997929062,3.924113467,6721.715834,0.239981927,805.165412,4.349270112,0.0,0.0,0.0,11.93861058,0.0,0.0,0.0,7.638379114,0.0,25.20537137,0.0,9.589074368,7.638379114,-0.203703704,-3.220663265,0.0,-5.978640637,0.5,0,2,2,0.995369902,0.010930454,0.911261275,83.36902511,790.3889386,0.054893228
CuCl(PPh3)3,10.55986316,1.584211092,-8.778851332,0.0,74.44067797,0.0,0.0,0.0,0.0,0.0,0.623531178,2.234197128,4110.909348,67.89016639,2.8500000000000002e+32,21.81245909,0.0,0.0,0.0,17.85634233,0.0,0.0,319.6497009,10.09800782,17.85634233,10.60663217,0.0,59.44531584,0.0,0.0,-26.336554,-82.90644379,0.0,0.0,0,0,0,0.637857941,7.26e-05,0.786872871,10837.28405,11072.5444,0.672726697
CuOA,11.8085914,2.359027058,-4.914646577,0.238736092,45.52380952,0.0,0.0,0.0,0.0,0.0,2.970746662,7.71192955,3127.979942,0.551970939,6964441628.0,17.78016609,38.71651662,6.372924901,0.0,5.969305288,0.0,0.0,12.10414349,3.819189557,0.0,21.13702476,12.10414349,4.794537184,20.16167713,3.998343041,-2.359027058,-5.107988406,-4.089714343,0.833333333,0,1,1,0.999522697,0.001549808,0.979795109,632.2041721,20050.83124,0.044997668
CuOA2,13.2042664,1.369721268,-5.346000054,0.045318782,46.82926829,0.0,0.0,0.0,0.0,0.0,0.702995813,7.64601741,10653.82631,1.343923804,2.33e+29,35.13727599,77.43303325,12.7458498,0.0,11.93861058,0.0,0.0,24.20828698,7.638379114,0.0,25.20537137,24.20828698,9.589074368,7.638379114,-1.369721268,-6.150899434,-11.1579835,-8.462920708,0.833333333,0,2,2,0.98655682,6.97e-05,0.869739468,12482.1615,66432.02326,0.049757099
CuSA2,13.2629735,1.437432205,-5.574658986,0.054891376,48.3902439,0.0,0.0,0.0,0.0,0.0,0.67928869,7.75069023,10698.96759,1.343923804,4.94e+32,35.65476567,90.17888305,0.0,0.0,11.93861058,0.0,0.0,0.0,7.638379114,0.0,25.20537137,0.0,9.589074368,7.638379114,-1.437432205,-6.308501689,0.0,-8.594618291,0.944444444,0,2,2,0.985405374,6.01e-05,0.838473012,13945.57746,68691.73759,0.016899087
CuTB,7.480462963,0.180208333,-0.473072562,0.497201657,16.0,0.0,0.0,0.0,0.0,0.0,2.231935164,3.595120711,1863.742249,0.58100395,1763.22878,3.714103129,0.0,0.0,0.0,17.2685011,0.0,0.0,35.77554503,0.0,12.21787344,20.16167713,30.21209354,0.0,32.37955058,9.024129464,0.0,-2.213535525,0.0,0.0,0,0,0,0.99183482,0.005003365,0.872656207,174.4138774,1193.478683,0.000305788
DADS,7.376592026,0.23662037,-2.45699641,0.332147438,29.0,0.057868667,-0.102225743,33.11459931,-1.638788847,1.825220383,2.237983468,4.890640335,328.5641942,0.75,3439.78059,7.18,33.69193944,0.0,8.224551337,21.58779595,0.0,11.40991377,25.16622142,0.0,21.58779595,0.0,25.16622142,0.0,0.0,0.0,0.0,-1.827258125,-2.033384564,0.333333333,0,0,0,0.992714266,0.007840624,0.935874427,119.3622387,927.0973851,0.094652616
DAS,7.328356481,0.127037037,-2.67650463,0.398136471,31.42857143,0.057838557,-0.153720184,32.16648967,-1.691429256,1.741044271,2.127489827,5.224796913,313.8076235,0.229639663,1940.270723,5.83,12.10414349,0.0,8.224551337,11.76188495,0.0,11.40991377,25.16622142,0.0,11.76188495,0.0,25.16622142,0.0,0.0,-0.127037037,0.0,-2.063544029,-2.183739607,0.333333333,0,0,0,0.992319453,0.012461699,0.952686501,76.44916523,588.7720578,0.14025364
DBDS,8.258803907,0.57663323,-2.443302981,0.580055419,24.5,0.0,0.0,0.0,0.0,0.0,2.659791469,2.492538775,879.1645129,4.405330086,1488685.285,6.93295941,0.0,0.0,0.0,26.26275144,0.0,0.0,71.55109006,0.0,0.0,10.54269039,60.42418708,0.0,0.0,-2.582498347,0.0,-7.009778243,0.0,0.142857143,0,0,0,0.987024395,0.001693567,0.91151347,538.2210688,3055.331776,0.125203606
DBS,8.176679422,0.155547997,-2.889024117,0.73742187,25.33333333,0.062591275,-0.152416463,32.16649127,-1.817827824,1.364618724,2.598389781,2.683923922,861.2741721,1.18891899,860586.6954,5.617541099,60.42418708,11.12690298,13.70758556,11.76188495,0.0,0.0,71.55109006,0.0,11.76188495,11.40991377,60.42418708,0.0,0.0,-0.155547997,0.0,-8.089643884,0.0,0.142857143,0,0,0,0.987297681,0.002446713,0.925108718,378.1026259,2201.554823,0.140308476
DBTU,7.739128992,0.780036376,-4.044716317,0.492632901,43.33333333,0.165793043,-0.362738636,32.09204625,-2.356469447,0.714770463,2.562428672,6.359326339,646.8394346,0.323734038,785963.4969,8.78354537,26.44963404,24.96372325,0.0,17.33031033,0.0,12.99371937,0.0,10.61962671,12.21787344,0.0,0.0,0.0,12.21787344,4.503360733,0.0,0.0,-15.4683573,0.888888889,2,0,0,0.995047293,0.003485869,0.910693644,261.2529952,2393.512394,0.059948104
DDOABr,9.147783286,1.519491625,-7.085880965,0.0,71.4,0.0,0.0,0.0,0.0,0.0,0.622799422,9.33080016,3467.545534,1.346135164,6.620000000000001e+38,29.50907279,0.0,0.0,0.0,16.14720974,0.0,26.94537317,0.0,0.0,16.14720974,0.0,0.0,0.0,0.0,1.519491625,0.0,0.0,-33.85292838,1.0,0,0,0,0.999051357,0.000251175,0.977138607,3890.262665,87291.45308,0.026165675
DMAB,7.152777778,2.625,-4.125,0.291987382,58.0,0.291091412,-0.538102144,14.93430592,-3.033073214,-0.728402766,1.77318472,5.542725538,171.593463,0.0,312.0805106,1.355520674,0.0,0.0,8.224551337,7.871423268,4.007138173,13.9516538,0.0,4.80394749,0.0,0.0,0.0,0.0,0.0,0.0,0.0,0.0,-6.840277778,1.0,1,0,0,0.825018312,0.009613494,0.600786105,62.49404541,66.43984404,0.443397595
DPDS,7.882415018,0.153065949,-0.616576909,0.740883569,20.0,0.0,0.0,0.0,0.0,0.0,2.567394951,2.47586343,708.0541219,5.405330086,146084.7727,5.382107449,0.0,0.0,0.0,35.18649501,0.0,0.0,60.42418708,8.923743568,0.0,0.0,60.42418708,0.0,0.0,-1.233153817,0.0,-3.833676246,0.0,0.0,0,0,0,0.919256588,0.001019184,0.860162948,843.9718656,1844.117686,0.300465452
DPS,7.828647014,0.185619803,-0.550545267,0.686360414,20.61538462,0.063464376,-0.090105076,32.16657875,-1.702125181,1.407421193,2.536932571,2.712767403,690.9545331,1.293558654,89046.33324,4.147845471,48.0163972,24.16967483,13.70758556,11.76188495,0.0,0.0,60.42418708,0.0,11.76188495,0.0,70.21515403,0.0,0.0,0.571481481,0.0,-5.180060889,0.0,0.0,0,0,0,0.978371265,0.003077977,0.897289659,291.5193276,1264.534128,0.233197555
Dy(acac)3,12.13793962,1.920072883,-5.534601757,0.451951931,32.18181818,0.0,0.0,0.0,0.0,0.0,2.759124739,7.734692377,17119.3672,2.134133199,101524842.2,10.59913791,0.0,0.0,0.0,17.34973484,0.0,0.0,35.43370985,0.0,0.0,18.55785608,35.43370985,14.38361155,0.0,-5.534601757,-12.28724768,-5.783732678,-22.42500334,0.4,0,0,3,0.722879236,0.000307314,0.738651335,2403.575496,2569.421195,0.597471144
ETHC,11.64718947,2.260331633,-4.296990741,0.568482168,46.7,0.224205018,-0.281023399,35.49571273,-2.060492816,-0.114947288,2.33026301,6.849076736,530.6298959,0.317767714,37990.27785,5.722890921,26.44963404,24.34678969,0.0,16.84336666,0.0,0.0,0.0,0.0,11.60093989,4.794537184,0.0,4.794537184,0.0,5.044346498,-4.199498457,0.0,-7.622773762,0.875,0,0,1,0.943393048,0.00226142,0.809516654,357.9682293,873.6853673,0.206136967
Er(acac)3,12.135882,1.928303335,-5.282107426,0.447508242,32.18181818,0.0,0.0,0.0,0.0,0.0,2.759124739,7.734692377,17119.3672,1.975140934,101524842.2,10.57743767,0.0,0.0,0.0,17.34973484,0.0,0.0,35.43370985,0.0,0.0,18.87579406,35.43370985,14.38361155,0.0,-5.282107426,-12.32082793,-5.797621567,-22.44506507,0.4,0,0,3,0.719769015,0.000309613,0.740088857,2390.369577,2548.330672,0.600753087
ErAc3,11.12349017,1.943657092,-4.335393519,0.452809677,23.07692308,0.0,0.0,0.0,0.0,0.0,2.239044325,5.123440708,16012.46029,1.239830723,15135.93964,6.162428175,0.0,0.0,0.0,17.90791586,0.0,0.0,0.0,4.492182504,0.0,14.38361155,0.0,14.38361155,4.492182504,-4.335393519,-5.830971277,0.0,-9.946338577,0.5,0,3,3,0.830156939,0.000633034,0.587836758,928.6023845,979.0806408,0.110468835
ErTFA,11.77453349,3.035416667,-5.846696192,0.353189447,13.22727273,0.0,0.0,0.0,0.0,0.0,2.239044325,5.123440708,16012.46029,1.98310413,15135.93964,7.068285633,0.0,0.0,0.0,17.90791586,0.0,0.0,0.0,4.492182504,0.0,14.38361155,0.0,53.89734698,4.492182504,-5.415393519,-9.933012094,0.0,0.0,0.5,0,3,3,0.851470164,0.000187123,0.562034464,3003.555779,3219.092377,0.120537747
Eu(acac)3,12.14102604,1.907727204,-5.913343254,0.46187868,32.18181818,0.0,0.0,0.0,0.0,0.0,2.759124739,7.734692377,17119.3672,2.490384431,101524842.2,10.86013413,0.0,0.0,0.0,17.34973484,0.0,0.0,35.43370985,0.0,0.0,14.36552739,35.43370985,14.38361155,0.0,-5.913343254,-12.23687731,-5.762899345,-22.39491075,0.4,0,0,3,0.702731786,0.000295266,0.725800444,2458.126371,2507.691321,0.608124968
EuAc3,11.13506425,1.923080961,-4.857307099,0.457971177,21.69230769,0.0,0.0,0.0,0.0,0.0,2.239044325,5.123440708,16012.46029,1.623319468,15135.93964,6.448583138,0.0,0.0,0.0,17.90791586,0.0,0.0,0.0,-0.018084165,0.0,14.38361155,0.0,14.38361155,-0.018084165,-4.857307099,-5.769242882,0.0,-9.911616355,0.5,0,3,3,0.828041463,0.000591813,0.577975521,976.6191044,1006.768848,0.106443673
EuOA3,14.56290437,3.006094749,-8.112896108,0.044992102,47.26229508,0.0,0.0,0.0,0.0,0.0,0.678495076,9.929108601,22356.60814,3.518041678,2.69e+55,51.84495232,116.1495499,19.1187747,0.0,17.90791586,0.0,0.0,36.31243048,-0.018084165,0.0,14.38361155,36.31243048,14.38361155,-0.018084165,-8.112896108,-11.57314799,-18.17702333,-13.12406354,0.833333333,0,3,3,0.870293521,8.48e-06,0.605749831,71432.42088,87852.2624,0.119676894
EuTFA,11.7819409,3.081712963,-5.937307099,0.364460671,12.40909091,0.0,0.0,0.0,0.0,0.0,2.239044325,5.123440708,16012.46029,2.596492796,15135.93964,7.290296673,0.0,0.0,0.0,17.90791586,0.0,0.0,0.0,-0.018084165,0.0,14.38361155,0.0,53.89734698,-0.018084165,-5.937307099,-9.871283699,0.0,0.0,0.5,0,3,3,0.844548139,0.000174749,0.549538065,3144.723874,3227.285137,0.118607024
FAAc,7.101623205,0.230416667,-2.679354686,0.29357766,55.42857143,2.49234109,-0.64580632,16.36393374,-2.334817153,-0.106457274,2.116056353,2.865766949,309.4988677,0.0,1417.757756,8.872065343,0.0,0.0,6.851892117,12.28389229,0.0,0.0,0.0,11.11505008,0.0,0.0,0.0,0.0,9.905626171,0.0,-0.843055556,0.0,-2.679354686,0.333333333,6,1,0,0.978215113,0.008608768,0.800756115,93.0163464,358.7939623,0.048363836
FABr,6.74625,0.00125,-0.60474537,0.31170551,28.25,2.087975505,-0.55505098,79.90400005,-2.334816574,-0.106454929,1.843449565,4.09973106,122.1264024,0.0,75.58143215,12.42922438,0.0,0.0,0.0,23.1634868,0.943093339,0.0,0.0,11.11505008,16.84889979,0.0,0.0,0.0,17.79199313,2.637916667,0.0,0.0,0.0,0.0,4,0,0,0.998917281,0.044901979,0.953493543,21.23500021,435.2258518,0.000232948
Fe(S2CNEt2)3,8.185700639,0.191239607,-4.025319666,0.311713181,35.28,0.0,0.0,0.0,0.0,0.0,2.829464009,8.121766549,17333.1905,14.71079363,8653234200.0,15.19565488,0.0,0.0,0.0,80.15527942,0.0,38.98115811,0.0,0.0,36.65362033,41.07868111,0.0,0.0,0.0,15.25975293,0.0,0.0,-47.58922258,0.8,0,0,0,0.78209105,0.000160918,0.644803851,4007.027827,4146.173799,0.356881873
Fe(acac)2,11.60170643,1.380191799,-3.359098108,0.436139024,30.66666667,0.0,0.0,0.0,0.0,0.0,2.474203405,5.891044443,7403.329518,0.658703909,304534.8519,7.260046078,0.0,0.0,0.0,11.56648989,0.0,0.0,23.62247324,0.0,0.0,32.84375048,23.62247324,9.589074368,7.638379114,-1.380191799,-6.599689556,-3.087633115,-13.35010657,0.4,0,0,2,0.953168066,0.001155222,0.703827817,609.2576117,1417.837762,0.04292986
Fe(acac)3,12.12970916,1.946429411,-4.524624433,0.418035123,32.18181818,0.0,0.0,0.0,0.0,0.0,2.759124739,7.734692377,17119.3672,1.443598981,101524842.2,9.973035328,0.0,0.0,0.0,17.34973484,0.0,0.0,35.43370985,0.0,0.0,40.73128665,35.43370985,14.38361155,0.0,-4.524624433,-12.42156867,-5.839288234,-22.50525026,0.4,0,0,3,0.695701237,0.000453693,0.790171644,1741.645453,1915.827615,0.65634172
FeAc2,10.5791062,1.033287037,-2.965882818,0.381189773,20.88888889,0.0,0.0,0.0,0.0,0.0,1.997929062,3.924113467,6721.715834,0.281403753,805.165412,4.349270112,0.0,0.0,0.0,11.93861058,0.0,0.0,0.0,7.638379114,0.0,25.20537137,0.0,9.589074368,7.638379114,-1.033287037,-3.137329932,0.0,-5.931765637,0.5,0,2,2,0.995012778,0.010946245,0.908454783,82.9923682,755.8563459,0.057076701
FeOA2,13.2277039,2.493002737,-5.338346992,0.045737983,46.73170732,0.0,0.0,0.0,0.0,0.0,0.702995813,7.64601741,10653.82631,1.407245584,2.33e+29,35.13727599,77.43303325,12.7458498,0.0,11.93861058,0.0,0.0,24.20828698,7.638379114,0.0,25.20537137,24.20828698,9.589074368,7.638379114,-2.493002737,-6.067566101,-11.14657682,-8.461045708,0.833333333,0,2,2,0.986452612,6.93e-05,0.866613234,12513.55927,66105.75693,0.04647621
FeOA3,14.53744141,3.008923967,-6.486067046,0.034658831,47.40983607,0.0,0.0,0.0,0.0,0.0,0.678495076,9.929108601,22356.60814,2.532974005,2.69e+55,50.7907785,116.1495499,19.1187747,0.0,17.90791586,0.0,0.0,36.31243048,11.45756867,0.0,29.27371798,36.31243048,14.38361155,11.45756867,-6.486067046,-11.70895046,-18.195612,-13.1271191,0.833333333,0,3,3,0.875574787,9e-06,0.600904108,66742.76229,83020.99994,0.112836132
FeSA2,13.286411,2.570359877,-5.570908986,0.055382801,48.29268293,0.0,0.0,0.0,0.0,0.0,0.67928869,7.75069023,10698.96759,1.407245584,4.94e+32,35.65476567,90.17888305,0.0,0.0,11.93861058,0.0,0.0,0.0,7.638379114,0.0,25.20537137,0.0,9.589074368,7.638379114,-2.570359877,-6.225168355,0.0,-8.592743291,0.944444444,0,2,2,0.986121284,6.24e-05,0.843068584,13508.85168,68596.79193,0.017482034
Ga(S2CNEt2)3,8.197274713,0.08707294,-4.924810091,0.304171995,35.28,0.0,0.0,0.0,0.0,0.0,2.829464009,8.121766549,17333.1905,29.3166272,8653234200.0,15.29890985,0.0,0.0,0.0,91.23670529,0.0,38.98115811,0.0,0.0,36.65362033,29.0908565,0.0,0.0,0.0,10.41306784,0.0,0.0,-47.41977814,0.8,0,0,0,0.78575152,0.000154481,0.644323553,4170.881286,4344.72654,0.353613733
Ga(acac)3,12.14128324,1.906698397,-5.944905045,0.41043115,32.18181818,0.0,0.0,0.0,0.0,0.0,2.759124739,7.734692377,17119.3672,2.643622436,101524842.2,10.06974485,0.0,0.0,0.0,34.66149251,0.0,0.0,35.43370985,0.0,0.0,24.97121536,35.43370985,14.38361155,0.0,-5.944905045,-12.23267978,-5.761163234,-22.39240304,0.4,0,0,3,0.675538625,0.000397016,0.754472716,1900.357051,1944.554063,0.639499961
Gd(OPr)3,7.84510393,3.929704743,-5.928688272,0.759859316,44.53846154,0.0,0.0,0.0,0.0,0.0,2.472280323,7.055398016,16355.38699,1.638763825,1364540.513,7.490305315,0.0,0.0,0.0,0.0,0.0,0.0,0.0,0.0,0.0,3.52390054,0.0,0.0,3.52390054,-5.928688272,0.0,0.0,-23.57822846,1.0,0,0,0,0.871064264,0.000479939,0.559674548,1166.135943,1328.781994,0.090726397
Gd(acac)3,12.13999723,1.91184243,-5.787096088,0.456885152,32.18181818,0.0,0.0,0.0,0.0,0.0,2.759124739,7.734692377,17119.3672,2.349520452,101524842.2,10.6425614,0.0,0.0,0.0,17.34973484,0.0,0.0,35.43370985,0.0,0.0,17.90751209,35.43370985,14.38361155,0.0,-5.787096088,-12.25366743,-5.769843789,-22.40494162,0.4,0,0,3,0.69227655,0.000303322,0.725340279,2391.318476,2403.605834,0.616042832
GdAc3,11.13274943,1.927196187,-4.752924383,0.456447334,22.38461538,0.0,0.0,0.0,0.0,0.0,2.239044325,5.123440708,16012.46029,1.518476319,15135.93964,6.228274767,0.0,0.0,0.0,17.90791586,0.0,0.0,0.0,3.52390054,0.0,14.38361155,0.0,14.38361155,3.52390054,-4.752924383,-5.781588561,0.0,-9.918560799,0.5,0,3,3,0.821439715,0.000653332,0.585912569,896.8074683,921.3660254,0.116387066
GdOA3,14.56058956,3.006351951,-7.965002557,0.044990392,47.26229508,0.0,0.0,0.0,0.0,0.0,0.678495076,9.929108601,22356.60814,3.385482946,2.69e+55,51.58780333,116.1495499,19.1187747,0.0,17.90791586,0.0,0.0,36.31243048,3.52390054,0.0,14.38361155,36.31243048,14.38361155,3.52390054,-7.965002557,-11.58549367,-18.17871321,-13.12434132,0.833333333,0,3,3,0.871006149,8.59e-06,0.604178224,70348.44574,86516.20567,0.117148753
Ge[N(SiMe3)2]2,8.337500079,1.066527778,-7.770328641,0.584272605,51.47368421,0.0,0.0,0.0,0.0,0.0,2.666381697,10.94499744,8463.723345,17.75528227,3724668166.0,6.213869422,0.0,0.0,0.0,48.8183263,0.0,0.0,6.376272534,0.0,0.0,0.0,0.0,0.0,0.0,-6.345308642,0.0,0.0,-58.0625463,1.0,0,0,0,0.870841145,0.000605966,0.952231433,1571.428315,3044.083341,0.656462854
H2PtCl6,6.658822016,0.647762346,-5.29218107,0.573302389,26.85714286,0.0,0.0,0.0,0.0,0.0,1.666056342,4.641453506,8336.91535,0.0,39.98535221,1.531123379,0.0,0.0,0.0,56.34072192,2.345396312,0.0,0.0,0.0,56.34072192,7.311749925,0.0,0.0,0.0,0.0,0.0,0.0,0.0,0.0,0,0,0,0.590033359,0.001219211,0.936070978,767.7678409,890.146154,0.605174643
HAuCl4,6.396604938,1.009259259,-2.979938272,0.0,19.2,0.0,0.0,0.0,0.0,0.0,1.351644115,3.168489873,1865.182981,0.0,12.16479704,2.270003839,0.0,0.0,0.0,9.105415883,1.172698156,0.0,0.0,27.56840463,9.105415883,12.80439254,0.0,0.0,0.0,-2.979938272,0.0,0.0,0.0,0.0,0,0,0,0.907742031,0.001591368,0.580473699,364.7638771,504.6991817,3.89e-06
HBr,5.5625,2.1875,2.1875,0.399655785,7.0,0.113602333,-0.113602333,79.904,0.8456,8.927,1.0,1.0,2.0,0.0,2.0,0.563333333,0.0,0.0,0.0,16.84889979,0.957889325,0.0,0.0,0.0,16.84889979,0.0,0.0,0.0,16.84889979,2.1875,0.0,0.0,0.0,0.0,0,0,0,1.0,0.0,1.0,2.49e-31,2.058992124,0.0
HCl,5.222222222,3.888888889,3.888888889,0.365164324,7.0,0.146589067,-0.146589067,35.453,0.6895,5.853,1.0,1.0,2.0,0.0,2.0,1.738275862,0.0,0.0,0.0,12.32298083,1.172698156,0.0,0.0,0.0,12.32298083,0.0,0.0,0.0,12.32298083,3.888888889,0.0,0.0,0.0,0.0,0,0,0,1.0,0.0,1.0,1.12e-31,1.62851132,0.0
HI,5.72,1.4,1.4,0.419126524,7.0,0.107464557,-0.107464557,126.904,0.8857,14.02,1.0,1.0,2.0,0.0,2.0,0.099863014,0.0,0.0,0.0,23.77848602,0.593790356,0.0,0.0,0.0,23.77848602,0.0,0.0,0.0,0.0,1.4,0.0,0.0,0.0,0.0,0,0,0,1.0,0.0,1.0,4.4499999999999995e-24,2.68909611,-1.49e-23
HgAc2,10.63466175,1.469899534,-2.99970679,0.46414292,21.33333333,0.0,0.0,0.0,0.0,0.0,1.997929062,3.924113467,6721.715834,1.197790274,805.165412,4.725683959,0.0,0.0,0.0,11.93861058,0.0,0.0,0.0,5.288627593,0.0,35.0767127,0.0,9.589074368,5.288627593,-2.99970679,-2.939799068,0.0,-5.820654526,0.5,0,2,2,0.996719219,0.011479507,0.995796071,86.74554585,1067.260587,0.08019007
Ho(acac)3,12.13691081,1.924188109,-5.408354592,0.345837771,32.18181818,0.0,0.0,0.0,0.0,0.0,2.759124739,7.734692377,17119.3672,2.049212193,101524842.2,10.58828683,0.0,0.0,0.0,17.34973484,0.0,0.0,35.43370985,0.0,0.0,18.7174275,35.43370985,14.38361155,0.0,-5.408354592,-12.30403781,-5.790677123,-22.43503421,0.4,0,0,3,0.719804021,0.000309584,0.7400877,2390.586342,2548.691035,0.600696426
In(S2CNEt2)3,8.199774713,0.06457294,-5.245721315,0.363175683,35.28,0.0,0.0,0.0,0.0,0.0,2.829464009,8.121766549,17333.1905,37.58412601,8653234200.0,15.50569768,0.0,0.0,0.0,92.45536834,0.0,38.98115811,0.0,0.0,36.65362033,25.75696278,0.0,0.0,0.0,10.10903161,0.0,0.0,-47.38317814,0.8,0,0,0,0.786578717,0.000140651,0.631921161,4492.826686,4597.826969,0.33668672
In(acac)3,12.14378324,1.896698397,-6.251685658,0.496087326,32.18181818,0.0,0.0,0.0,0.0,0.0,2.759124739,7.734692377,17119.3672,3.322884762,101524842.2,10.26366039,0.0,0.0,0.0,40.09637374,0.0,0.0,35.43370985,0.0,0.0,22.94682354,35.43370985,14.38361155,0.0,-6.251685658,-12.19187978,-5.744288234,-22.36802804,0.4,0,0,3,0.688097546,0.000353497,0.744100866,2104.968278,2158.585227,0.618422308
InAc3,11.14126795,1.912052154,-5.137052778,0.454533929,21.0,0.0,0.0,0.0,0.0,0.0,2.239044325,5.123440708,16012.46029,2.24293817,15135.93964,5.845840852,0.0,0.0,0.0,40.65455476,0.0,0.0,0.0,8.563211987,0.0,14.38361155,0.0,14.38361155,8.563211987,-5.137052778,-5.736156463,0.0,-9.893005244,0.5,0,3,3,0.824072211,0.000713639,0.578117896,810.0980909,826.7339767,0.11328947
InMA3,14.36705562,3.773901277,-8.366154027,0.05923012,46.71428571,0.0,0.0,0.0,0.0,0.0,0.679862908,9.596776524,20812.95668,3.92645834,4.669999999999999e+41,40.05668611,58.79322576,0.0,0.0,40.65455476,0.0,0.0,0.0,8.563211987,0.0,14.38361155,0.0,14.38361155,8.563211987,-8.366154027,-11.32170383,0.0,-13.22123363,0.928571429,0,3,3,0.850922459,1.98e-05,0.686778568,34659.12589,45314.17911,0.202380586
InOA3,14.56910808,3.005405449,-8.509250824,0.045008941,46.96721311,0.0,0.0,0.0,0.0,0.0,0.678495076,9.929108601,22356.60814,4.30145834,2.69e+55,51.1378442,116.1495499,19.1187747,0.0,40.65455476,0.0,0.0,36.31243048,8.563211987,0.0,14.38361155,36.31243048,14.38361155,8.563211987,-8.509250824,-11.54006157,-18.17249446,-13.1233191,0.833333333,0,3,3,0.870590109,8.62e-06,0.603151486,69931.03989,85728.12705,0.117831782
InSA3,14.64849427,3.952718603,-8.664128579,0.05694908,48.54098361,0.0,0.0,0.0,0.0,0.0,0.673012529,10.0622803,22428.68962,4.30145834,3.38e+59,51.91001437,135.2683246,0.0,0.0,40.65455476,0.0,0.0,0.0,8.563211987,0.0,14.38361155,0.0,14.38361155,8.563211987,-8.664128579,-11.85815581,0.0,-13.34086874,0.944444444,0,3,3,0.854440075,9.95e-06,0.681399834,68504.66848,89845.19975,0.190836822
InTFA,11.78591127,3.106527778,-6.217052778,0.380553354,12.0,0.0,0.0,0.0,0.0,0.0,2.239044325,5.123440708,16012.46029,3.587570355,15135.93964,6.823043702,0.0,0.0,0.0,40.65455476,0.0,0.0,0.0,8.563211987,0.0,14.38361155,0.0,53.89734698,8.563211987,-6.217052778,-9.838197279,0.0,0.0,0.5,0,3,3,0.838968762,0.000202037,0.549622943,2720.410193,2747.622126,0.130175628
In[N(SiMe3)2]3,11.35639074,2.159166667,-11.35639074,0.273449458,52.07142857,0.0,0.0,0.0,0.0,0.0,2.965430869,14.93690548,18886.54864,48.62027662,138225000000000.0,9.125244395,0.0,0.0,0.0,71.71348477,0.0,0.0,6.656180985,0.0,0.0,0.0,0.0,0.0,0.0,-11.35639074,0.0,0.0,-105.7738889,1.0,0,0,0,0.685299253,0.00017225,0.740233192,4297.445996,4368.090036,0.655690396
KAc,10.09548611,0.168171296,-2.555555556,0.282094122,18.4,0.0,0.0,0.0,0.0,0.0,1.620335266,3.823378455,1399.239853,0.0,35.64737585,3.302197711,0.0,0.0,0.0,5.969305288,0.0,0.0,0.0,49.37767344,0.0,4.794537184,0.0,4.794537184,-0.261569035,-0.168171296,-1.085648148,0.0,-2.555555556,0.5,0,1,1,0.98874593,0.019430051,0.861014416,44.31354271,255.0365519,0.176150449
La(OPr)3,7.856678005,3.918130669,-6.551990741,0.766574466,43.15384615,0.0,0.0,0.0,0.0,0.0,2.472280323,7.055398016,16355.38699,2.626983378,1364540.513,7.377412303,0.0,0.0,0.0,0.0,0.0,0.0,0.0,0.0,0.0,5.113610046,0.0,0.0,5.113610046,-6.551990741,0.0,0.0,-23.50878401,1.0,0,0,0,0.868790221,0.000469744,0.563236941,1199.030557,1363.82298,0.089638114
La(acac)3,12.14514126,1.891266298,-6.418331916,0.474272726,32.18181818,0.0,0.0,0.0,0.0,0.0,2.759124739,7.734692377,17119.3672,3.57980337,101524842.2,10.53406033,0.0,0.0,0.0,17.34973484,0.0,0.0,35.43370985,0.0,0.0,19.4972216,35.43370985,14.38361155,0.0,-6.418331916,-12.16971682,-5.735121567,-22.3547873,0.4,0,0,3,0.710519758,0.000292855,0.7183744,2453.003716,2504.23766,0.591419146
LaAc3,11.14432351,1.906620055,-5.274837963,0.460454644,21.0,0.0,0.0,0.0,0.0,0.0,2.239044325,5.123440708,16012.46029,2.434159205,15135.93964,6.118595004,0.0,0.0,0.0,17.90791586,0.0,0.0,0.0,5.113610046,0.0,14.38361155,0.0,14.38361155,5.113610046,-5.274837963,-5.719860166,0.0,-9.883838577,0.5,0,3,3,0.826339892,0.000627522,0.585941102,933.7374126,971.4889992,0.11231177
LaTFA,11.78786683,3.11875,-6.354837963,0.374485635,12.0,0.0,0.0,0.0,0.0,0.0,2.239044325,5.123440708,16012.46029,3.893427613,15135.93964,7.034308157,0.0,0.0,0.0,17.90791586,0.0,0.0,0.0,5.113610046,0.0,14.38361155,0.0,53.89734698,5.113610046,-6.354837963,-9.821900983,0.0,0.0,0.5,0,3,3,0.840900752,0.00017965,0.547709933,3048.762542,3085.495848,0.124121512
LiN(SiMe3)2,7.676867284,0.222222222,-6.153395062,0.512072141,48.7,0.0,0.0,0.0,0.0,0.0,2.140502205,7.830430023,2129.388712,2.264018827,84387.15893,3.158553127,0.0,0.0,0.0,16.47092175,0.0,0.0,3.044745428,17.94822122,0.0,0.0,0.0,0.0,0.0,0.411373457,0.0,0.0,-23.17708333,1.0,0,0,0,0.905838271,0.002705835,0.957594318,353.8996868,799.9843749,0.624232766
MABr,6.710069444,1.743055556,-2.690972222,0.460528559,41.0,2.139826893,-0.603786148,79.90400003,-2.404366573,-0.324897191,1.636452798,4.144726367,95.72120768,0.0,49.09358393,26.13421488,0.0,0.0,4.112275669,16.84889979,0.943093339,6.9758269,0.0,5.712741725,16.84889979,0.0,0.0,0.0,16.84889979,2.493888889,0.0,0.0,-2.690972222,1.0,3,0,0,0.996953427,0.045757648,0.944384069,20.63882472,249.887101,0.361588069
MACl,6.625,1.461805556,-2.776041667,0.410302213,41.0,2.170903518,-0.603786148,35.45300009,-2.404366577,-0.324897213,1.636452798,4.144726367,95.72120768,0.0,49.09358393,56.25,0.0,0.0,4.112275669,12.32298083,1.15790217,6.9758269,0.0,5.712741725,12.32298083,0.0,0.0,0.0,0.0,4.765054012,0.0,0.0,-2.776041667,1.0,3,0,0,0.994909718,0.046805409,0.929127189,19.85085063,183.0297796,0.354470691
MAI,6.749444444,1.442663889,-2.651597222,0.487844824,41.0,2.135199843,-0.603786148,126.904,-2.404366572,-0.324897175,1.636452798,4.144726367,95.72120768,0.0,49.09358393,16.13717496,0.0,0.0,4.112275669,23.77848602,0.57899437,6.9758269,0.0,5.712741725,23.77848602,0.0,0.0,0.0,0.0,1.442663889,0.0,0.0,-2.651597222,1.0,3,0,0,0.997874538,0.044742745,0.953039315,21.30042121,311.5216285,0.350640532
MgTFA,11.73953527,1.72957609,-4.87603588,0.376692681,18.53333333,1.380286687,-0.249512826,0.0,0.0,0.0,1.70846366,2.094988049,32501.96334,3.327097728,732.93091,2.693718736,0.0,0.0,0.0,31.23228872,0.0,0.0,0.0,6.340028696,0.0,5.716048275,0.0,26.34249029,12.05607697,-4.724876543,-3.459152179,0.0,0.0,0.5,0,2,2,0.996128919,0.003680432,0.975118302,264.9466631,2939.038782,0.082885185
Mn(S2CNEt2)2,7.868093375,0.265217309,-3.630182981,0.435444557,33.64705882,0.0,0.0,0.0,0.0,0.0,2.562229128,6.232213247,7532.901222,5.949922131,6121124.392,10.87952623,0.0,0.0,0.0,53.43685295,0.0,25.98743874,0.0,0.0,24.43574689,33.07534679,0.0,0.0,0.0,8.878806059,0.0,0.0,-28.83636123,0.8,0,0,0,0.989114985,0.001316637,0.909829298,691.0254207,4272.769637,0.147771945
Mn(S2CNEt2)2(Phen),9.126710483,0.182317649,-5.66254606,0.334082009,35.09677419,0.0,0.0,0.0,0.0,0.0,3.284796513,2.301828088,10273.93792,15.9313721,365470000000.0,9.493733747,0.0,0.0,0.0,76.91576899,0.0,33.81992456,46.97829392,18.26978577,24.43574689,31.39948015,36.54099397,0.0,0.0,5.208961693,0.0,-5.801304481,-32.12010997,0.363636364,0,0,0,0.838655283,0.000224779,0.807104676,3590.665289,5320.803925,0.415434722
Mn(acac)2,11.60517866,1.41926355,-3.355625885,0.435608674,30.4,0.0,0.0,0.0,0.0,0.0,2.474203405,5.891044443,7403.329518,0.689945043,304534.8519,7.260046078,0.0,0.0,0.0,11.56648989,0.0,0.0,23.62247324,0.0,0.0,32.84375048,23.62247324,9.589074368,7.638379114,-1.705914588,-6.561911779,-3.072008115,-13.32753712,0.4,0,0,2,0.954789531,0.001167094,0.708909872,607.4145744,1448.460721,0.042475648
Mn(acac)3,12.13202398,1.941221078,-4.808680556,0.418440976,32.18181818,0.0,0.0,0.0,0.0,0.0,2.759124739,7.734692377,17119.3672,1.521913641,101524842.2,9.973035328,0.0,0.0,0.0,17.34973484,0.0,0.0,35.43370985,0.0,0.0,40.73128665,35.43370985,14.38361155,0.0,-4.808680556,-12.38379089,-5.823663234,-22.48268081,0.4,0,0,3,0.661541993,0.000410888,0.760430419,1850.698656,1876.666638,0.664995283
MnAc2,10.5869187,1.309814815,-2.958070318,0.380319511,20.44444444,0.0,0.0,0.0,0.0,0.0,1.997929062,3.924113467,6721.715834,0.300833266,805.165412,4.349270112,0.0,0.0,0.0,11.93861058,0.0,0.0,0.0,7.638379114,0.0,25.20537137,0.0,9.589074368,7.638379114,-1.309814815,-3.109552154,0.0,-5.916140637,0.5,0,2,2,0.995314651,0.011738696,0.998715786,85.07893422,878.794375,0.094183349
MnFA2,9.624971419,0.908564815,-1.28125,0.302056463,10.28571429,0.0,0.0,0.0,0.0,0.0,1.628673776,3.102825942,6485.313159,0.170967645,65.14695103,5.459480519,0.0,0.0,0.0,12.89654501,0.0,0.0,0.0,7.638379114,0.0,25.20537137,0.0,9.589074368,7.638379114,-0.908564815,0.0,0.0,0.0,0.0,0,0,2,0.981932313,0.012563388,0.993439074,79.07414055,415.1260878,0.130283749
MnOA(OH),12.15258445,1.680242725,-4.930130062,0.241185076,44.36363636,0.0,0.0,0.0,0.0,0.0,3.001685928,7.668775766,8840.877092,0.68600739,18220113520.0,18.73781426,38.71651662,6.372924901,0.0,5.969305288,0.0,0.0,12.10414349,3.819189557,0.0,20.41083419,12.10414349,4.794537184,8.010324351,-1.680242725,-2.343054836,-5.132177528,-4.096626818,0.833333333,1,1,1,0.998051782,0.000746463,0.949860408,1272.48164,19372.65831,0.047132102
MnOA2,13.2355164,2.774812129,-5.335795972,0.045789308,46.63414634,0.0,0.0,0.0,0.0,0.0,0.702995813,7.64601741,10653.82631,1.436947591,2.33e+29,35.13727599,77.43303325,12.7458498,0.0,11.93861058,0.0,0.0,24.20828698,7.638379114,0.0,25.20537137,24.20828698,9.589074368,7.638379114,-2.867429894,-6.039788323,-11.14277459,-8.460420708,0.833333333,0,2,2,0.986693661,7.01e-05,0.871653975,12437.81891,66679.69487,0.050862316
MnSA2,13.2942235,2.948002435,-5.569658986,0.055443022,48.19512195,0.0,0.0,0.0,0.0,0.0,0.67928869,7.75069023,10698.96759,1.436947591,4.94e+32,35.65476567,90.17888305,0.0,0.0,11.93861058,0.0,0.0,0.0,7.638379114,0.0,25.20537137,0.0,9.589074368,7.638379114,-2.948002435,-6.197390577,0.0,-8.592118291,0.944444444,0,2,2,0.986214605,6.26e-05,0.843387055,13470.15743,68655.74797,0.017180432
NBS,10.89611111,0.284722222,-2.784143519,0.398384191,40.375,0.239405432,-0.273506019,79.9191795,-2.157033017,-0.13080156,2.053738711,3.236951883,239.7834751,0.474640248,316.2757615,1.853879863,0.0,0.0,16.14720974,27.9615692,0.0,0.0,0.0,0.0,16.14720974,9.589074368,0.0,9.589074368,16.14720974,2.474490741,-2.421296296,0.0,0.0,0.5,0,0,2,0.936335037,0.002866965,0.658524614,229.6940078,430.8054423,0.196594767
NH2Et2[Eu(S2CNEt2)4],11.59740092,1.398597364,-11.59740092,0.258595451,40.60526316,0.0,0.0,0.0,0.0,0.0,3.179254794,13.03800461,54696.65795,64.06718156,7720920000000000.0,20.45914424,0.0,0.0,0.0,81.99488086,0.0,64.96859684,0.0,-0.168436218,48.87149377,15.84125075,0.0,8.306718381,0.0,9.613640464,0.0,0.0,-101.7725162,0.833333333,2,0,0,0.650625601,0.000100362,0.906631265,9033.611088,10785.05225,0.770706133
NMF,9.835486111,0.368055556,-2.806712963,0.399916757,26.5,0.206363899,-0.36175235,16.13824179,-1.975599813,-0.108629497,1.61517131,4.040215641,118.6166274,0.0,50.07031062,2.47,0.0,0.0,0.0,6.386146945,0.0,6.9758269,0.0,5.309813353,0.0,4.794537184,0.0,4.794537184,0.0,0.0,0.0,0.0,-2.806712963,0.5,1,0,1,0.995827891,0.081796602,0.934582579,11.42568958,117.0201668,0.19023949
Na(S2CNEt2),7.558973765,0.034722222,-3.243109568,0.272930529,31.77777778,0.0,0.0,0.0,0.0,0.0,2.124592308,5.952570114,1748.047414,1.123395965,3618.180701,5.983103027,0.0,0.0,0.0,24.42191459,0.0,12.99371937,0.0,26.35267995,12.21787344,7.883507059,0.0,0.0,0.0,5.099147455,0.0,0.0,-12.93186728,0.8,0,0,0,0.916063519,0.001916762,0.695888841,363.0543588,629.9864335,0.307618456
Na(acac),11.0891358,0.040256519,-3.020169753,0.234435603,28.5,0.0,0.0,0.0,0.0,0.0,1.990863425,5.333577382,1693.778118,0.256207479,756.5281015,4.125077866,0.0,0.0,0.0,5.783244946,0.0,0.0,11.81123662,28.40776471,0.0,7.21884817,11.81123662,4.794537184,2.424310985,-0.040256519,-2.375216049,-1.106481481,-5.79820216,0.4,0,0,1,0.905164135,0.002555133,0.586610565,229.5812144,316.8354187,0.097967192
NaAc,10.08333333,0.144128086,-2.567708333,0.272024672,18.4,0.0,0.0,0.0,0.0,0.0,1.620335266,3.823378455,1399.239853,0.0,35.64737585,2.693713647,0.0,0.0,0.0,5.969305288,0.0,0.0,0.0,30.8320757,0.0,4.794537184,0.0,4.794537184,2.424310985,0.144128086,-1.107253086,0.0,-2.567708333,0.5,0,1,1,0.976064656,0.018102598,0.798047061,44.08467027,161.7691444,0.192236335
NaOA,11.95268862,0.607485181,-4.904399664,0.257452878,45.52380952,0.0,0.0,0.0,0.0,0.0,2.970746662,7.71192955,3127.979942,0.641624145,6964441628.0,18.25948046,38.71651662,6.372924901,0.0,5.969305288,0.0,0.0,12.10414349,30.8320757,0.0,4.794537184,12.10414349,4.794537184,2.424310985,-0.607485181,-2.102854218,-5.072923426,-4.083950454,0.833333333,0,1,1,0.999295797,0.00157507,0.975055604,619.0552583,16086.86156,0.044407214
Nd(acac)3,12.14411246,1.895381525,-6.292084751,0.469205469,32.18181818,0.0,0.0,0.0,0.0,0.0,2.759124739,7.734692377,17119.3672,3.194589578,101524842.2,10.66428462,0.0,0.0,0.0,17.34973484,0.0,0.0,35.43370985,0.0,0.0,17.57509862,35.43370985,14.38361155,0.0,-6.292084751,-12.18650694,-5.742066012,-22.36481816,0.4,0,0,3,0.709071916,0.000293111,0.718248843,2450.432366,2496.000472,0.591829818
NdTFA,11.78638535,3.109490741,-6.250455247,0.370350289,12.0,0.0,0.0,0.0,0.0,0.0,2.239044325,5.123440708,16012.46029,3.434837109,15135.93964,7.136383853,0.0,0.0,0.0,17.90791586,0.0,0.0,0.0,3.191487072,0.0,14.38361155,0.0,53.89734698,3.191487072,-6.250455247,-9.834246662,0.0,0.0,0.5,0,3,3,0.854210192,0.000194385,0.565583286,2909.598638,3165.093812,0.118516806
Ni(CO)2TPP2,15.75184429,1.313599931,-7.489213475,0.083307148,22.18604651,0.0,0.0,0.0,0.0,0.0,3.359681252,2.456075734,12411.10077,33.40217353,1226700000000000.0,12.79656115,0.0,0.0,0.0,43.9001779,0.0,0.0,181.2725612,31.82723938,12.07293852,20.82514154,181.2725612,16.44910267,0.0,-6.701907596,0.0,-60.63579227,0.0,0.0,0,0,0,0.771456518,0.000189287,0.988559197,5222.540362,8113.996526,0.69024239
Ni(Se2PBu2)2,9.001314642,1.912811791,-4.996256141,0.289221392,47.15789474,0.0,0.0,0.0,0.0,0.0,2.692280883,3.140877293,30405.34793,301.5520453,288095592.8,6.385218804,0.0,0.0,0.0,60.50251006,0.0,0.0,0.0,0.0,9.283498063,5.235908753,0.0,0.0,0.0,-7.651247166,0.0,0.0,-31.41144999,1.0,0,0,0,0.955102816,0.000542321,0.946211046,1744.744571,5572.184874,0.167628437
Ni(acac)2,11.59476199,0.728746221,-3.366042552,0.437753986,30.93333333,0.0,0.0,0.0,0.0,0.0,2.474203405,5.891044443,7403.329518,0.610934835,304534.8519,7.23755081,0.0,0.0,0.0,11.56648989,0.0,0.0,23.62247324,0.0,0.0,32.4307135,23.62247324,9.589074368,7.758764503,-0.728746221,-6.675245112,-3.118883115,-13.39524546,0.4,0,0,2,0.951214291,0.001146191,0.697911382,608.8964364,1377.351926,0.043786392
NiAc2,10.5634812,0.480231481,-2.981507818,0.383923183,21.33333333,0.0,0.0,0.0,0.0,0.0,1.997929062,3.924113467,6721.715834,0.251695168,805.165412,4.325863836,0.0,0.0,0.0,11.93861058,0.0,0.0,0.0,7.758764503,0.0,24.67194899,0.0,9.589074368,7.758764503,-0.480231481,-3.192885488,0.0,-5.963015637,0.5,0,2,2,0.994886928,0.011113436,0.906886754,81.60273419,732.7531425,0.057976347
NiOA2,13.2120789,1.744148424,-5.343449033,0.04557951,46.82926829,0.0,0.0,0.0,0.0,0.0,0.702995813,7.64601741,10653.82631,1.361829903,2.33e+29,35.11142905,77.43303325,12.7458498,0.0,11.93861058,0.0,0.0,24.20828698,7.758764503,0.0,24.67194899,24.20828698,9.589074368,7.758764503,-1.744148424,-6.123121657,-11.15418127,-8.462295708,0.833333333,0,2,2,0.9861879,6.78e-05,0.863857461,12736.92293,66430.35808,0.045313588
P(OEt)3,7.247598262,3.472522912,-3.722554012,0.566524377,41.1,0.332113114,-0.312550708,31.17244961,-1.936663702,0.176124236,2.206981963,5.696584273,383.0852968,0.503115295,35717.79609,7.417411386,0.0,20.55567635,27.90150707,8.602392481,0.0,19.67695573,0.0,0.0,8.602392481,13.57124149,0.0,0.0,13.57124149,0.0,0.0,0.0,-21.14272778,1.0,0,0,0,0.898225403,0.001442995,0.629722719,436.399791,625.2307224,0.154845377
P(OMe)3,6.67787037,3.011702675,-3.012345679,0.527988265,34.71428571,0.331302354,-0.315628847,31.17244616,-1.811261612,0.239224565,1.698528892,4.525741017,179.470675,0.167705098,721.8747789,4.468478605,0.0,0.0,12.33682701,8.602392481,0.0,21.11385738,0.0,0.0,8.602392481,13.57124149,0.0,0.0,13.57124149,0.0,0.0,0.0,0.0,1.0,0,0,0,0.843846444,0.002373003,0.547734015,230.8189777,235.6149862,0.138146741
PDS,7.822623352,0.0575822,-0.511889773,0.696300904,20.0,0.063482916,-0.062188378,33.1146419,-1.665953282,1.466848006,2.567394951,2.47586343,708.0541219,2.181186218,146084.7727,5.128229271,57.8423082,24.16967483,13.70758556,21.58779595,0.0,0.0,60.42418708,0.0,21.58779595,0.0,70.21515403,0.0,0.0,0.0,0.0,-4.557009579,0.0,0.0,0,0,0,0.994318196,0.003839559,0.952921028,248.18499,2221.734107,0.027615386
PH3,5.981481481,1.87037037,-1.87037037,0.332022922,39.0,0.051130387,-0.153391161,30.974,0.8612,6.92,0.811278124,2.323790008,8.0,0.0,3.245112498,0.755581395,0.0,0.0,3.835663689,9.7341927,3.835663689,0.0,0.0,0.0,9.7341927,0.0,0.0,0.0,0.0,0.0,0.0,0.0,0.0,0.0,0,0,0,0.422786877,0.234312778,0.908635263,3.877873291,3.8881694,0.301685275
Pb(Et)4,8.525462963,4.134567901,-8.525462963,0.474849528,56.88888889,0.0,0.0,0.0,0.0,0.0,2.311567305,8.264570999,31830.37856,1.645305823,147276.8877,4.693898457,0.0,0.0,0.0,21.17273567,0.0,0.0,15.7286168,0.0,0.0,0.0,0.0,0.0,0.0,-8.525462963,0.0,0.0,-16.5382716,1.0,0,0,0,0.747528554,0.001582892,0.837987173,529.4026201,667.8903718,0.624688158
Pb(acac)2,11.62331137,1.346732686,-3.406911376,0.403847301,30.13333333,0.0,0.0,0.0,0.0,0.0,2.474203405,5.891044443,7403.329518,1.568083056,304534.8519,7.610014545,0.0,0.0,0.0,36.70742896,0.0,0.0,23.62247324,0.0,0.0,14.96332202,23.62247324,9.589074368,0.0,-3.406911376,-6.364627828,-2.990410893,-13.20967447,0.4,0,0,2,0.854182408,0.000756943,0.835602959,1103.918477,1774.008849,0.42105734
Pb-EX,7.24817417,0.302231552,-2.993351325,0.35963938,24.30769231,0.0,0.0,0.0,0.0,0.0,2.232139566,4.320494145,7018.450266,13.739269,22571.39529,9.938268765,0.0,0.0,0.0,71.05739015,0.0,13.11797049,0.0,0.0,24.43574689,26.09794749,0.0,0.0,9.473725908,7.630473907,0.0,0.0,-11.81827098,0.666666667,0,0,0,0.976564493,0.001347088,0.980838937,728.1180948,3318.23276,0.082910274
PbAc2,10.62771731,1.482245213,-2.917271707,0.449823959,20.0,0.0,0.0,0.0,0.0,0.0,1.997929062,3.924113467,6721.715834,0.846965625,805.165412,4.713868964,0.0,0.0,0.0,37.07954964,0.0,0.0,0.0,5.374247651,0.0,9.589074368,0.0,9.589074368,5.374247651,-2.753904321,-2.964490426,0.0,-5.834543415,0.5,0,2,2,0.909049408,0.001989028,0.752577428,378.364514,683.3610734,0.17034008
PbBA2,13.47305929,3.114115594,-5.730280521,0.045463036,49.3877551,0.026652986,-0.065382383,0.0,0.0,0.0,0.672772332,7.998682828,11712.67125,2.521823224,1.04e+44,44.02412868,141.1622823,0.0,0.0,37.07954964,0.0,0.0,0.0,5.374247651,0.0,9.589074368,0.0,9.589074368,5.374247651,-5.047610968,-6.228231188,0.0,-8.676179005,0.954545455,0,2,2,0.991472849,4.22e-05,0.880279682,20866.78109,140957.1006,0.012482321
PbEA2,13.43939983,2.853549664,-5.606250582,0.035236988,48.08163265,0.02665282,-0.065382383,0.0,0.0,0.0,0.679151527,7.9223145,11667.26895,2.521823224,1.05e+42,43.5058536,101.6413202,38.23754941,5.483034225,37.07954964,0.0,0.0,24.20828698,5.374247651,0.0,9.589074368,24.20828698,9.589074368,5.374247651,-4.991545742,-6.140182791,-11.48083051,-8.549323452,0.863636364,0,2,2,0.953119906,2.14e-05,0.727977198,33948.52298,81673.27506,0.05449952
PbOA2,13.27631502,2.77027895,-5.322473977,0.041606241,46.53658537,0.0,0.0,0.0,0.0,0.0,0.702995813,7.64601741,10653.82631,2.271823224,2.33e+29,35.53792425,77.43303325,12.7458498,0.0,37.07954964,0.0,0.0,24.20828698,5.374247651,0.0,9.589074368,24.20828698,9.589074368,5.374247651,-4.822771712,-5.894726595,-11.12291852,-8.45715682,0.833333333,0,2,2,0.973841237,4.3e-05,0.803852576,18686.28111,66105.03986,0.040885033
PbSA2,13.33502211,3.026164425,-5.563131208,0.050548544,48.09756098,0.0,0.0,0.0,0.0,0.0,0.67928869,7.75069023,10698.96759,2.271823224,4.94e+32,36.05546284,90.17888305,0.0,0.0,37.07954964,0.0,0.0,0.0,5.374247651,0.0,9.589074368,0.0,9.589074368,5.374247651,-4.920135792,-6.052328849,0.0,-8.588854402,0.944444444,0,2,2,0.972739409,3.81e-05,0.772081753,20267.50661,67477.83126,0.011625563
Pd(acac)2,11.60726199,1.410930217,-3.353542552,0.451763765,30.93333333,0.0,0.0,0.0,0.0,0.0,2.474203405,5.891044443,7403.329518,0.786925371,304534.8519,7.383953264,0.0,0.0,0.0,11.56648989,0.0,0.0,23.62247324,0.0,0.0,35.23540062,23.62247324,9.589074368,6.920978682,-1.901348262,-6.539245112,-3.062633115,-13.31399546,0.4,0,0,2,0.95663458,0.001138048,0.714585513,627.9045108,1540.356229,0.040712445
Pd-TPP4,11.84230612,1.952477956,-11.84230612,0.106733349,56.93506494,0.0,0.0,0.0,0.0,0.0,0.599039744,1.868736252,3005.598721,125.9182331,5.24e+49,28.4768104,0.0,0.0,0.0,21.80660276,0.0,0.0,451.7203291,0.0,21.80660276,13.55331091,0.0,82.24551337,0.0,-11.84230612,0.0,0.0,0.0,0.0,0,0,0,0.214691099,5.91e-05,0.987930186,16727.12688,16919.76872,0.977695788
PdAc2,10.5916062,1.475731481,-2.953382818,0.427659088,21.33333333,0.0,0.0,0.0,0.0,0.0,1.997929062,3.924113467,6721.715834,0.361147356,805.165412,4.478263534,0.0,0.0,0.0,11.93861058,0.0,0.0,0.0,6.920978682,0.0,28.31442194,0.0,9.589074368,6.920978682,-1.475731481,-3.092885488,0.0,-5.906765637,0.5,0,2,2,0.99598938,0.01101032,0.9173559,83.31782693,854.261663,0.052000101
Ph3SnCl,8.459817177,0.621270471,-6.122955556,0.0,71.2,0.0,0.0,0.0,0.0,0.0,2.810657881,2.77996645,1165.474092,9.703836796,22325055.55,7.573549446,0.0,0.0,0.0,17.25027468,0.0,0.0,101.3743978,8.921165754,0.0,0.0,0.0,0.0,0.0,-6.122955556,0.0,-12.41128081,0.0,0.0,0,0,0,0.738482449,0.000332062,0.693215559,2087.608127,2146.256905,0.250467094
PrTFA,11.78786683,3.11875,-6.354837963,0.372927386,12.0,0.0,0.0,0.0,0.0,0.0,2.239044325,5.123440708,16012.46029,3.966208259,15135.93964,7.144909506,0.0,0.0,0.0,17.90791586,0.0,0.0,0.0,3.023468396,0.0,14.38361155,0.0,53.89734698,3.023468396,-6.354837963,-9.821900983,0.0,0.0,0.5,0,3,3,0.850511208,0.000189885,0.560559497,2952.096133,3146.313792,0.120458024
Pt(acac)2,11.61405211,1.383769723,-3.346752429,0.540599204,30.93333333,0.0,0.0,0.0,0.0,0.0,2.474203405,5.891044443,7403.329518,1.009667327,304534.8519,7.40651479,0.0,0.0,0.0,11.56648989,0.0,0.0,23.62247324,0.0,0.0,35.69206215,23.62247324,9.589074368,6.780435251,-2.538317271,-6.465368569,-3.032077559,-13.26985965,0.4,0,0,2,0.958331082,0.001136895,0.720064138,633.3603341,1596.514524,0.039771165
Rh(CO)2(acac),10.73372354,1.028402778,-4.810056481,0.235924009,25.33333333,0.0,0.0,0.0,0.0,0.0,2.267226816,3.578600323,35178.49376,1.931137725,7182.574553,3.361456407,0.0,0.0,0.0,5.783244946,0.0,0.0,11.81123662,0.0,0.0,31.6149163,11.81123662,9.304349649,6.813956353,-4.810056481,-2.141898148,-1.028402778,-6.010648148,0.285714286,0,0,1,0.930905966,0.001266164,0.639427216,505.0112077,884.0794528,0.052013775
Rh(acac)3,12.13489435,1.932253953,-5.160910147,0.390466876,32.18181818,0.0,0.0,0.0,0.0,0.0,2.759124739,7.734692377,17119.3672,1.843763413,101524842.2,10.05899111,0.0,0.0,0.0,17.34973484,0.0,0.0,35.43370985,0.0,0.0,42.10551058,35.43370985,14.38361155,0.0,-5.160910147,-12.33694645,-5.804288234,-22.4546947,0.4,0,0,3,0.680600515,0.000390494,0.74528934,1908.579077,1941.492496,0.61405487
RhAc3,11.12126795,1.94760771,-4.235186111,0.42743427,23.07692308,0.0,0.0,0.0,0.0,0.0,2.239044325,5.123440708,16012.46029,1.142048216,15135.93964,5.639989699,0.0,0.0,0.0,17.90791586,0.0,0.0,0.0,10.68891985,0.0,31.41659074,0.0,14.38361155,10.68891985,-4.235186111,-5.842823129,0.0,-9.953005244,0.5,0,3,3,0.833051012,0.000755716,0.554512914,733.7584281,735.5049439,0.098988966
RhCl(CO)TPP2,15.6667054,1.267273593,-7.833895465,0.170145444,53.38095238,0.0,0.0,0.0,0.0,0.0,3.34814529,2.061156626,1467.208518,43.34924337,721788000000000.0,15.75429234,0.0,0.0,0.0,20.8796325,0.0,0.0,231.0613863,0.0,20.8796325,17.92847396,0.0,16.44910267,0.0,-7.833895465,0.0,0.0,0.0,0.0,0,0,0,0.84731427,0.000185178,0.971584861,5246.769414,9598.494057,0.655464943
SH,8.336458333,0.152291667,-6.2,0.416148644,53.875,0.0,0.0,0.0,0.0,0.0,2.228858042,7.414207469,2491.757859,0.108253175,19210.52747,3.642924291,0.0,0.0,0.0,4.679935859,1.335712724,0.0,0.0,17.52978686,0.0,0.0,0.0,0.0,0.0,0.152291667,0.0,0.0,-11.55625,1.0,0,0,0,0.89831306,0.003141831,0.675786699,215.093253,330.8414543,0.299263312
Sb(NMe2)3,7.436875,0.5275,-5.833333333,0.582553402,46.8,0.0,0.0,0.0,0.0,0.0,2.13248906,7.297741445,16847.90938,1.8,88438.58628,4.550553267,0.0,0.0,0.0,21.04134197,0.0,41.8549614,9.177092051,0.0,0.0,0.0,0.0,0.0,0.0,-5.833333333,0.0,0.0,-22.34791667,1.0,0,0,0,0.733261276,0.001359456,0.754073475,554.6875363,615.1584874,0.401652559
Sb(S2CNEt2)3,8.19681175,0.091239607,-4.865382086,0.275987406,34.92,0.0,0.0,0.0,0.0,0.0,2.829464009,8.121766549,17333.1905,29.3166272,8653234200.0,15.45971309,0.0,0.0,0.0,92.16920242,0.0,38.98115811,0.0,0.0,36.65362033,26.54845226,0.0,0.0,0.0,10.46937084,0.0,0.0,-47.42655592,0.8,0,0,0,0.787028027,0.000132362,0.622734668,4704.77117,4749.136368,0.320545605
SbAc3,11.13460128,1.923904006,-4.836430556,0.426021578,22.38461538,0.0,0.0,0.0,0.0,0.0,2.239044325,5.123440708,16012.46029,1.737372436,15135.93964,5.802397844,0.0,0.0,0.0,39.37838841,0.0,0.0,0.0,9.046083963,0.0,14.38361155,0.0,14.38361155,9.046083963,-4.836430556,-5.771712018,0.0,-9.913005244,0.5,0,3,3,0.798768221,0.000716919,0.607676768,847.6232077,856.1297441,0.148110455
Se(SiEt3)2,8.550000787,3.984722222,-7.619097222,0.570082541,53.6,0.0,0.0,0.0,0.0,0.0,2.676973433,9.910720147,846.3080805,18.4611404,97482723.72,7.312382528,0.0,0.0,0.0,27.03692156,0.0,0.0,0.0,0.0,0.0,0.0,0.0,0.0,0.0,-3.984722222,-29.11598639,0.0,-42.37865528,1.0,0,0,0,0.857990134,0.000835031,0.920766812,1102.674346,1976.587147,0.586676744
Se-OLA,13.85643882,1.731720067,-5.937733337,0.041777585,0.0,0.0,0.0,0.0,0.0,0.0,0.687162901,8.214475361,3643.028509,1.646387177,5.42e+33,38.42423331,0.0,0.0,0.0,19.98039497,0.0,12.99371937,24.20828698,9.622009385,0.0,0.0,24.20828698,4.794537184,0.0,-4.093199718,0.0,-11.4339224,-19.4312094,0.864864865,4,0,1,0.999982932,0.001379979,0.997323956,722.7097284,123366.8514,0.009740146
Selenourea,6.46412037,0.152777778,-0.189814815,0.37168765,18.0,0.0,0.0,0.0,0.0,0.0,1.640336065,3.651233579,82.03910002,0.0,39.36806555,1.323986797,0.0,0.0,0.0,20.24107997,0.0,0.0,0.0,11.43943395,0.0,0.0,0.0,0.0,15.5757124,2.194444444,0.0,0.0,0.0,0.0,4,0,0,0.974710882,0.016025639,0.77656974,48.45795851,168.3941413,0.000201391
SmAc3,11.13737906,1.918965734,-4.961689815,0.458376272,21.69230769,0.0,0.0,0.0,0.0,0.0,2.239044325,5.123440708,16012.46029,1.753385423,15135.93964,6.239260398,0.0,0.0,0.0,17.90791586,0.0,0.0,0.0,3.35829764,0.0,14.38361155,0.0,14.38361155,3.35829764,-4.961689815,-5.756897203,0.0,-9.90467191,0.5,0,3,3,0.825440142,0.000580224,0.57308815,987.7016346,1002.746633,0.10597122
SmTFA,11.78342238,3.090972222,-6.041689815,0.365673564,12.40909091,0.0,0.0,0.0,0.0,0.0,2.239044325,5.123440708,16012.46029,2.804532756,15135.93964,7.127861165,0.0,0.0,0.0,17.90791586,0.0,0.0,0.0,3.35829764,0.0,14.38361155,0.0,53.89734698,3.35829764,-6.041689815,-9.85893802,0.0,0.0,0.5,0,3,3,0.883648013,0.000229676,0.614416149,2675.137338,3510.928027,0.113887836
Sn(S2CNEt2)2(Phen),9.144054233,0.112942649,-6.878276077,0.299895658,35.09677419,0.0,0.0,0.0,0.0,0.0,3.284796513,2.301828088,10273.93792,32.17904265,365470000000.0,9.666474963,0.0,0.0,0.0,90.60525183,0.0,32.23064582,46.97829392,16.68050704,24.43574689,17.89184693,36.54099397,0.0,0.0,4.027919176,0.0,-5.722216981,-32.04487664,0.363636364,0,0,0,0.824686596,0.000130604,0.630978717,4831.237821,5389.784798,0.244460013
Sn(S2CNEt2)4,8.509280125,0.61248441,-7.52714845,0.208180989,35.63636364,0.0,0.0,0.0,0.0,0.0,3.023953168,10.17085938,31491.99404,62.89948518,11222300000000.0,18.91952526,0.0,0.0,0.0,114.7830111,0.0,51.97487747,0.0,0.0,48.87149377,35.78369386,0.0,0.0,0.0,13.57569074,0.0,0.0,-69.11529331,0.8,0,0,0,0.667177571,0.000116034,0.789056578,6800.226469,7203.34637,0.572529659
SnAc2,10.6216062,1.49310941,-2.923382818,0.424976526,20.44444444,0.0,0.0,0.0,0.0,0.0,1.997929062,3.924113467,6721.715834,0.647480478,805.165412,4.601789053,0.0,0.0,0.0,33.90914182,0.0,0.0,0.0,6.148187897,0.0,9.589074368,0.0,9.589074368,6.148187897,-2.537598148,-2.986218821,0.0,-5.846765637,0.5,0,2,2,0.962651723,0.003214598,0.84231198,262.0271454,815.1965952,0.126439884
SnAc4,11.64572137,2.358031935,-7.299218519,0.403939098,24.47058824,0.0,0.0,0.0,0.0,0.0,2.420853517,6.424725665,29630.94264,3.884882868,260612.1437,6.422895337,0.0,0.0,0.0,43.91070391,0.0,0.0,0.0,12.29637579,0.0,19.17814874,0.0,19.17814874,12.29637579,-7.299218519,-9.43212774,0.0,-14.74864938,0.5,0,4,4,0.761244578,0.000615602,0.732337655,1189.628076,1343.495184,0.325304758
SnBr2(acac)2,11.8054536,1.447457995,-5.39049452,0.0,0.0,0.0,0.0,0.0,0.0,0.0,2.509663704,6.453560708,8499.76877,6.625855323,583737.7389,8.706681004,0.0,0.0,0.0,26.32955848,0.0,0.0,23.62247324,25.40905785,0.0,15.73726227,23.62247324,9.589074368,25.40905785,0.104344388,-6.661471038,-3.124716448,-13.51574999,0.4,0,0,2,0.661014426,0.00044686,0.866636012,1939.390734,2239.879925,0.488517834
SnC8(acac)2,12.70627988,2.486908567,-9.686261187,0.242687824,41.39130435,0.0,0.0,0.0,0.0,0.0,2.910370903,10.00317235,35022.18782,5.034096233,9169257546.0,11.70821024,0.0,0.0,0.0,30.77169854,0.0,0.0,32.40016485,0.0,0.0,15.73726227,23.62247324,9.589074368,0.0,-9.686261187,-10.55892395,-4.973817135,-26.02012827,0.666666667,0,0,2,0.816897967,0.000324872,0.74598025,2296.224797,2969.8183,0.423993304
SnCl2(acac)2,11.74989804,1.617596884,-6.071050076,0.0,0.0,0.0,0.0,0.0,0.0,0.0,2.509663704,6.453560708,8499.76877,4.352621598,583737.7389,8.401497336,0.0,0.0,0.0,28.51837882,0.0,0.0,23.62247324,17.84233151,0.0,15.73726227,23.62247324,9.589074368,6.148187897,-6.071050076,-7.152983384,-3.342494226,-13.84463888,0.4,0,0,2,0.7670752,0.000684882,0.906075335,1322.966408,1868.433923,0.478897689
SnOct2,13.23825921,2.856732008,-4.895030641,0.518123693,45.33333333,0.0,0.0,0.0,0.0,0.0,2.876863604,7.458228476,8196.503629,1.78625782,1841869095.0,13.4049821,0.0,0.0,0.0,33.90914182,0.0,0.0,0.0,6.148187897,0.0,9.589074368,0.0,9.589074368,6.148187897,-4.369194189,-15.5035253,0.0,-16.90253784,0.875,0,2,2,0.915546209,0.000279182,0.681289886,2440.305757,4133.522394,0.110573272
SnPh4,8.930917895,0.869544596,-7.066903704,0.0,74.88,0.0,0.0,0.0,0.0,0.0,3.003653463,2.694897356,1568.941521,12.48935688,2705600930.0,9.33041748,0.0,0.0,0.0,18.37693454,0.0,0.0,135.1658637,0.0,0.0,0.0,0.0,0.0,0.0,-7.066903704,0.0,-20.38911348,0.0,0.0,0,0,0,0.474706388,0.000303552,0.915024581,3014.388059,3133.849106,0.814418942
SnSA4,15.9528692,4.268793443,-12.13680596,0.044568378,49.18518519,0.0,0.0,0.0,0.0,0.0,0.671451874,12.585881,38625.28017,6.523660211,1.28e+85,66.20834276,180.3577661,0.0,0.0,43.91070391,0.0,0.0,0.0,12.29637579,0.0,19.17814874,0.0,0.0,12.29637579,-12.13680596,-19.58178248,0.0,-18.39939671,0.944444444,0,4,4,0.931547567,1.1e-05,0.815900146,74379.11237,166894.0495,0.248721257
Sn[N(SiMe3)2]2,8.334700079,1.084027778,-7.778106418,0.499889373,51.26315789,0.0,0.0,0.0,0.0,0.0,2.666381697,10.94499744,8463.723345,16.60280473,3724668166.0,6.371847696,0.0,0.0,0.0,54.63046361,0.0,0.0,4.905491728,0.0,0.0,0.0,0.0,0.0,0.0,-6.055897531,0.0,0.0,-58.1150463,1.0,0,0,0,0.880565699,0.000566441,0.940552825,1660.461425,3295.362478,0.619165613
SrTFA,11.74522415,1.713773621,-5.092837037,0.391911652,16.4,0.0,0.0,0.0,0.0,0.0,1.70846366,2.094988049,32501.96334,6.561125202,732.93091,3.018098334,0.0,0.0,0.0,51.03324648,0.0,0.0,0.0,0.971244114,0.0,0.347263693,0.0,26.34249029,1.318507807,-5.092837037,-3.427547241,0.0,0.0,0.5,0,2,2,0.995563642,0.002949,0.989140633,335.4156518,3526.105461,0.112068664
TBDS,7.481258503,0.573449074,-3.758798658,0.557338705,48.0,0.024459723,-0.087633231,33.11483233,-2.106115521,0.799299402,2.226586607,6.892884988,414.7960567,1.125,96901.04914,3.397625989,62.69914866,0.0,0.0,21.58779595,0.0,0.0,0.0,0.0,21.58779595,0.0,0.0,0.0,0.0,0.0,0.0,0.0,-22.55279195,1.0,0,0,0,0.952633588,0.003450435,0.985085906,285.4961092,924.7592337,0.40137878
TBDSe,7.519791667,2.96875,-3.90625,0.51832534,52.0,0.0,0.0,0.0,0.0,0.0,2.163206107,7.454278915,398.4280272,1.193242693,58146.98016,2.635534967,0.0,0.0,0.0,14.95677838,0.0,0.0,0.0,0.0,0.0,0.0,0.0,0.0,0.0,-2.96875,0.0,0.0,-23.4375,1.0,0,0,0,0.910067428,0.003206008,0.912689613,284.6810432,626.9007655,0.503840516
TBM,7.020833333,0.399305556,-3.267939815,0.430050494,48.8,0.102777956,-0.173372098,32.11712309,-1.988617915,0.812002681,1.764028816,5.7760469,183.0084624,0.0,508.040299,1.210685721,20.55567635,0.0,0.0,12.53269604,1.123799173,0.0,0.0,0.0,12.53269604,0.0,0.0,0.0,0.0,-0.399305556,0.0,0.0,-9.803819444,1.0,0,0,0,0.753631052,0.008725138,0.991621018,113.6510412,171.45772,0.75033636
TEA,7.592052469,3.568364198,-4.923611111,0.0,68.57142857,0.0,0.0,0.0,0.0,0.0,2.089104425,6.53393457,17551.41538,0.324759526,8826.466197,4.685549043,0.0,0.0,0.0,14.14870978,0.0,0.0,15.70469118,0.0,0.0,0.0,0.0,0.0,0.0,-4.923611111,0.0,0.0,-10.70509259,1.0,0,0,0,0.886383001,0.002697942,0.689154629,255.4371895,380.245612,0.301266711
TEOS,7.512022392,3.867638535,-6.716358025,0.567362716,43.07692308,0.679184503,-0.351483597,28.41002385,-2.48831882,-0.024659427,2.384076461,7.146537709,554.0033645,1.125,808194.7682,7.459718181,0.0,27.40756847,10.96606845,9.047956109,0.0,26.23594097,0.0,0.0,0.0,17.7040201,0.0,0.0,17.7040201,0.0,0.0,0.0,-31.9162426,1.0,0,0,0,0.707031251,0.000773787,0.721116787,931.9320561,950.2950603,0.511654171
TETD,7.851499433,0.029097695,-3.724764739,0.57313489,35.25,0.1469513,-0.357394102,33.11585389,-2.279885514,0.48171762,2.546050542,6.543316625,702.3153036,2.5284135,3786916.648,9.503950076,24.43574689,48.99536442,0.0,54.66461101,0.0,25.98743874,0.0,0.0,46.02354284,0.0,0.0,0.0,0.0,9.69671564,0.0,0.0,-29.49043903,0.8,0,0,0,0.977954519,0.00117695,0.845374704,718.2759387,2907.854168,0.136977949
TIPP,7.817326153,3.957482521,-4.432762346,0.625185415,44.53846154,0.332926687,-0.309481954,31.17245308,-2.090481135,0.094526258,2.472280323,7.055398016,556.1213296,0.838525492,1364540.513,6.717889892,0.0,41.1113527,22.35232975,8.602392481,0.0,0.0,0.0,0.0,8.602392481,13.57124149,0.0,0.0,13.57124149,0.0,0.0,0.0,-23.74489512,1.0,0,0,0,0.850974561,0.00064534,0.535869863,830.3681747,847.2266321,0.149407675
TMSBr,7.025270062,2.498263889,-4.541666667,0.369419206,46.2,0.12081529,-0.127063223,79.92330933,-2.049230468,1.889334387,1.77318472,5.542725538,173.5285314,0.0,312.0805106,1.431316752,19.42549881,0.0,0.0,21.98565429,0.0,0.0,0.0,0.0,15.29247575,0.0,0.0,0.0,15.29247575,2.498263889,0.0,0.0,-13.53125,1.0,0,0,0,0.891449302,0.006129298,0.999996811,163.1503066,360.0583168,0.540118777
TMSCl,6.940200617,3.147762346,-4.881944444,0.32929506,46.2,0.146960573,-0.167882236,35.58862104,-2.060692171,1.869705795,1.77318472,5.542725538,173.5285314,0.0,312.0805106,1.309100131,19.42549881,0.0,0.0,18.46262804,0.0,0.0,0.0,0.0,11.07898257,0.0,0.0,0.0,0.0,5.418981481,0.0,0.0,-9.443287037,1.0,0,0,0,0.727176494,0.006135412,0.999994766,162.987397,237.4337755,0.506453396
TMSI,7.064645062,1.146388889,-4.384166667,0.319361794,46.2,0.11608585,-0.119547128,126.9141218,-2.046462192,1.899744109,1.77318472,5.542725538,173.5285314,0.0,312.0805106,1.596835563,19.42549881,0.0,0.0,27.36765226,0.0,0.0,0.0,0.0,21.7971376,0.0,0.0,0.0,0.0,1.146388889,0.0,0.0,-8.779583333,1.0,0,0,0,0.939218429,0.00610755,0.999640146,163.6728479,476.563747,0.583323145
TNPP,8.302285762,4.51275274,-5.316998457,0.61325039,48.15789474,0.33220256,-0.311704522,31.1724506,-2.187699745,0.082756651,2.600958209,8.724584194,967.0507379,1.119303172,1167285408.0,7.355955271,61.66702906,16.24497141,27.90150707,8.602392481,0.0,19.67695573,0.0,0.0,8.602392481,13.57124149,0.0,0.0,13.57124149,0.0,0.0,0.0,-56.53896219,1.0,0,0,0,0.869611429,0.00036182,0.61772954,1707.281974,2136.034117,0.223782929
TP,7.321990741,0.036111111,-0.423333333,0.484903341,20.57142857,0.107898445,-0.143426892,32.11691026,-1.564823728,1.48046346,2.12687193,3.563757676,320.4630927,0.340593109,701.8677369,2.029999058,18.12725612,12.08483742,6.853792781,12.53269604,1.123799173,0.0,30.21209354,0.0,12.53269604,0.0,35.10757701,0.0,0.0,0.410740741,0.0,-1.836759259,0.0,0.0,0,0,0,0.975744466,0.008601597,0.78110588,90.80939684,324.0185606,9.55e-05
TPB,8.417479214,0.376795163,-4.805925926,0.0,73.26315789,0.0,0.0,0.0,0.0,0.0,2.807977345,2.679042576,1114.674848,7.920531326,16134637.82,7.767432234,0.0,0.0,0.0,21.75067281,0.0,0.0,100.45035,0.0,0.0,0.0,0.0,0.0,0.0,-4.805925926,0.0,-10.83030612,0.0,0.0,0,0,0,0.740229198,0.000393717,0.732011632,1859.235127,2024.20226,0.260930404
TPPi,8.03385792,0.745598901,-3.193634417,0.56653707,19.77272727,0.529756065,-0.40850877,31.17245217,-2.016061095,0.387957214,2.879999227,2.21619366,1173.944074,1.964910519,67967981.76,7.484573376,54.38176837,36.25451225,20.56137834,8.602392481,0.0,0.0,90.63628061,13.57124149,8.602392481,0.0,90.63628061,0.0,0.0,0.0,-2.425431469,-12.04573941,0.0,0.0,0,0,0,0.910062473,0.000397329,0.652316048,1641.752361,2583.874735,0.091156724
TTBP,9.626477375,2.58153555,-6.054670926,0.249457968,38.67391304,0.529787006,-0.408189116,31.17245428,-2.195576244,0.371500281,0.679967508,3.717251665,3269.302766,3.993696141,2.01e+32,12.83496681,159.5885704,67.30755341,12.33682701,8.602392481,0.0,0.0,87.76247732,13.57124149,8.602392481,32.48994282,54.38176837,12.33682701,0.0,0.0,-8.604301073,-24.45481998,-91.31461851,0.571428571,0,0,0,0.864460514,8.49e-05,0.660302519,7780.817672,10220.18318,0.278128693
Tb(acac)3,12.13896842,1.915957656,-5.660848923,0.455307993,32.18181818,0.0,0.0,0.0,0.0,0.0,2.759124739,7.734692377,17119.3672,2.232840755,101524842.2,10.60999091,0.0,0.0,0.0,17.34973484,0.0,0.0,35.43370985,0.0,0.0,18.3970793,35.43370985,14.38361155,0.0,-5.660848923,-12.27045756,-5.776788234,-22.41497248,0.4,0,0,3,0.744706301,0.000314432,0.724563131,2304.355314,2501.7532,0.554626094
TbAc3,11.13043462,1.931311413,-4.648541667,0.455905576,22.38461538,0.0,0.0,0.0,0.0,0.0,2.239044325,5.123440708,16012.46029,1.431633203,15135.93964,6.195337026,0.0,0.0,0.0,17.90791586,0.0,0.0,0.0,4.013467746,0.0,14.38361155,0.0,14.38361155,4.013467746,-4.648541667,-5.79393424,0.0,-9.925505244,0.5,0,3,3,0.828650835,0.000591287,0.578888349,979.0309959,1012.476286,0.106586101
TbTFA,11.77897794,3.063194444,-5.839751748,0.359262893,12.81818182,0.0,0.0,0.0,0.0,0.0,2.239044325,5.123440708,16012.46029,2.289891406,15135.93964,7.09380013,0.0,0.0,0.0,17.90791586,0.0,0.0,0.0,4.013467746,0.0,14.38361155,0.0,53.89734698,4.013467746,-5.728541667,-9.895975057,0.0,0.0,0.5,0,3,3,0.840942431,0.000179642,0.547637313,3048.490287,3085.180461,0.123913775
Thiourea,6.391203704,0.023148148,-0.481481481,0.370873527,18.0,0.160496299,-0.376505715,32.09204493,-2.178193255,1.651727677,1.640336065,3.651233579,82.03910002,0.0,39.36806555,1.061747212,0.0,12.21787344,0.0,17.33031033,0.0,0.0,0.0,11.43943395,12.21787344,0.0,0.0,0.0,12.21787344,4.203703704,0.0,0.0,0.0,0.0,4,0,0,0.944742174,0.013977749,0.677271775,48.45356407,100.1061576,0.030273307
TiC6(acac)2,12.52536219,2.331875892,-8.562640779,0.410939023,38.26086957,0.0,0.0,0.0,0.0,0.0,2.831486558,9.273277812,33529.2587,2.993576108,1787512662.0,10.03077531,0.0,0.0,0.0,11.56648989,0.0,0.0,23.62247324,0.0,0.0,41.00406036,23.62247324,9.589074368,0.0,-8.562640779,-9.913159259,-4.663751785,-34.4004256,0.625,0,0,2,0.545585478,0.000450341,0.970127613,2154.207111,2493.697133,0.865887795
TlAc,10.09027778,0.034328704,-2.560763889,0.482760464,18.4,0.0,0.0,0.0,0.0,0.0,1.620335266,3.823378455,1399.239853,0.0,35.64737585,2.619760586,0.0,0.0,0.0,32.18916757,0.0,0.0,0.0,2.687123826,0.0,4.794537184,0.0,4.794537184,2.687123826,-0.034328704,-1.094907407,0.0,-2.560763889,0.5,0,1,1,0.995822503,0.02106448,0.915461508,43.45996228,435.7229235,0.179235414
Tm(acac)3,12.1348532,1.932418562,-5.155860261,0.445953107,32.18181818,0.0,0.0,0.0,0.0,0.0,2.759124739,7.734692377,17119.3672,1.909789891,101524842.2,10.56659044,0.0,0.0,0.0,17.34973484,0.0,0.0,35.43370985,0.0,0.0,19.03295624,35.43370985,14.38361155,0.0,-5.155860261,-12.33761805,-5.804566012,-22.45509594,0.4,0,0,3,0.719767958,0.000309568,0.740096522,2390.739822,2548.74776,0.600739332
V(acac)3,12.13665361,1.925216915,-5.3767928,0.546309725,32.18181818,0.0,0.0,0.0,0.0,0.0,2.759124739,7.734692377,17119.3672,1.744075911,101524842.2,10.02674221,0.0,0.0,0.0,17.34973484,0.0,0.0,35.43370985,0.0,0.0,41.58070368,35.43370985,14.38361155,0.0,-5.3767928,-12.30823534,-5.792413234,-22.43754192,0.4,0,0,3,0.675650405,0.000392813,0.75057656,1910.773434,1945.38608,0.650004808
VO(acac)2,12.05654573,1.683152439,-4.897028534,0.0,0.0,0.0,0.0,0.0,0.0,0.0,2.505437717,6.204909328,8491.785761,1.085887737,445567.0436,8.471494295,0.0,0.0,0.0,11.56648989,0.0,0.0,23.62247324,0.0,0.0,36.39302232,23.62247324,13.26320019,7.323916779,-4.897028534,-7.335985853,-3.420549782,-13.90938378,0.4,0,0,2,0.937490201,0.001067636,0.758134541,710.1057421,1546.947231,0.088625675
Y(acac)3,12.14378324,1.896698397,-6.251685658,0.519754791,32.18181818,0.0,0.0,0.0,0.0,0.0,2.759124739,7.734692377,17119.3672,2.967037035,101524842.2,10.45822463,0.0,0.0,0.0,17.34973484,0.0,0.0,35.43370985,0.0,0.0,49.51384067,35.43370985,14.38361155,0.0,-6.251685658,-12.19187978,-5.744288234,-22.36802804,0.4,0,0,3,0.685951733,0.000325605,0.742141349,2279.267345,2324.669024,0.637367813
YAc3,11.14126795,1.912052154,-5.137052778,0.45142547,21.0,0.0,0.0,0.0,0.0,0.0,2.239044325,5.123440708,16012.46029,1.978085535,15135.93964,6.042012906,0.0,0.0,0.0,17.90791586,0.0,0.0,0.0,6.154840792,0.0,43.35899987,0.0,14.38361155,6.154840792,-5.137052778,-5.736156463,0.0,-9.893005244,0.5,0,3,3,0.817760632,0.000690119,0.589650141,854.4185005,875.3376389,0.12147744
YTFA,11.78591127,3.106527778,-6.217052778,0.41474169,12.0,0.0,0.0,0.0,0.0,0.0,2.239044325,5.123440708,16012.46029,3.163939657,15135.93964,6.97496318,0.0,0.0,0.0,17.90791586,0.0,0.0,0.0,6.154840792,0.0,43.35899987,0.0,53.89734698,6.154840792,-6.217052778,-9.838197279,0.0,0.0,0.5,0,3,3,0.840455756,0.000198305,0.556554377,2806.557639,2882.55968,0.13727974
Yb(acac)3,12.13382439,1.936533788,-5.029613095,0.442157426,32.18181818,0.0,0.0,0.0,0.0,0.0,2.759124739,7.734692377,17119.3672,1.851572218,101524842.2,10.80567041,0.0,0.0,0.0,17.34973484,0.0,0.0,35.43370985,0.0,0.0,15.29647235,35.43370985,14.38361155,0.0,-5.029613095,-12.35440818,-5.811510456,-22.4651268,0.4,0,0,3,0.719764564,0.000309607,0.740110464,2390.483534,2548.509622,0.600749441
YbTFA,11.77157053,3.016898148,-5.851325822,0.349080814,13.22727273,0.0,0.0,0.0,0.0,0.0,2.239044325,5.123440708,16012.46029,1.835997663,15135.93964,7.247447662,0.0,0.0,0.0,17.90791586,0.0,0.0,0.0,0.912860794,0.0,14.38361155,0.0,53.89734698,0.912860794,-5.206628086,-9.957703452,0.0,0.0,0.5,0,3,3,0.853359589,0.000191425,0.563726547,2944.887466,3184.421233,0.118400559
Zn(S2CNEt2)2,7.885454486,0.226154809,-3.605182981,0.43027248,34.11764706,0.0,0.0,0.0,0.0,0.0,2.562229128,6.232213247,7532.901222,13.20867493,6121124.392,10.97432309,0.0,0.0,0.0,52.58280942,0.0,25.98743874,0.0,0.0,24.43574689,34.19864543,0.0,0.0,0.0,7.262897613,0.0,0.0,-28.66691679,0.8,0,0,0,0.98775181,0.001322272,0.943598476,713.6190473,4315.554657,0.108123791
Zn(acac)2,11.62253977,1.349819106,-3.338264774,0.441238817,30.93333333,0.0,0.0,0.0,0.0,0.0,2.474203405,5.891044443,7403.329518,1.346694284,304534.8519,7.350129871,0.0,0.0,0.0,11.56648989,0.0,0.0,23.62247324,0.0,0.0,34.56299669,23.62247324,9.589074368,0.0,-3.334528534,-6.37302289,-2.993883115,-13.2146899,0.4,0,0,2,0.93664973,0.001566189,0.977135288,623.8934163,1740.465125,0.447789909
Zn-NN,8.803706656,0.855056689,-5.622297808,0.381110318,45.9047619,0.0,0.0,0.0,0.0,0.0,2.836400975,9.863778887,8800.682155,3.006781101,6556851407.0,9.554131357,0.0,0.0,0.0,11.67123957,0.0,0.0,7.285565806,0.0,0.0,17.60308251,9.984809465,0.0,9.984809465,-5.622297808,-4.927583302,-18.39369103,-44.02094816,0.875,0,0,0,0.809407838,0.000547259,0.939224596,1716.23328,2744.890504,0.66626407
Zn-U,12.85826911,1.770702379,-4.917799421,0.18637265,39.40740741,0.0,0.0,0.0,0.0,0.0,3.117461921,6.916093654,8902.271933,1.623841399,856671000000.0,21.34465899,0.0,0.0,5.483034225,11.93861058,0.0,0.0,25.16622142,7.125946564,0.0,27.43705012,25.16622142,9.589074368,7.125946564,-4.37069891,-5.386948302,-3.841857549,-3.541404757,0.727272727,0,2,2,0.999916983,0.002775219,0.994683833,358.4163564,27668.38068,0.021292841
ZnAc2,10.6259812,1.485331633,-2.919007818,0.39034439,21.33333333,0.0,0.0,0.0,0.0,0.0,1.997929062,3.924113467,6721.715834,0.709279327,805.165412,4.44304067,0.0,0.0,0.0,11.93861058,0.0,0.0,0.0,7.125946564,0.0,27.43705012,0.0,9.589074368,7.125946564,-2.692453704,-2.970663265,0.0,-5.838015637,0.5,0,2,2,0.994924224,0.011739841,0.999530789,85.14006258,845.6987973,0.097390891
ZnEt2,7.210763889,2.66875,-3.09375,0.339656431,49.6,0.0,0.0,0.0,0.0,0.0,1.772997242,4.893994099,7645.577869,0.229639663,484.0282471,4.623376623,0.0,0.0,0.0,0.0,0.0,0.0,9.934529239,0.0,0.0,17.12660344,0.0,0.0,0.0,-3.09375,0.0,0.0,-5.905555556,1.0,0,0,0,0.988637945,0.015197288,0.88557555,58.27194811,343.3039879,0.166036352
ZnMe2,6.644097222,2.140625,-2.333333333,0.309758588,45.33333333,0.0,0.0,0.0,0.0,0.0,1.143155878,3.746417931,7310.862867,0.0,27.43574108,2.623376623,0.0,0.0,0.0,0.0,0.0,0.0,10.89246367,0.0,0.0,17.12660344,0.0,0.0,0.0,-2.333333333,0.0,0.0,0.0,1.0,0,0,0,0.998779491,0.156564444,0.999982421,6.387033957,129.3119286,0.200510492
ZnOA2,13.2745789,2.770471851,-5.32304087,0.045222754,46.82926829,0.0,0.0,0.0,0.0,0.0,0.702995813,7.64601741,10653.82631,2.061341399,2.33e+29,35.24066539,77.43303325,12.7458498,0.0,11.93861058,0.0,0.0,24.20828698,7.125946564,0.0,27.43705012,24.20828698,9.589074368,7.125946564,-4.739565677,-5.900899434,-11.12376346,-8.457295708,0.833333333,0,2,2,0.986421947,6.83e-05,0.865589381,12668.77721,66771.65156,0.045227562
ZnSA2,13.333286,3.029250844,-5.563408986,0.054778913,48.3902439,0.0,0.0,0.0,0.0,0.0,0.67928869,7.75069023,10698.96759,2.061341399,4.94e+32,35.75816783,90.17888305,0.0,0.0,11.93861058,0.0,0.0,0.0,7.125946564,0.0,27.43705012,0.0,9.589074368,7.125946564,-4.836215223,-6.058501689,0.0,-8.588993291,0.944444444,0,2,2,0.985555748,5.95e-05,0.833758777,14014.63481,68997.54324,0.010755438
Zr(CO3)2,9.951134259,0.821018519,-3.783009259,0.402392596,13.33333333,0.0,0.0,0.0,0.0,0.0,1.577978424,2.011653329,28802.83536,2.998704512,75.74296433,1.287459717,0.0,0.0,0.0,12.31073126,0.0,0.0,0.0,11.25270965,0.0,22.02793524,0.0,9.589074368,11.25270965,-3.783009259,0.0,0.0,0.0,0.0,0,0,2,0.994931618,0.012286943,0.999830546,81.3734187,809.1150664,0.135344753
Zr-IOIC,10.8883537,0.0,-10.8883537,0.732261396,44.71428571,0.0,0.0,0.0,0.0,0.0,2.766408819,-2.25e-06,55197.49968,7.095501977,2467937651.0,8.511474065,0.0,0.0,0.0,0.0,1.431199657,0.0,0.0,0.0,0.0,32.23677525,0.0,0.0,0.0,-10.8883537,0.0,0.0,-44.59830971,1.0,1,0,0,0.537983662,0.000396307,0.909424504,2294.745473,2475.692185,0.794230914
[Rh(CO)2Cl]2,10.23990556,1.344691358,-3.225227778,0.0,33.33333333,0.0,0.0,0.0,0.0,0.0,2.066846186,2.85971811,18325.24017,41.18432958,396.8344677,4.457588742,0.0,0.0,0.0,0.0,0.0,0.0,0.0,13.95009953,0.0,44.19680627,0.0,18.6086993,0.0,-6.450455556,0.0,0.0,2.689382716,0.0,0,0,0,0.910002911,0.001255006,0.937640048,747.119903,1689.643995,0.237137175
CHCl3,6.233796296,1.833333333,-1.833333333,0.427859176,15.25,0.180106635,-0.087411528,35.58227356,-1.545926292,1.960652685,0.721928095,3.023715784,22.36452798,0.0,3.609640474,2.128397933,34.80281967,0.0,1.370758556,34.80281967,0.0,0.0,0.0,0.0,34.80281967,0.0,0.0,0.0,0.0,14.18287037,0.0,0.0,0.0,1.0,0,0,0,0.855225102,0.00325973,0.518455168,159.0485205,159.1094233,0.565270427
CYH,7.389583333,3.529166667,-3.529166667,0.422316187,104.0,0.026652986,-0.053305973,14.014,-1.8549,0.504,2.139837841,3.716516377,247.7052751,0.1875,2781.789193,2.222222222,38.23754941,0.0,0.0,0.0,0.0,0.0,0.0,0.0,0.0,0.0,0.0,0.0,0.0,0.0,0.0,0.0,0.0,1.0,0,0,0,0.821292767,0.004843805,0.571000988,117.8827349,117.9848152,0.439687861
DBE,7.991494237,0.784093017,-3.305690783,0.73120069,25.33333333,0.072096641,-0.37209674,16.47334155,-1.928075934,0.106935367,2.598389781,2.683923922,861.2741721,0.729639663,860586.6954,5.322711058,60.42418708,11.12690298,32.30859027,0.0,0.0,0.0,71.55109006,0.0,0.0,17.85483344,60.42418708,0.0,0.0,0.0,0.0,-8.86556981,-6.611381567,0.142857143,0,0,0,0.978748036,0.002382323,0.879843376,369.3216212,1584.584205,0.200077959
DCB,7.215185185,0.136419753,-0.366296296,0.528586339,16.25,0.063895014,-0.082713195,35.49826032,-1.618361442,1.708880921,2.081571824,3.603567451,231.8128652,0.470973355,416.3143648,2.3818409,35.2867172,12.08483742,15.52830085,23.20187978,0.0,0.0,34.21494146,0.0,23.20187978,0.0,24.16967483,0.0,0.0,11.03481481,0.0,-1.338765432,0.0,0.0,0,0,0,0.9038756,0.002136565,0.57220493,267.8153517,358.2209305,7.36e-07
DDE,7.944557823,1.657405217,-4.689220758,0.34551355,51.0,0.056959607,-0.103082979,13.95367087,-1.790271405,0.577538003,2.642520575,7.205619803,848.812966,0.25,3851862.188,10.74,57.51443817,12.7458498,4.112275669,0.0,0.0,0.0,12.58311071,0.0,0.0,0.0,12.58311071,0.0,0.0,0.0,0.0,-1.797886398,-5.606904082,0.833333333,0,0,0,0.999802685,0.014781553,0.989510353,66.94224563,3334.624361,0.059470184
DE,8.032590689,4.083550558,-4.934526339,0.353716487,53.88235294,0.056654498,-0.381452449,16.47286761,-1.967710451,0.125388753,2.846570254,7.354494887,1161.683497,0.377577591,1304864141.0,15.96,77.43303325,12.7458498,5.483034225,0.0,0.0,13.11797049,0.0,0.0,0.0,4.736862954,0.0,0.0,4.736862954,0.0,0.0,0.0,-17.99700939,1.0,0,0,0,0.999943114,0.009987957,0.994913376,99.61129658,9291.439622,0.033742979
DPE,7.724480348,0.60228647,-0.664063681,0.670036385,20.30769231,0.126927749,-0.457384598,16.48049519,-1.809828901,0.482496726,2.536932571,2.712767403,690.9545331,0.681186218,89046.33324,3.764211048,36.25451225,24.16967483,13.70758556,0.0,0.0,0.0,60.42418708,4.736862954,0.0,0.0,60.42418708,0.0,0.0,0.0,-1.20457294,-6.470801629,0.0,0.0,0,0,0,0.985176403,0.004416181,0.943412627,213.6263579,1174.843917,0.241831855
ESE,8.267446077,1.815825641,-5.305176436,0.18802741,53.0,0.056959607,-0.103082979,14.0009025,-1.831053794,0.529761481,3.013958561,7.941044799,1606.554603,0.5,62204559580.0,18.74,108.4978374,12.7458498,4.112275669,0.0,0.0,0.0,12.58311071,0.0,0.0,0.0,12.58311071,0.0,0.0,0.0,0.0,-1.976136015,-5.984377641,0.9,0,0,0,0.999963501,0.007612787,0.997079151,130.9742656,15284.92379,0.029283693
HD,8.148257984,4.109026336,-5.130312264,0.314904724,56.5,0.026652986,-0.065382383,13.98776473,-1.820880253,0.538019747,2.850675916,7.699785058,1138.512323,0.375,888504556.2,15.0,102.9247329,0.0,0.0,0.0,0.0,0.0,0.0,0.0,0.0,0.0,0.0,0.0,0.0,0.0,0.0,0.0,-8.218052673,1.0,0,0,0,0.999927162,0.010151622,0.994310083,97.94593604,8069.050804,0.038317679
HDE,8.138947284,1.75389754,-5.058170417,0.255573929,52.25,0.056959607,-0.103082979,13.98453007,-1.817973134,0.544675155,2.851945682,7.646661308,1218.840991,0.375,494663541.8,14.74,83.00613778,12.7458498,4.112275669,0.0,0.0,0.0,12.58311071,0.0,0.0,0.0,12.58311071,0.0,0.0,0.0,0.0,-1.907555012,-5.838779116,0.875,0,0,0,0.999922465,0.0101637,0.995575573,97.95404963,7831.439249,0.043525097
MXY,7.592824074,0.788657407,-2.863425926,0.475757685,30.5,0.06283108,-0.061740871,13.8660978,-1.709763566,1.386522421,2.094153149,3.83454349,439.1168761,0.34375,3635.449866,1.993744712,35.29657781,13.70378423,5.483034225,0.0,0.0,0.0,35.29657781,0.0,0.0,0.0,24.16967483,0.0,0.0,0.0,0.0,-3.249768519,-5.726851852,0.25,0,0,0,0.942279954,0.004790463,0.680102099,141.9700006,288.3709127,0.078350077
ODE,8.209139526,1.787912716,-5.192810138,0.216374714,52.66666667,0.056959607,-0.103082979,13.9937663,-1.825576324,0.535953363,2.937498338,7.807184724,1410.752135,0.4375,5557819363.0,16.74,95.75198758,12.7458498,4.112275669,0.0,0.0,0.0,12.58311071,0.0,0.0,0.0,12.58311071,0.0,0.0,0.0,0.0,-1.94539707,-5.919040732,0.888888889,0,0,0,0.999948663,0.008788586,0.996460528,113.3812063,11150.05816,0.036077479
PEG,7.677845241,3.405978974,-4.462499691,0.35308032,40.21052632,0.21015563,-0.393980325,16.56050547,-2.135567348,-0.015119426,2.742697642,6.234140056,932.2482804,0.335910924,155358295.0,17.72,0.0,0.0,111.6060283,0.0,2.862399314,78.70782291,0.0,0.0,0.0,23.68431477,0.0,0.0,33.90193115,0.0,0.0,0.0,-50.57628953,1.0,2,0,0,0.999967114,0.010027026,0.995920171,99.32358188,12197.18824,0.030861884
PL,8.37474537,0.481571397,-0.822757149,0.300507137,16.81818182,0.401735246,-0.507449955,16.35804339,-1.832375301,0.367585816,2.796530469,2.598151127,1222.80277,1.727428766,16092802.38,4.589937947,0.0,0.0,18.45966298,10.96924436,8.587197943,0.0,30.21209354,0.0,0.0,0.0,34.62924448,0.0,30.65284915,0.0,-5.185867464,-3.883949669,0.0,0.0,6,0,0,0.982640211,0.000970452,0.814518076,839.3183015,3684.963952,8.96e-05
TBT,8.042824074,1.093263416,-3.822326153,0.529304845,37.45454545,0.062862667,-0.061709886,14.16541043,-2.101256518,0.589520222,2.343876181,4.421963063,691.3905998,0.53125,131482.0782,2.689337151,50.28880267,17.83033408,5.483034225,0.0,0.0,0.0,35.29657781,0.0,0.0,5.414990469,24.16967483,0.0,0.0,0.0,0.0,-4.92659675,-14.70667989,0.454545455,0,0,0,0.947690708,0.00311712,0.820362725,263.1796886,676.4082112,0.287002859
TCB,7.270740741,0.080864198,-0.267530864,0.536102155,14.33333333,0.065473842,-0.084287094,35.49901419,-1.659379504,1.704596868,2.081571824,3.603567451,232.3030902,0.773424318,416.3143648,2.782200282,34.80281967,18.12725612,14.1575423,34.80281967,0.0,0.0,33.19515606,0.0,34.80281967,0.0,18.12725612,0.0,0.0,16.61716049,0.0,-0.719382716,0.0,0.0,0,0,0,0.969705485,0.00271375,0.755723264,278.4793394,861.5353963,5.08e-07
TDE,8.052807238,1.711548068,-4.893937193,0.302902879,51.71428571,0.056959607,-0.103082979,13.9719414,-1.806986116,0.557516162,2.754833026,7.450588046,1031.315196,0.3125,43803194.98,12.74,70.26028798,12.7458498,4.112275669,0.0,0.0,0.0,12.58311071,0.0,0.0,0.0,12.58311071,0.0,0.0,0.0,0.0,-1.859847388,-5.737808874,0.857142857,0,0,0,0.999869149,0.011668771,0.994522033,85.22937101,5239.802705,0.056037064
UDE,7.900977891,3.950866455,-4.705017007,0.452617751,56.72727273,0.026652986,-0.065382383,13.94955588,-1.786816921,0.572083079,2.576582922,7.151385139,710.2725315,0.21875,2043433.807,10.0,71.06010835,0.0,0.0,0.0,0.0,0.0,0.0,0.0,0.0,0.0,0.0,0.0,0.0,0.0,0.0,0.0,-7.90173291,1.0,0,0,0,0.999696309,0.014914369,0.988272602,66.26311676,2657.363621,0.074051086
hexane,7.389583333,3.602508503,-3.913541667,0.462954281,57.33333333,0.026642709,-0.065382385,13.81562221,-1.657035798,0.701864202,2.123974153,6.082753304,318.8408681,0.0625,4286.179841,5.0,39.19548384,0.0,0.0,0.0,0.0,0.0,0.0,0.0,0.0,0.0,0.0,0.0,0.0,0.0,0.0,0.0,-7.205017007,1.0,0,0,0,0.997194014,0.027801226,0.965727288,34.73685993,448.1178218,0.19295822
mesitylene,7.696990741,0.962268519,-3.025925926,0.493392712,33.33333333,0.062831404,-0.056365285,13.93108972,-1.776682552,1.322148357,2.072472133,4.041188782,456.0250784,0.46875,10561.31799,2.218872017,34.8176106,20.55567635,4.112275669,0.0,0.0,0.0,34.8176106,0.0,0.0,0.0,18.12725612,0.0,0.0,0.0,0.0,-3.005555556,-9.077777778,0.333333333,0,0,0,0.861812393,0.001755876,0.509375037,290.0974052,291.325832,0.085786244
octane,7.64375,3.78205428,-4.291666667,0.480610605,57.0,0.026652817,-0.065382383,13.89465923,-1.734405856,0.624494144,2.340842372,6.612913906,468.2896327,0.125,51528.96314,7.0,51.94133364,0.0,0.0,0.0,0.0,0.0,0.0,0.0,0.0,0.0,0.0,0.0,0.0,0.0,0.0,0.0,-7.56410856,1.0,0,0,0,0.999007718,0.020723986,0.979111815,47.24534244,1038.643276,0.12506327
squalane,8.969893096,4.721171448,-6.155543553,0.161239106,62.66666667,0.029984786,-0.062773609,14.14719544,-2.013993785,0.368682765,0.667963616,9.656127257,2428.789725,0.9375,8.86e+21,19.66782007,156.7819354,35.36374611,0.0,0.0,0.0,0.0,0.0,0.0,0.0,0.0,0.0,0.0,0.0,0.0,-34.33989077,0.0,-40.66831088,1.0,0,0,0,0.999690916,0.001189112,0.988712198,831.4711726,33067.1948,0.03757033
tetralin,7.884837963,0.817883125,-3.338567649,0.508629721,54.0,0.062570488,-0.061974403,14.10849832,-2.003193075,0.685465716,2.372525636,3.110019923,601.6062008,0.6875,30266.30953,2.451790186,24.16967483,36.61860259,5.483034225,0.0,0.0,0.0,35.29657781,0.0,0.0,12.7458498,24.16967483,0.0,0.0,0.0,0.0,-3.433451436,0.0,0.4,0,0,0,0.954644155,0.004032634,0.736148593,182.5478226,451.3273566,0.147066502
toluene,7.358449074,0.585185185,-2.700925926,0.45880628,26.85714286,0.062549718,-0.062249086,13.78210528,-1.622155593,1.475756642,2.094639701,3.68073572,375.4268163,0.25,1235.837423,1.78328604,35.77554503,6.851892117,6.853792781,0.0,0.0,0.0,35.77554503,0.0,0.0,0.0,30.21209354,0.0,0.0,0.0,0.0,-3.162731481,-2.700925926,0.142857143,0,0,0,0.948719525,0.00757474,0.694815301,91.72793914,201.613832,0.058591982
