Z_product,Z_joint,Z_ops,T_inj,T_rea,t,alpha_inorg,beta_inorg,alpha_org,beta_org,Size
-2.745534,1.5497216,1.0456803,120.0,120.0,0.5,0.8237609,0.17623903,0.6823632,0.31763682,32.78
-0.07247263,-1.1032481,1.441218,30.0,30.0,0.25,0.85849565,0.14150438,0.66539073,0.3346093,4.2000003
-3.7098951,-0.27124557,-1.3501378,180.0,180.0,60.0,0.8174826,0.18251744,0.639891,0.36010894,39.11
-0.19925074,-0.31426564,0.033473663,180.0,180.0,0.5,0.79702383,0.20297618,0.6935622,0.3064378,10.39
1.1577964,-1.0215834,-1.3748122,180.0,190.0,60.0,0.81474495,0.18525511,0.6450661,0.3549339,6.39
-1.704436,-1.6145843,1.436659,25.0,25.0,1.0,0.8604497,0.13955031,0.66374177,0.33625823,9.93
-0.93548656,-1.1719595,-1.1752744,160.0,200.0,210.0,0.86011297,0.13988696,0.509424,0.490576,14.5
-0.5411444,-1.6553744,0.8867338,50.0,185.0,0.0167,0.8172727,0.18272726,0.73300135,0.26699868,6.2900004
-0.17423266,0.099176966,-1.4368433,350.0,350.0,0.333,0.7055228,0.29447722,0.7241872,0.27581275,19.41
0.9524719,-1.6893808,-1.0927854,25.0,190.0,60.0,0.8386894,0.16131066,0.6925046,0.3074954,7.9700003
1.1545055,-0.46071056,-1.6062498,200.0,200.0,90.0,0.8187126,0.18128735,0.6154543,0.38454562,14.17
-0.20496796,-1.0855683,0.9499196,140.0,140.0,3.0,0.81600124,0.18399876,0.68392724,0.31607276,7.1400003
-0.20496796,-0.21083915,1.1912065,100.0,100.0,10.0,0.83495086,0.16504908,0.6700994,0.32990068,10.88
0.5875617,-0.75299877,-0.6349087,25.0,180.0,180.0,0.873486,0.12651403,0.57478213,0.4252179,10.1
0.51824915,-1.7672757,-0.1962811,25.0,120.0,60.0,0.8552279,0.14477213,0.6579441,0.34205592,1.9000003
-1.7090745,-0.5326956,1.0493019,120.0,120.0,0.0167,0.8236057,0.17639427,0.68278897,0.31721103,11.4
-4.42991,-2.104028,0.23851937,105.0,160.0,30.0,0.8249868,0.17501312,0.68039197,0.31960803,9.05
0.301921,-2.1629617,-1.474464,280.0,280.0,30.0,0.7581625,0.24183752,0.6865049,0.3134951,5.7000003
3.3381593,-1.5346448,-1.1676538,25.0,300.0,30.0,0.7992306,0.20076942,0.76524746,0.23475257,2.8600004
0.14382733,-0.95871645,-1.8943212,300.0,300.0,60.0,0.7596748,0.24032517,0.6635683,0.3364317,13.7
-6.368494,-0.5923387,-0.70716405,240.0,240.0,2.0,0.7679675,0.23203248,0.7032661,0.2967339,36.68
0.12961115,-0.42764837,-1.6635048,25.0,220.0,120.0,0.8489609,0.1510391,0.6537302,0.3462698,13.0
-2.0236852,-1.4361572,0.58557284,170.0,170.0,0.125,0.8015495,0.19845049,0.6920361,0.30796394,11.55
1.1545055,-0.48402897,0.41992128,160.0,160.0,10.0,0.8095188,0.19048113,0.6815289,0.31847107,4.4100003
0.64739835,0.8070778,-0.5540761,230.0,230.0,3.0,0.7734898,0.22651027,0.7005961,0.2994039,11.9
-0.7866019,-0.47379777,-0.049044244,180.0,190.0,0.0167,0.7938818,0.20611826,0.6987434,0.3012566,13.77
0.64739835,-1.4825048,0.5179256,180.0,160.0,2.0,0.80338687,0.19661312,0.6825829,0.31741714,6.5
-5.910591,-0.32565352,0.02641657,25.0,160.0,30.0,0.83711123,0.16288877,0.70396465,0.29603538,28.1
-1.6142938,-1.6309097,0.7917885,151.0,151.0,0.017,0.8101439,0.18985616,0.6885981,0.31140196,6.54
-0.5411444,-1.6493158,-0.9291584,50.0,185.0,240.0,0.88377935,0.11622066,0.50852424,0.49147576,8.54
-4.418028,-0.3024103,0.037347466,180.0,180.0,0.333,0.7969641,0.20303595,0.6937065,0.3062935,30.12
-1.9083992,-0.48224798,-0.4889673,230.0,230.0,0.167,0.7723901,0.22760984,0.70300686,0.2969932,29.33
0.71945286,-0.8946294,-1.1569431,90.0,220.0,60.0,0.82106715,0.17893286,0.68772835,0.31227162,11.96
-1.4500655,-0.5674971,-0.84769416,180.0,180.0,20.0,0.80391127,0.19608878,0.67645687,0.32354307,18.18
-1.704436,-1.5044347,0.813941,150.0,150.0,0.0167,0.81059,0.18940997,0.68841183,0.31158817,8.58
-2.3825579,-1.3175461,-0.7509624,25.0,290.0,5.0,0.7932201,0.2067799,0.77916217,0.22083783,10.91
1.1545055,-0.4978148,0.93464243,140.0,140.0,5.0,0.81666446,0.18333557,0.68216664,0.31783336,5.5600004
-1.1697581,-0.7418969,-1.2332882,275.0,275.0,5.0,0.750609,0.249391,0.70705736,0.29294258,16.9
-2.724994,-1.9899489,-0.7076906,25.0,250.0,30.0,0.8134682,0.18653172,0.7444101,0.2555899,12.09
-0.93548656,-1.1740521,-1.0623022,160.0,190.0,210.0,0.8622936,0.13770643,0.5037925,0.49620745,13.1
2.084927,-0.87821,-0.84769416,180.0,180.0,20.0,0.80391127,0.19608878,0.67645687,0.32354307,7.31
-0.14797877,-0.8326672,-0.9573493,170.0,170.0,60.0,0.8217757,0.17822431,0.6378849,0.36211506,7.9500003
-0.93548656,-1.8259846,-1.3411866,25.0,230.0,60.0,0.8285717,0.17142835,0.71135503,0.28864497,9.0
0.740818,-1.9125081,-1.3286674,220.0,220.0,60.0,0.799508,0.20049204,0.6478662,0.35213375,5.08
1.976955,-0.082651846,0.2415279,105.0,105.0,180.0,0.8789555,0.12104453,0.50543475,0.49456525,8.84
-1.6984288,-0.29756835,-1.2353144,160.0,300.0,10.0,0.7670074,0.2329926,0.7457789,0.25422102,13.64
-5.112322,0.6554985,1.3089899,80.0,80.0,0.5,0.8399964,0.1600036,0.6747771,0.3252229,31.82
-1.6142938,-1.6323947,0.6929493,160.0,160.0,0.017,0.8060912,0.19390884,0.6902737,0.30972633,7.56
-2.3938437,-0.5070538,-0.8021784,25.0,260.0,30.0,0.8106843,0.18931568,0.7486731,0.25132695,10.95
1.4909868,-1.605225,-1.3739561,295.0,275.0,35.0,0.75889194,0.24110809,0.6751305,0.3248695,4.6800003
-1.2573694,-0.5931369,-1.374115,295.0,295.0,5.0,0.739579,0.26042098,0.7106465,0.2893535,21.0
-1.3852432,-0.93630016,0.566437,170.0,170.0,1.0,0.8018572,0.19814287,0.6912773,0.3087227,8.58
1.1545055,-0.4787843,-1.1549037,180.0,180.0,40.0,0.8107902,0.18920985,0.6584094,0.34159058,14.38
0.59674144,-1.4629998,-1.5620062,25.0,200.0,90.0,0.8450918,0.15490815,0.6709314,0.32906857,6.2000003
3.6051545,-0.7773264,-0.80327606,230.0,230.0,20.0,0.780009,0.21999103,0.68589854,0.31410143,3.2
-1.0048336,-1.6777948,-0.6765324,240.0,240.0,0.5,0.7673758,0.23262414,0.70453733,0.29546267,8.58
-1.0561737,-0.92269903,-1.1250154,25.0,250.0,45.0,0.81844974,0.18155031,0.73263365,0.26736635,16.4
-2.6857946,-0.6322434,-0.70716405,240.0,240.0,2.0,0.7679675,0.23203248,0.7032661,0.2967339,25.289999
-0.62826645,0.12841685,-1.254606,300.0,270.0,180.0,0.8132114,0.18678863,0.5308885,0.46911153,9.0
1.1545055,-0.5899143,0.41992128,160.0,160.0,10.0,0.8095188,0.19048113,0.6815289,0.31847107,7.09
0.71945286,-0.23001367,0.018975645,120.0,120.0,60.0,0.8420588,0.15794118,0.62778324,0.37221676,13.6
-3.4874158,-0.5145845,-0.3244033,180.0,180.0,10.0,0.8004015,0.19959849,0.6852916,0.31470844,28.81
-3.562356,-0.4708133,0.9990515,130.0,130.0,0.75,0.8195869,0.18041307,0.6840252,0.31597477,15.2
-1.3803933,-0.74506,-1.2100981,160.0,240.0,20.0,0.78969055,0.21030945,0.7110285,0.28897145,15.66
3.1271765,-1.0672352,-0.6844935,220.0,220.0,20.0,0.7849516,0.21504834,0.6840222,0.3159778,3.1500003
3.3381593,-1.2465059,1.1396925,25.0,100.0,12.0,0.8463866,0.15361339,0.69088507,0.30911496,0.90000033
1.1545055,-0.48978534,-0.23755111,160.0,160.0,20.0,0.81290567,0.18709427,0.6726391,0.3273609,12.47
-1.6142938,-1.6375252,-0.07217998,200.0,200.0,0.017,0.7872866,0.2127134,0.6976602,0.30233973,14.44
0.687352,-1.6808795,-1.023863,190.0,190.0,300.0,0.8809145,0.119085476,0.4031675,0.5968325,5.1
-0.4452201,-1.2460979,-1.2061965,25.0,320.0,30.0,0.79331213,0.20668788,0.7732452,0.22675478,9.78
0.09432659,-1.137818,-0.3695076,250.0,200.0,15.0,0.7837734,0.21622658,0.66953576,0.3304643,11.55
-1.8619633,-1.5317618,-1.7170017,150.0,285.0,30.0,0.7814067,0.21859327,0.7261035,0.27389655,16.66
-0.24986637,-1.4113213,-1.4005643,300.0,300.0,5.0,0.7367727,0.26322734,0.71153975,0.28846028,7.57
-0.9579921,-0.11815592,-1.2319874,245.0,245.0,180.0,0.8286385,0.17136155,0.5358076,0.46419236,20.0
-5.556771,-1.8649362,0.044566214,180.0,180.0,0.0167,0.7968508,0.20314917,0.6939797,0.3060203,8.31
-1.704436,-1.4995795,0.58557284,170.0,170.0,0.125,0.8015495,0.19845049,0.6920361,0.30796394,9.9
3.3381593,-0.3364173,-0.17437166,160.0,160.0,180.0,0.86090815,0.13909191,0.51738423,0.4826158,4.57
1.1545055,-0.51407945,-1.3286674,220.0,220.0,60.0,0.799508,0.20049204,0.6478662,0.35213375,12.88
0.28806418,-1.8910793,-0.6803466,200.0,200.0,30.0,0.7981797,0.2018203,0.67134315,0.32865685,3.6799996
2.084927,-1.7537004,-0.8565738,180.0,220.0,30.0,0.79577047,0.20422949,0.68718565,0.31281433,2.9000003
-0.010844635,-1.2505199,1.44066,25.0,25.0,0.0167,0.8601883,0.13981164,0.6646335,0.33536646,3.45
0.2470844,2.1288471,0.13973635,100.0,100.0,60.0,0.84963083,0.1503692,0.6237106,0.37628946,27.96
3.3381593,-0.62983316,-0.7076906,25.0,250.0,30.0,0.8134682,0.18653172,0.7444101,0.2555899,4.32
1.4853187,-1.6267568,-1.5417352,25.0,310.0,60.0,0.80683845,0.19316155,0.7469126,0.25308743,4.5
2.084927,-1.2981778,-0.6844935,220.0,220.0,20.0,0.7849516,0.21504834,0.6840222,0.3159778,6.1
0.301921,-2.1637435,-0.5327841,280.0,200.0,30.0,0.78390557,0.21609445,0.6464774,0.35352263,6.5
-2.64964,0.9868146,1.3595257,70.0,70.0,0.167,0.843764,0.156236,0.67316395,0.32683605,22.099998
0.84679663,-1.8694222,-0.6137165,168.0,168.0,100.0,0.8351665,0.1648335,0.5991229,0.40087718,4.44
0.9524719,-0.19548312,-0.6962879,170.0,170.0,30.0,0.8118502,0.18814977,0.6655619,0.33443812,13.88
-0.5411444,1.756223,-0.56405246,210.0,210.0,15.0,0.7879716,0.21202838,0.68653154,0.31346843,33.0
0.84679663,-0.7867955,0.93464243,140.0,140.0,5.0,0.81666446,0.18333557,0.68216664,0.31783336,6.35
1.9868374,-1.222245,-0.32338563,220.0,220.0,1.0,0.77777374,0.22222628,0.70047796,0.29952207,3.5000002
1.6144052,-1.2902837,-1.096103,150.0,180.0,60.0,0.8222662,0.17773375,0.64939815,0.35060188,2.9999998
-1.6142938,-1.6672151,1.4399993,25.0,25.0,0.167,0.86022836,0.13977166,0.6644973,0.33550268,9.48
1.6293457,-1.9020689,-0.7271403,240.0,240.0,2.85,0.7683023,0.23169768,0.70254433,0.29745567,2.8
3.4573393,0.47465962,-0.71816206,100.0,240.0,30.0,0.8037603,0.19623971,0.71965075,0.28034928,7.5
-0.19925074,-0.44909027,0.033473663,180.0,180.0,0.5,0.79702383,0.20297618,0.6935622,0.3064378,10.27
-1.9349736,-0.40090647,-1.0416892,25.0,280.0,30.0,0.80502117,0.19497882,0.75705624,0.24294376,24.73
-2.482947,-1.7697777,-1.1485783,220.0,220.0,240.0,0.85585773,0.14414226,0.46948043,0.5305196,12.86
1.1545055,-0.9646884,-1.3501378,180.0,180.0,60.0,0.8174826,0.18251744,0.639891,0.36010894,7.4700003
-0.07247263,-1.5200942,1.3847346,60.0,60.0,5.0,0.8489301,0.15106988,0.6668968,0.33310315,3.26
0.015542014,-0.7528653,-0.16208984,25.0,170.0,180.0,0.8754883,0.12451176,0.56926656,0.43073344,35.6
-1.7090745,-0.4799005,-0.049044244,180.0,190.0,0.0167,0.7938818,0.20611826,0.6987434,0.3012566,12.59
0.84679663,-1.7399827,-0.42556405,160.0,130.0,60.0,0.8337156,0.16628434,0.6200854,0.37991458,3.8999999
1.9533007,-0.8105634,1.2506335,88.0,88.0,2.5,0.83745223,0.16254783,0.674519,0.325481,2.4599998
0.22497924,-1.0571429,1.3282675,75.0,75.0,2.0,0.84237933,0.1576207,0.67248034,0.32751966,4.2799997
-1.2582397,-1.3268082,-1.1539118,110.0,220.0,60.0,0.8178723,0.18212765,0.68175566,0.31824437,12.42
2.084927,-1.249507,-1.6047097,180.0,240.0,60.0,0.8005808,0.19941925,0.6704167,0.32958323,9.2
0.4368487,0.29626676,-1.5501704,25.0,290.0,60.0,0.8124612,0.18753888,0.7383004,0.26169962,16.93
0.71945286,-1.0529023,-1.3501378,180.0,180.0,60.0,0.8174826,0.18251744,0.639891,0.36010894,11.0
-0.53678554,-1.3324909,-0.9693755,260.0,260.0,0.333,0.7567793,0.24322072,0.70828485,0.29171512,11.8
-4.418028,-1.6000725,0.8717031,25.0,120.0,15.0,0.8424653,0.1575347,0.69785863,0.30214134,13.28
-0.12279551,-0.96210045,-1.511874,25.0,320.0,60.0,0.80397946,0.19602057,0.75114775,0.24885225,9.92
-0.7967495,-1.0428014,-1.511874,25.0,320.0,60.0,0.80397946,0.19602057,0.75114775,0.24885225,10.2
-0.60894513,-1.2579623,-0.72240233,160.0,230.0,10.0,0.78904665,0.2109534,0.7147396,0.28526035,11.06
-0.4452201,0.29267457,-1.1180117,25.0,290.0,30.0,0.8021418,0.19785817,0.76117593,0.2388241,25.3
-0.23518248,-1.519552,-1.3531278,25.0,250.0,180.0,0.8586886,0.14131142,0.61280024,0.38719973,11.2
0.14382733,-1.275167,0.08967273,25.0,240.0,5.0,0.8077816,0.19221845,0.75917125,0.24082872,6.9500003
1.1545055,-0.4794816,-1.2540947,200.0,200.0,60.0,0.80865633,0.19134368,0.6438886,0.35611138,12.97
0.723166,-0.81070507,-1.5434659,25.0,280.0,60.0,0.8152249,0.18477511,0.733924,0.266076,11.88
1.43909,-1.0661216,0.6574877,150.0,150.0,10.0,0.8139567,0.18604335,0.6796386,0.32036138,5.9
1.8080336,1.6549593,0.2415279,105.0,105.0,180.0,0.8789555,0.12104453,0.50543475,0.49456525,13.690001
-0.41446418,-1.1265429,1.1385438,100.0,100.0,20.0,0.83797604,0.16202392,0.6610491,0.33895084,6.2000003
-0.66834706,-1.0642627,-1.0371373,25.0,190.0,180.0,0.8714562,0.12854375,0.58027905,0.41972092,9.59
3.6051545,-0.5914522,-0.7341631,250.0,230.0,20.0,0.7762808,0.22371913,0.6799071,0.3200929,2.4999998
1.1545055,-0.4989951,-0.5757775,220.0,220.0,10.0,0.7811949,0.21880506,0.6927441,0.30725592,12.400001
-2.3905869,-0.6978613,-1.1808407,330.0,330.0,360.0,0.8490598,0.15094024,0.37413543,0.62586457,18.0
0.9524719,-1.212203,1.1195171,110.0,110.0,0.083,0.82780606,0.17219396,0.6808441,0.31915593,2.6000001
0.59674144,-1.5027556,-0.55685925,200.0,190.0,15.0,0.79576385,0.20423622,0.67977285,0.32022712,9.71
-0.41446418,-1.1162071,0.018975645,120.0,120.0,60.0,0.8420588,0.15794118,0.62778324,0.37221676,8.0
1.7623365,-1.2974741,0.7724359,150.0,150.0,3.0,0.8116009,0.18839905,0.6858039,0.31419608,2.2
0.27108344,-1.2622453,1.4381326,40.0,40.0,0.0167,0.8548669,0.14513311,0.66753453,0.33246547,4.5
-0.30550376,-1.0796912,1.3019699,80.0,80.0,2.0,0.84044176,0.15955825,0.67343724,0.32656282,7.5
2.5974307,-1.5966171,-1.5276182,300.0,300.0,10.0,0.7389116,0.26108834,0.70734894,0.29265106,3.76
-1.7423922,-0.85116607,-1.5099229,240.0,240.0,60.0,0.7900357,0.20996428,0.65182346,0.3481766,23.24
2.4773784,-1.3220587,0.15116912,25.0,150.0,120.0,0.86461633,0.1353837,0.6172206,0.38277945,1.6999996
-0.44119453,-0.82413334,-0.07217173,200.0,200.0,0.0166,0.78728646,0.21271355,0.69766057,0.3023394,17.8
0.12961115,-1.1713613,-0.634639,215.0,215.0,20.0,0.78739256,0.21260746,0.68308175,0.31691825,7.5
-1.8619633,-1.5304693,-1.7170017,150.0,285.0,30.0,0.7814067,0.21859327,0.7261035,0.27389655,11.07
0.84679663,-0.72189736,1.1278908,110.0,110.0,10.0,0.83090985,0.16909012,0.6720187,0.32798126,6.28
0.9524719,-1.5955586,0.64475393,165.0,165.0,1.0,0.8041541,0.19584595,0.6903486,0.30965132,2.7
0.027593507,-1.5031015,-1.1079285,250.0,250.0,30.0,0.7737754,0.22622462,0.68086356,0.3191364,7.8
2.084927,-1.2112004,0.073205575,130.0,130.0,90.0,0.8469574,0.15304267,0.60095125,0.39904875,3.5000002
0.59674144,-0.18800098,-1.1374263,25.0,200.0,60.0,0.836206,0.16379397,0.6972812,0.30271876,16.0
0.85663676,-1.5874964,1.2832755,60.0,80.0,15.0,0.84707797,0.15292202,0.6678732,0.33212677,2.3000004
1.1545055,-0.49646842,0.41992128,160.0,160.0,10.0,0.8095188,0.19048113,0.6815289,0.31847107,11.09
1.1577964,-1.0212059,-0.9148487,120.0,190.0,60.0,0.8243249,0.17567508,0.66383415,0.33616585,9.55
1.7428236,0.059968047,-0.3236459,170.0,170.0,120.0,0.8403881,0.15961193,0.5798672,0.42013285,11.0
3.3381593,-1.0585941,0.09691146,60.0,90.0,60.0,0.85731214,0.1426879,0.6313786,0.36862138,4.5
-1.5108422,-1.648348,-0.6703084,240.0,240.0,0.167,0.7672444,0.23275563,0.70481914,0.2951809,12.67
3.6051545,-0.93964356,-0.5263343,240.0,210.0,20.0,0.7843851,0.2156149,0.6730736,0.32692638,1.9500005
3.6051545,-0.713909,-0.003825408,180.0,180.0,2.0,0.79756,0.20244002,0.6922644,0.30773565,2.2
-2.6857946,-1.6245362,0.9733883,130.0,130.0,5.0,0.82097256,0.17902744,0.68027836,0.31972167,8.66
-1.7335377,-1.129636,-0.16550118,25.0,240.0,15.0,0.8111921,0.1888079,0.75165904,0.248341,16.8
0.20425926,-1.5311157,-1.7170017,150.0,285.0,30.0,0.7814067,0.21859327,0.7261035,0.27389655,8.94
1.976955,-0.08298599,0.32467175,85.0,85.0,180.0,0.8850001,0.11499986,0.50108725,0.49891275,7.65
0.9524719,0.5113295,1.436659,25.0,25.0,1.0,0.8604497,0.13955031,0.66374177,0.33625823,12.8
-3.256619,0.11281671,0.41992128,160.0,160.0,10.0,0.8095188,0.19048113,0.6815289,0.31847107,12.28
-1.0048336,-1.4571466,-0.072173744,200.0,200.0,0.0167,0.78728646,0.2127135,0.6976605,0.3023395,7.11
0.9524719,-1.590169,0.7105216,25.0,150.0,2.0,0.831067,0.16893299,0.7226352,0.27736482,3.4000003
-3.4984875,-1.6374015,1.1167634,110.0,110.0,0.5,0.8279375,0.17206255,0.6804755,0.31952447,13.650001
-1.6978815,-0.88251305,-1.5151782,215.0,285.0,14.16,0.7629037,0.23709628,0.7209997,0.27900028,11.0
0.8792198,-1.1993065,-0.2391944,180.0,180.0,540.0,0.92830473,0.07169529,0.20151517,0.79848486,6.0000005
-0.26415893,0.39279398,-1.464368,25.0,330.0,60.0,0.8010885,0.1989115,0.7553353,0.24466473,22.0
-1.83271,-1.2977562,0.8134761,150.0,150.0,0.05,0.81060135,0.18939866,0.6883828,0.31161723,7.11
-0.33699745,0.7003148,1.2370911,90.0,90.0,6.0,0.837715,0.16228496,0.6717704,0.32822955,20.949999
-0.5639342,-1.3849308,-1.5970459,250.0,250.0,60.0,0.78517795,0.21482207,0.6537943,0.34620574,11.96
0.37322962,-1.6499118,-1.1676538,25.0,300.0,30.0,0.7992306,0.20076942,0.76524746,0.23475257,9.44
-1.0620083,-0.5497717,-0.7418189,25.0,180.0,60.0,0.8411421,0.15885782,0.6876864,0.31231365,16.4
2.287703,-0.90893716,-0.10390871,205.0,205.0,0.083,0.7848695,0.21513055,0.69852,0.30147997,2.7
2.3460915,-0.8862168,-1.0030315,260.0,260.0,2.0,0.75745726,0.24254277,0.7068825,0.29311758,5.23
2.5974307,-1.3069326,-0.84431326,250.0,250.0,1.0,0.76235205,0.23764798,0.7059223,0.2940777,2.2699997
2.5974307,-1.3057201,-0.9510805,250.0,250.0,5.0,0.763951,0.236049,0.7025346,0.2974654,2.7099998
0.12961115,-0.85203683,-0.78725284,100.0,250.0,30.0,0.80086696,0.19913308,0.72417367,0.27582636,9.03
1.9868374,-1.2260542,-0.40004075,200.0,220.0,2.0,0.78186136,0.21813858,0.7054064,0.29459357,4.0000005
2.287703,-0.90452725,-0.22044525,205.0,205.0,5.0,0.78669983,0.21330012,0.694293,0.30570695,3.6999996
-0.17423266,-1.4857424,-0.33059567,200.0,200.0,10.0,0.7909605,0.20903951,0.6890301,0.31096992,7.9500003
-3.519682,-0.43895134,1.0481477,120.0,120.0,0.167,0.823654,0.17634599,0.6826566,0.3173434,27.08
1.1545055,-0.48181504,-0.57284987,160.0,160.0,40.0,0.81953996,0.18046005,0.6544874,0.34551263,8.75
-1.357976,-0.78957784,-0.0786512,200.0,200.0,0.33,0.78740245,0.2125975,0.69739175,0.30260825,9.7
-1.0048336,-1.7941047,-0.6765324,240.0,240.0,0.5,0.7673758,0.23262414,0.70453733,0.29546267,8.24
0.84679663,-1.7472737,-0.52219707,160.0,160.0,90.0,0.83532023,0.16467983,0.6071902,0.39280978,4.5300007
0.14382733,-0.96711785,-1.9594346,300.0,300.0,75.0,0.76567906,0.23432101,0.64981925,0.35018077,17.0
0.7273143,0.28818575,-1.4330218,25.0,300.0,180.0,0.8472544,0.15274563,0.63916636,0.36083362,20.0
3.3381593,-0.07635679,0.1121251,105.0,105.0,60.0,0.8477662,0.15223372,0.6247304,0.3752696,5.92
-0.49532914,-1.644934,1.4300191,25.0,25.0,10.0,0.8628226,0.13717742,0.6555258,0.34447417,3.28
-1.4500655,-0.63446736,-0.84769416,180.0,180.0,20.0,0.80391127,0.19608878,0.67645687,0.32354307,14.7
1.1545055,-0.2995458,0.10025814,140.0,140.0,40.0,0.827971,0.17202903,0.65054417,0.3494558,9.31
-1.9747276,-1.6403422,1.44066,25.0,25.0,0.0167,0.8601883,0.13981164,0.6646335,0.33536646,3.6999996
-1.8019755,-0.094108574,-1.9183245,360.0,360.0,60.0,0.7264439,0.2735561,0.6751145,0.32488555,20.0
3.6051545,-1.2178264,-1.4851382,280.0,280.0,20.0,0.75408447,0.24591558,0.6951888,0.30481118,3.26
-0.9579921,-0.19468808,-1.8943212,300.0,300.0,60.0,0.7596748,0.24032517,0.6635683,0.3364317,20.0
-1.9191496,-1.5622786,1.44066,25.0,25.0,0.0167,0.8601883,0.13981164,0.6646335,0.33536646,3.5000002
3.0019646,-0.69982755,-1.2600192,210.0,210.0,60.0,0.80412257,0.19587745,0.64588,0.35412005,4.15
-1.6142938,-1.6299566,0.93427056,145.0,145.0,0.017,0.81280947,0.18719056,0.68747824,0.31252176,5.9800005
1.7623365,-1.2728536,-1.1079285,250.0,250.0,30.0,0.7737754,0.22622462,0.68086356,0.3191364,6.8
1.1545055,-0.5783886,-0.9332685,220.0,220.0,40.0,0.7923239,0.20767611,0.66618836,0.33381158,12.82
2.5974307,-1.5269805,-0.49760067,230.0,230.0,0.583,0.77255183,0.22744818,0.7026535,0.29734647,2.8
-3.256619,-0.3333578,-0.33059567,200.0,200.0,10.0,0.7909605,0.20903951,0.6890301,0.31096992,18.72
-5.4711776,0.23377204,-1.5434659,25.0,280.0,60.0,0.8152249,0.18477511,0.733924,0.266076,27.03
-0.6356275,-1.61814,-0.6824295,210.0,210.0,30.0,0.793461,0.20653893,0.67325884,0.32674116,5.9
-4.111349,1.2206804,0.107611805,25.0,150.0,30.0,0.83958346,0.16041653,0.69924796,0.30075204,30.539999
-0.31361422,-1.1721323,-1.5525372,25.0,300.0,60.0,0.8096656,0.19033433,0.74263006,0.25737,18.56
-2.1672978,-1.8320714,1.0262663,140.0,133.0,2.0,0.8175812,0.18241878,0.6813916,0.31860843,13.5
1.1545055,-0.33672115,0.93464243,140.0,140.0,5.0,0.81666446,0.18333557,0.68216664,0.31783336,8.43
0.84679663,-1.6462272,-0.51155293,170.0,170.0,180.0,0.85739404,0.14260596,0.5195551,0.4804449,5.5
-1.9083992,-0.44369307,-0.4889673,230.0,230.0,0.167,0.7723901,0.22760984,0.70300686,0.2969932,21.85
0.71945286,-1.4471585,1.0029569,130.0,130.0,0.3,0.81943977,0.18056029,0.6844205,0.31557944,3.4800003
0.84679663,-0.7203273,1.1030369,110.0,110.0,5.0,0.82935053,0.17064944,0.67648405,0.32351598,6.11
1.1545055,-1.4821533,0.017527033,180.0,180.0,1.166,0.79726195,0.20273802,0.69298637,0.30701363,5.61
-1.8703847,-0.46586487,-0.4889673,230.0,230.0,0.167,0.7723901,0.22760984,0.70300686,0.2969932,18.33
1.976955,-0.08301778,0.2415279,105.0,105.0,180.0,0.8789555,0.12104453,0.50543475,0.49456525,8.7300005
1.1545055,-0.49346614,-1.2540947,200.0,200.0,60.0,0.80865633,0.19134368,0.6438886,0.35611138,13.8
-1.704436,-1.446916,0.6918168,160.0,160.0,0.0833,0.8061141,0.19388592,0.690216,0.30978394,19.1
3.3381593,-0.2543427,-1.0416892,25.0,280.0,30.0,0.80502117,0.19497882,0.75705624,0.24294376,3.5000002
-1.704436,-1.4568847,-0.077285394,190.0,190.0,0.0167,0.79210925,0.20789075,0.69582325,0.30417675,14.89
-1.1697581,-0.74310714,-1.2332882,275.0,275.0,5.0,0.750609,0.249391,0.70705736,0.29294258,22.22
-2.2685244,-1.8554455,-1.0416892,25.0,280.0,30.0,0.80502117,0.19497882,0.75705624,0.24294376,12.36
0.5727593,-1.5910126,-0.9898233,280.0,260.0,2.0,0.75346774,0.24653228,0.7011168,0.2988832,7.78
-2.128384,-1.3966275,-1.2282672,280.0,280.0,3.0,0.74704605,0.25295392,0.7096357,0.29036433,8.58
-0.044617105,-0.9080696,-1.6206565,310.0,300.0,20.0,0.7410891,0.25891083,0.69594187,0.30405807,12.74
0.58865166,-1.2164038,0.46595794,191.0,150.0,5.0,0.80543214,0.19456783,0.67166406,0.32833594,7.0
1.1545055,-0.4912228,-0.84769416,180.0,180.0,20.0,0.80391127,0.19608878,0.67645687,0.32354307,13.42
-0.93548656,-2.0073168,-0.84769416,180.0,180.0,20.0,0.80391127,0.19608878,0.67645687,0.32354307,7.3
-2.182239,-1.6209321,1.0600804,120.0,120.0,10.0,0.8267904,0.17320956,0.67393243,0.32606757,11.5
-0.4497602,-1.0870173,-1.6948323,170.0,220.0,120.0,0.8277701,0.1722299,0.6070377,0.39296225,18.0
-1.4500655,-0.50004977,0.59156406,160.0,160.0,5.0,0.80780786,0.19219209,0.68592525,0.31407478,9.15
1.096136,-1.1556461,-0.5677371,25.0,230.0,30.0,0.8189413,0.18105873,0.7357429,0.26425713,7.42
0.6143856,-1.8940676,-1.37474,25.0,235.0,60.0,0.8272721,0.17272784,0.71366256,0.28633747,3.9399998
1.6671209,-1.1222068,0.2305284,120.0,160.0,30.0,0.82263595,0.177364,0.67586255,0.32413748,3.5000002
1.1545055,0.24725157,0.59156406,160.0,160.0,5.0,0.80780786,0.19219209,0.68592525,0.31407478,6.8900003
-1.6978815,-0.13683327,0.7724359,150.0,150.0,3.0,0.8116009,0.18839905,0.6858039,0.31419608,22.599998
-2.8017452,-0.6008218,0.93464243,140.0,140.0,5.0,0.81666446,0.18333557,0.68216664,0.31783336,18.73
0.71945286,-1.0862592,0.97463614,140.0,140.0,0.33,0.81511295,0.18488698,0.68626934,0.3137306,5.02
-3.256619,-0.47071612,-1.5099229,240.0,240.0,60.0,0.7900357,0.20996428,0.65182346,0.3481766,18.66
-2.64964,0.82588416,1.3578401,70.0,70.0,0.5,0.8438611,0.15613893,0.672866,0.327134,36.17
-1.6053596,-0.6764613,0.5846889,170.0,170.0,0.167,0.8015643,0.19843571,0.69199973,0.30800033,13.99
0.687352,-1.6606439,-0.45945984,170.0,170.0,300.0,0.88687396,0.11312606,0.39898995,0.60101,5.6000004
1.1545055,-0.49150547,-0.68345726,160.0,160.0,60.0,0.8259893,0.1740107,0.63587403,0.364126,10.0
-4.10008,1.8110062,1.3747691,25.0,25.0,15.0,0.86412615,0.13587385,0.6509205,0.3490795,18.05
-2.8173769,-1.7798201,1.0278614,120.0,120.0,5.0,0.8252011,0.17479888,0.6783841,0.32161584,6.5
-0.5887146,-1.3708528,-1.3833842,250.0,250.0,45.0,0.7795296,0.22047049,0.6674671,0.33253285,13.92
3.3381593,1.217898,0.10721126,140.0,140.0,180.0,0.86771834,0.13228163,0.51304054,0.4869595,8.9800005
-0.48581427,-0.7387431,-1.2329295,285.0,285.0,1.0,0.7434497,0.25655034,0.71220046,0.28779957,9.52
1.541404,-1.5743496,-1.4447514,50.0,250.0,60.0,0.819366,0.180634,0.71350086,0.2864992,5.0
2.5974307,-1.3008076,-1.1079285,250.0,250.0,30.0,0.7737754,0.22622462,0.68086356,0.3191364,5.4100003
-0.5432956,-1.9155806,-1.6811731,25.0,230.0,90.0,0.83779126,0.16220877,0.685678,0.31432196,9.47
-1.357976,-1.3888243,0.81301135,150.0,150.0,0.0833,0.8106127,0.18938737,0.6883538,0.31164625,8.58
1.4488978,-1.6568453,-1.7916462,280.0,280.0,60.0,0.7701182,0.22988182,0.6596749,0.34032512,8.5
-0.9548273,-0.86950517,-0.102240324,180.0,180.0,5.0,0.79862905,0.20137091,0.68965966,0.31034037,15.1
2.5974307,-1.5533187,-1.2741053,280.0,280.0,5.0,0.747881,0.25211903,0.70795715,0.29204288,4.2000003
2.2488923,-1.3911074,-0.5677371,25.0,230.0,30.0,0.8189413,0.18105873,0.7357429,0.26425713,2.4999998
2.3170292,0.16275427,0.34794208,80.0,80.0,180.0,0.8864697,0.11353032,0.50000036,0.49999967,7.3
-0.6356275,0.046009175,-1.3020617,300.0,270.0,10.0,0.74933094,0.25066903,0.6931641,0.30683592,23.0
0.5176942,-1.6160735,-1.2912529,100.0,230.0,180.0,0.85320234,0.14679766,0.5769537,0.4230463,6.0000005
0.2470844,-0.62868226,-0.032180395,180.0,180.0,3.0,0.7979168,0.20208319,0.6913975,0.30860254,11.0
-2.1405716,-0.74503547,-0.40249074,160.0,215.0,10.0,0.79356533,0.20643462,0.7077997,0.2922004,15.26
-1.704436,-1.5198256,0.6918168,160.0,160.0,0.0833,0.8061141,0.19388592,0.690216,0.30978394,7.29
2.084927,-1.2487731,-1.3501378,180.0,180.0,60.0,0.8174826,0.18251744,0.639891,0.36010894,4.5
-1.2035074,-1.575872,-0.7552167,220.0,220.0,30.0,0.7886613,0.2113387,0.67516875,0.32483122,8.9
-0.26415893,-0.961792,-1.511874,25.0,320.0,60.0,0.80397946,0.19602057,0.75114775,0.24885225,18.92
0.09432659,-1.1535581,-0.002505124,250.0,200.0,5.0,0.7800019,0.21999809,0.67846954,0.32153043,7.9700003
-4.418028,-1.6124787,0.6875149,160.0,160.0,0.333,0.8062003,0.19379961,0.6899989,0.31000108,12.58
-2.82788,0.6546207,0.74412787,150.0,150.0,5.0,0.8122763,0.18772368,0.68404895,0.31595105,35.95
1.976955,0.19076723,0.2415279,105.0,105.0,180.0,0.8789555,0.12104453,0.50543475,0.49456525,8.74
-1.6978815,-0.8683452,-0.6499548,25.0,285.0,0.0167,0.7929084,0.20709164,0.7807065,0.21929346,17.0
0.64739835,-1.0631344,-0.6321742,25.0,240.0,30.0,0.8162206,0.18377945,0.74009997,0.2599001,12.5
-1.7090745,-0.53281254,1.0493019,120.0,120.0,0.0167,0.8236057,0.17639427,0.68278897,0.31721103,12.07
-3.9308066,-1.1577402,-1.4539349,25.0,250.0,60.0,0.82332695,0.17667305,0.7205183,0.27948168,29.68
1.635114,-1.6127042,-1.1852319,320.0,348.0,300.0,0.8281415,0.17185849,0.4461694,0.5538306,5.3
1.1545055,0.011623808,0.41992128,160.0,160.0,10.0,0.8095188,0.19048113,0.6815289,0.31847107,9.58
-3.028281,-1.5110958,1.0317242,120.0,120.0,3.0,0.82456225,0.17543782,0.6801558,0.31984413,13.0
0.2470844,2.306701,0.13973635,100.0,100.0,60.0,0.84963083,0.1503692,0.6237106,0.37628946,30.02
1.541404,-0.20808077,-1.9740534,230.0,300.0,120.0,0.79562587,0.20437416,0.6299751,0.37002492,11.32
-2.8727636,-1.3598378,0.13973635,100.0,100.0,60.0,0.84963083,0.1503692,0.6237106,0.37628946,6.81
2.5974307,-1.4212977,-0.90302646,255.0,255.0,0.34,0.75944483,0.2405552,0.7073798,0.29262012,3.2
1.1545055,-1.8311623,1.3133204,80.0,80.0,10.0,0.8428,0.15719995,0.6662435,0.33375654,1.8799999
0.22497924,-0.9784458,1.0067084,125.0,125.0,2.0,0.8221286,0.17787138,0.6819835,0.31801656,7.38
1.1545055,-0.9597015,-1.1549037,180.0,180.0,40.0,0.8107902,0.18920985,0.6584094,0.34159058,7.32
-0.5411444,-1.6565937,-0.87072563,50.0,185.0,60.0,0.8362566,0.16374338,0.68265575,0.3173442,7.32
-0.5411444,-1.2048743,-0.55761963,180.0,150.0,30.0,0.81574255,0.18425743,0.6523275,0.34767255,15.03
-2.0236852,-1.3419427,0.93427396,145.0,145.0,0.0167,0.8128093,0.18719068,0.6874785,0.31252152,13.3
2.084927,-1.174744,-0.8513824,210.0,210.0,40.0,0.79706186,0.20293814,0.6642519,0.3357481,3.0999997
-0.41318667,-0.9007148,-1.6268222,300.0,300.0,15.0,0.74103934,0.25896072,0.7031227,0.29687726,15.81
-4.418028,-1.3585733,1.0481477,120.0,120.0,0.167,0.823654,0.17634599,0.6826566,0.3173434,16.68
-2.482947,-1.7734458,-1.6708248,220.0,220.0,90.0,0.80993205,0.19006792,0.6195619,0.3804381,9.61
0.59674144,-1.5194416,-0.081007734,225.0,205.0,2.5,0.7821129,0.21788712,0.69056535,0.30943468,4.7000003
-1.6142938,-1.6304353,0.8697355,148.0,148.0,0.017,0.8114802,0.18851975,0.6880384,0.31196156,6.21
0.2478737,-0.31599283,0.68460417,160.0,160.0,0.5,0.8062581,0.19374192,0.68985367,0.31014636,14.57
1.541404,-0.4671126,-0.81750023,25.0,300.0,0.0167,0.7883791,0.21162094,0.78643745,0.2135626,14.29
-0.53678554,-1.2667991,-0.96490866,260.0,260.0,0.0833,0.75667757,0.24332239,0.7084946,0.29150537,12.16
1.1545055,-0.48171666,0.10025814,140.0,140.0,40.0,0.827971,0.17202903,0.65054417,0.3494558,6.2900004
1.8080336,1.189262,0.6479023,75.0,75.0,720.0,0.9631709,0.036829118,0.09974539,0.90025467,17.89
-3.7098951,-0.5838737,-0.84769416,180.0,180.0,20.0,0.80391127,0.19608878,0.67645687,0.32354307,28.18
-3.7098951,-0.5928809,-1.3501378,180.0,180.0,60.0,0.8174826,0.18251744,0.639891,0.36010894,32.92
-1.6053596,-0.69973177,0.9762809,140.0,140.0,0.167,0.81505865,0.18494132,0.68641204,0.31358793,11.28
-1.9951035,-1.6119397,0.033473663,180.0,180.0,0.5,0.79702383,0.20297618,0.6935622,0.3064378,10.72
-4.10008,0.37993908,-0.12779778,25.0,220.0,18.0,0.8177079,0.18229212,0.74081755,0.25918248,27.68
-1.0561737,-0.9184644,-0.18098408,25.0,250.0,10.0,0.80666345,0.19333653,0.75957316,0.24042688,15.7
2.084927,-1.2901624,-0.8565738,180.0,220.0,30.0,0.79577047,0.20422949,0.68718565,0.31281433,2.9999998
-1.9083992,-0.46662918,-0.4889673,230.0,230.0,0.167,0.7723901,0.22760984,0.70300686,0.2969932,13.76
-2.4203722,-1.1479896,-0.16199923,180.0,180.0,6.5,0.79916203,0.20083797,0.68835276,0.3116473,16.0
3.1271765,-1.3627533,-1.7302177,315.0,315.0,20.0,0.73475325,0.26524678,0.7015993,0.29840073,3.0999997
1.1545055,-0.46821436,-0.68345726,160.0,160.0,60.0,0.8259893,0.1740107,0.63587403,0.364126,12.78
0.61348283,-1.5334405,-0.32116497,25.0,150.0,90.0,0.8566606,0.14333946,0.6455994,0.35440055,6.48
3.1271765,-1.0021465,-0.56661177,200.0,200.0,20.0,0.7945936,0.20540638,0.6802514,0.31974858,2.5500004
0.5176942,-0.8308593,0.5775621,170.0,170.0,0.5,0.8016814,0.1983186,0.691711,0.308289,9.5
0.13244595,-1.3266398,-1.4042846,25.0,240.0,60.0,0.82596487,0.1740351,0.715959,0.28404105,12.18
0.12961115,-0.2466692,-1.6635048,25.0,220.0,120.0,0.8489609,0.1510391,0.6537302,0.3462698,23.0
0.84679663,-1.8182625,0.46211517,170.0,140.0,10.0,0.81344837,0.18655166,0.6686117,0.33138826,2.9999998
0.39476475,-1.3235813,0.1720351,25.0,150.0,540.0,0.9417519,0.058248106,0.2261801,0.77381986,6.0000005
3.6051545,-0.66552013,-1.2540947,200.0,200.0,60.0,0.80865633,0.19134368,0.6438886,0.35611138,1.9999998
0.90532935,-1.7068813,-0.9751507,180.0,180.0,30.0,0.8073741,0.19262594,0.66749465,0.3325054,6.0000005
0.5875617,-0.795795,0.6362844,25.0,170.0,10.0,0.8284121,0.17158784,0.72513974,0.27486026,7.5
-3.256619,-0.3304318,-0.5757775,220.0,220.0,10.0,0.7811949,0.21880506,0.6927441,0.30725592,22.86
-4.6323967,-0.75057906,-0.9680689,25.0,315.0,10.0,0.7874959,0.21250404,0.78529334,0.21470664,29.34
2.1399477,-0.5089037,-0.045259982,25.0,230.0,15.0,0.81397027,0.18602972,0.7474296,0.2525704,9.63
-3.256619,-0.44678816,-1.2272464,240.0,240.0,180.0,0.83069044,0.16930953,0.5347261,0.46527392,25.6
-4.6714673,-1.3726932,0.95726174,70.0,70.0,30.0,0.85226566,0.1477343,0.6459366,0.35406336,13.8
-4.6714673,-1.1840528,1.0874283,25.0,100.0,15.0,0.8472473,0.15275274,0.6882739,0.31172612,19.74
-0.5639342,-1.7227079,0.41633224,25.0,220.0,3.0,0.81271076,0.18728921,0.75235534,0.24764466,2.8
-6.204535,0.6623586,1.2961764,80.0,80.0,5.0,0.84132946,0.15867054,0.6707489,0.3292511,28.67
-0.5048598,-2.0386643,-0.53898084,25.0,225.0,30.0,0.8202898,0.17971018,0.73354685,0.26645312,4.69
-3.7098951,-0.53745383,-1.1549037,180.0,180.0,40.0,0.8107902,0.18920985,0.6584094,0.34159058,37.25
2.5974307,-1.3092643,-0.8347741,250.0,250.0,0.5,0.7621516,0.23784837,0.7063442,0.2936558,2.9799998
0.2470844,-1.3283203,-1.6682104,260.0,260.0,60.0,0.7802389,0.219761,0.6557598,0.3442402,9.78
0.22497924,-1.1099645,0.6153229,170.0,162.0,0.5,0.80399144,0.19600853,0.68785423,0.31214574,9.2
0.58865166,-1.6441176,1.1546502,160.0,100.0,2.0,0.8232684,0.1767316,0.6588462,0.34115377,1.9999998
2.084927,-1.0730885,-0.33059567,200.0,200.0,10.0,0.7909605,0.20903951,0.6890301,0.31096992,2.7299998
-0.0038024804,-1.3833979,0.6929544,160.0,160.0,0.0167,0.8060911,0.19390893,0.69027394,0.30972603,5.4
0.9524719,0.51085806,1.436659,25.0,25.0,1.0,0.8604497,0.13955031,0.66374177,0.33625823,11.6
1.1545055,-0.49911115,0.59156406,160.0,160.0,5.0,0.80780786,0.19219209,0.68592525,0.31407478,6.35
-4.3380175,-1.2868218,0.22304407,170.0,100.0,120.0,0.8567822,0.14321785,0.5410372,0.45896277,14.0
0.9524719,-0.2503463,-0.045634955,25.0,180.0,30.0,0.8320749,0.16792512,0.71326786,0.28673208,11.9
0.64739835,-1.0244869,0.7932929,150.0,150.0,1.5,0.8110932,0.18890682,0.6871167,0.31288335,4.8000007
1.9533007,-0.9232678,1.2506335,88.0,88.0,2.5,0.83745223,0.16254783,0.674519,0.325481,2.64
-0.26415893,-1.6184787,-1.5525372,25.0,300.0,60.0,0.8096656,0.19033433,0.74263006,0.25737,7.0
-1.8619633,0.15704975,-1.7170017,150.0,285.0,30.0,0.7814067,0.21859327,0.7261035,0.27389655,23.84
1.1545055,-0.48315677,-0.84769416,180.0,180.0,20.0,0.80391127,0.19608878,0.67645687,0.32354307,12.84
0.84679663,-0.78097486,0.9680232,140.0,140.0,1.0,0.8153362,0.18466379,0.68568254,0.31431746,4.8000007
1.1545055,-0.48018405,0.65709674,160.0,160.0,2.0,0.80677575,0.19322427,0.6885472,0.3114528,7.38
1.9533007,-0.8038668,1.2506335,88.0,88.0,2.5,0.83745223,0.16254783,0.674519,0.325481,2.0299995
3.3381593,-0.22741486,-0.84804237,25.0,290.0,15.0,0.79682404,0.20317595,0.7720863,0.22791371,6.3
3.6051545,-0.7696765,-1.1768482,250.0,250.0,240.0,0.84477335,0.15522668,0.4759825,0.5240175,3.5000002
-0.60904896,0.46641982,-1.421215,275.0,275.0,30.0,0.7608149,0.23918515,0.68556845,0.31443152,26.0
1.1545055,-0.46918774,-1.3501378,180.0,180.0,60.0,0.8174826,0.18251744,0.639891,0.36010894,14.84
0.2470844,-0.9175475,-0.3639459,25.0,140.0,60.0,0.8506517,0.14934829,0.6680116,0.33198842,7.3
-1.9718341,-1.5770566,-0.30275267,220.0,220.0,0.0167,0.77739763,0.22260238,0.7013162,0.29868388,13.1
1.1545055,-0.5822011,0.6432167,140.0,140.0,20.0,0.8215792,0.17842081,0.66879827,0.3312017,8.9800005
1.3504069,-0.08832046,-0.31661457,25.0,235.0,20.0,0.81426334,0.18573669,0.74571437,0.25428563,8.1
-3.7098951,-0.14832354,-1.1549037,180.0,180.0,40.0,0.8107902,0.18920985,0.6584094,0.34159058,33.89
-0.68726647,-0.33316946,0.64763176,25.0,200.0,0.0167,0.8172175,0.18278244,0.74616927,0.2538308,10.11
-0.29138768,-1.6443614,0.8608049,90.0,90.0,31.0,0.84509194,0.15490809,0.648978,0.35102195,5.7000003
0.5875617,-0.7520595,-0.16208984,25.0,170.0,180.0,0.8754883,0.12451176,0.56926656,0.43073344,10.1
-1.0561737,-0.92125016,-0.7076906,25.0,250.0,30.0,0.8134682,0.18653172,0.7444101,0.2555899,16.1
1.9533007,-0.7664068,1.2506335,88.0,88.0,2.5,0.83745223,0.16254783,0.674519,0.325481,2.22
-0.5411444,-1.2583345,0.15363762,145.0,145.0,30.0,0.82268983,0.17731014,0.6607058,0.33929417,10.5
-0.53678554,0.013390535,1.1533393,105.0,105.0,0.083,0.829866,0.17013402,0.6798986,0.3201014,14.42
-2.6857946,-1.5980483,0.5775621,170.0,170.0,0.5,0.8016814,0.1983186,0.691711,0.308289,5.6600003
2.4773784,-1.1535851,-1.1711905,270.0,260.0,30.0,0.76672584,0.23327415,0.6797459,0.3202541,4.0000005
2.4773784,-1.2410318,-1.7768655,290.0,280.0,60.0,0.768201,0.23179899,0.65656215,0.34343782,4.5
-1.9349736,-1.7440783,-1.5525372,25.0,300.0,60.0,0.8096656,0.19033433,0.74263006,0.25737,17.33
-2.0236852,-1.051828,0.813941,150.0,150.0,0.0167,0.81059,0.18940997,0.68841183,0.31158817,13.650001
-2.3449545,-1.6274525,0.04115423,180.0,180.0,0.167,0.7969046,0.20309538,0.6938499,0.30615014,5.0
-1.357976,-1.2142825,0.044566214,180.0,180.0,0.0167,0.7968508,0.20314917,0.6939797,0.3060203,11.62
0.9524719,-0.936714,0.8289134,100.0,100.0,30.0,0.8409564,0.1590436,0.65187967,0.34812036,5.2000003
3.3381593,-0.7923251,-0.31498164,25.0,250.0,15.0,0.8083822,0.19161785,0.7558408,0.24415928,3.5000002
1.1545055,-0.4782654,0.41992128,160.0,160.0,10.0,0.8095188,0.19048113,0.6815289,0.31847107,4.48
1.1545055,-0.49570554,-0.5757775,220.0,220.0,10.0,0.7811949,0.21880506,0.6927441,0.30725592,8.12
-2.100564,-1.5552155,-1.1676538,25.0,300.0,30.0,0.7992306,0.20076942,0.76524746,0.23475257,23.6
2.4773784,-1.0487568,-0.5677371,25.0,230.0,30.0,0.8189413,0.18105873,0.7357429,0.26425713,2.3000004
-4.3128185,1.1661533,0.976215,25.0,125.0,1.0,0.83707225,0.16292778,0.71203995,0.28796005,29.94
0.22497924,-1.0381038,1.0717666,115.0,115.0,2.0,0.8263357,0.17366435,0.6800946,0.31990543,5.75
-0.6166587,0.12371979,-1.7170017,150.0,285.0,30.0,0.7814067,0.21859327,0.7261035,0.27389655,22.73
-1.357976,-1.2295847,-0.07217998,200.0,200.0,0.017,0.7872866,0.2127134,0.6976602,0.30233973,12.41
-1.108195,-0.76706845,-0.58135116,25.0,280.0,0.0167,0.7944022,0.20559786,0.7787719,0.22122815,17.57
1.4853187,-1.6274449,-1.5417352,25.0,310.0,60.0,0.80683845,0.19316155,0.7469126,0.25308743,4.5
-2.6219513,-1.2074454,-1.3645675,270.0,270.0,30.0,0.76344717,0.23655283,0.68463045,0.31536952,18.64
1.4007895,-1.2592336,-0.5693334,170.0,220.0,8.0,0.7895491,0.21045089,0.7089488,0.2910512,4.67
-0.26415893,-0.97842354,-1.5525372,25.0,300.0,60.0,0.8096656,0.19033433,0.74263006,0.25737,21.92
-4.718985,1.7301384,0.12498179,100.0,100.0,360.0,0.91645885,0.08354115,0.32860276,0.67139727,35.63
2.5974307,-1.2952589,-1.3833842,250.0,250.0,45.0,0.7795296,0.22047049,0.6674671,0.33253285,5.4900002
-1.704436,-1.5126809,0.6918168,160.0,160.0,0.0833,0.8061141,0.19388592,0.690216,0.30978394,12.400001
-4.418028,-1.6702391,1.0874283,25.0,100.0,15.0,0.8472473,0.15275274,0.6882739,0.31172612,15.21
-0.4452201,-1.2458776,-1.2061965,25.0,320.0,30.0,0.79331213,0.20668788,0.7732452,0.22675478,10.65
-0.5411444,-1.3231236,0.07702926,25.0,80.0,60.0,0.86403054,0.13596949,0.63738364,0.36261636,9.5
-2.8017452,-0.6008218,0.93464243,140.0,140.0,5.0,0.81666446,0.18333557,0.68216664,0.31783336,20.31
1.1545055,-0.95485187,-0.3244033,180.0,180.0,10.0,0.8004015,0.19959849,0.6852916,0.31470844,6.33
-4.42991,-0.77016157,-0.49988973,25.0,155.0,60.0,0.84714186,0.15285815,0.6754633,0.3245367,21.0
0.5875617,-1.2303461,-0.16208984,25.0,170.0,180.0,0.8754883,0.12451176,0.56926656,0.43073344,10.2
1.1545055,-0.51573473,-0.9332685,220.0,220.0,40.0,0.7923239,0.20767611,0.66618836,0.33381158,12.24
0.5875617,-0.7520707,-0.16208984,25.0,170.0,180.0,0.8754883,0.12451176,0.56926656,0.43073344,7.34
0.59674144,-1.283419,0.76927364,110.0,180.0,15.0,0.81388414,0.18611586,0.7015539,0.29844615,5.4
3.6051545,-0.6673271,0.19461174,170.0,170.0,10.0,0.80500054,0.19499946,0.68341327,0.31658676,7.0
0.687352,-1.6448432,-1.023863,190.0,190.0,300.0,0.8809145,0.119085476,0.4031675,0.5968325,10.7
3.3381593,0.0045744716,-1.0416892,25.0,280.0,30.0,0.80502117,0.19497882,0.75705624,0.24294376,10.5
-0.5639342,-1.3686603,-0.9172056,250.0,250.0,4.0,0.76355195,0.23644806,0.7033836,0.2966164,13.63
1.1545055,-0.5144027,-1.3501378,180.0,180.0,60.0,0.8174826,0.18251744,0.639891,0.36010894,11.39
0.84679663,-0.7865131,0.9680232,140.0,140.0,1.0,0.8153362,0.18466379,0.68568254,0.31431746,4.69
-0.026129851,-1.5112126,-1.8127629,335.0,335.0,30.0,0.72768503,0.272315,0.6967046,0.3032953,13.6
-3.256619,-0.63382465,-0.9402517,240.0,240.0,20.0,0.77498525,0.2250147,0.6877689,0.31223112,36.21
0.2470844,-1.840175,-0.7418189,25.0,180.0,60.0,0.8411421,0.15885782,0.6876864,0.31231365,3.3
-1.7090745,0.1335556,0.9778096,140.0,140.0,0.0167,0.8150086,0.18499143,0.68654364,0.3134564,18.73
1.1545055,-0.5002803,0.90635574,140.0,140.0,10.0,0.81831425,0.18168578,0.6777424,0.3222576,5.6400003
-5.585744,-0.53606486,1.2350881,90.0,90.0,5.0,0.83741415,0.16258582,0.6726664,0.32733363,20.0
1.3653431,-0.038588963,-1.9993579,200.0,330.0,90.0,0.7808275,0.21917246,0.68204516,0.31795484,13.99
0.59674144,-1.5515043,-0.081007734,225.0,205.0,2.5,0.7821129,0.21788712,0.69056535,0.30943468,6.3
3.3381593,-0.6299097,-0.7076906,25.0,250.0,30.0,0.8134682,0.18653172,0.7444101,0.2555899,5.3
-1.704436,-1.5226558,-0.077285394,190.0,190.0,0.0167,0.79210925,0.20789075,0.69582325,0.30417675,9.14
0.59674144,-1.5171722,0.3039896,50.0,120.0,40.0,0.8461842,0.15381582,0.66838336,0.33161664,4.6000004
-1.1312306,0.06838889,0.9778096,140.0,140.0,0.0167,0.8150086,0.18499143,0.68654364,0.3134564,14.1
0.67632586,-1.5978575,-0.5757775,220.0,220.0,10.0,0.7811949,0.21880506,0.6927441,0.30725592,3.5000002
2.5974307,-1.5532559,-1.0210413,270.0,260.0,3.0,0.7558763,0.24412371,0.7031597,0.29684025,2.9999998
0.66863286,-1.9016138,1.3875017,0.0,0.0,5.0,0.8699455,0.13005444,0.6552078,0.3447922,1.9000003
-1.357976,-1.2288263,0.044566214,180.0,180.0,0.0167,0.7968508,0.20314917,0.6939797,0.3060203,14.33
1.1545055,-0.16029327,0.59156406,160.0,160.0,5.0,0.80780786,0.19219209,0.68592525,0.31407478,9.6
1.1545055,-1.8288649,0.6757194,160.0,160.0,1.0,0.80643076,0.19356926,0.6894185,0.3105815,2.6300004
0.687352,-1.5134739,-0.9573493,170.0,170.0,60.0,0.8217757,0.17822431,0.6378849,0.36211506,4.9
0.2470844,2.3067012,0.13973635,100.0,100.0,60.0,0.84963083,0.1503692,0.6237106,0.37628946,35.45
0.687352,-1.5298328,-0.9573493,170.0,170.0,60.0,0.8217757,0.17822431,0.6378849,0.36211506,7.3
-4.10008,1.7973478,1.3747691,25.0,25.0,15.0,0.86412615,0.13587385,0.6509205,0.3490795,30.47
-3.0359843,0.772406,-1.4042846,25.0,240.0,60.0,0.82596487,0.1740351,0.715959,0.28404105,29.900002
-1.3977338,-0.90479743,-1.3110254,285.0,285.0,5.0,0.7451332,0.25486672,0.7088552,0.2911448,16.69
2.287703,-1.5345345,-1.4033126,372.0,372.0,0.833,0.6923127,0.30768722,0.727589,0.27241096,4.9500003
-1.6142938,-1.4256223,-0.09862903,185.0,185.0,1.0,0.794845,0.20515497,0.69405395,0.3059461,14.78
3.6051545,-0.923333,-0.7552167,220.0,220.0,30.0,0.7886613,0.2113387,0.67516875,0.32483122,4.0000005
-0.08666108,-0.66276956,-1.5290694,25.0,315.0,60.0,0.8054129,0.19458708,0.7490361,0.2509639,16.0
3.0019646,-0.6896823,-0.84769416,180.0,180.0,20.0,0.80391127,0.19608878,0.67645687,0.32354307,3.8300002
-1.83271,-1.3032097,0.66415024,165.0,165.0,0.05,0.80382293,0.19617708,0.6911738,0.3088262,9.59
0.9524719,-0.24125254,-0.42782888,25.0,200.0,30.0,0.82691497,0.17308503,0.7223941,0.27760586,10.2
-3.256619,-0.49177969,-0.9402517,240.0,240.0,20.0,0.77498525,0.2250147,0.6877689,0.31223112,16.960001
0.6143856,-0.99417835,0.026447013,25.0,150.0,300.0,0.9048448,0.09515515,0.43680573,0.5631942,4.7200003
0.71945286,-1.0951493,0.018975645,120.0,120.0,60.0,0.8420588,0.15794118,0.62778324,0.37221676,5.6000004
-3.256619,-0.3031647,-0.85774416,200.0,200.0,40.0,0.8017188,0.19828123,0.6623099,0.33769014,18.9
-3.1354878,-0.57331353,0.021582652,180.0,180.0,1.0,0.79720265,0.20279734,0.6931299,0.30687007,21.939999
0.301921,-2.16455,-1.8963301,280.0,280.0,120.0,0.79276484,0.20723514,0.60297537,0.39702466,7.2000003
-1.357976,-1.3854752,0.81301135,150.0,150.0,0.0833,0.8106127,0.18938737,0.6883538,0.31164625,8.24
-0.7967495,-0.89007586,-1.511874,25.0,320.0,60.0,0.80397946,0.19602057,0.75114775,0.24885225,25.8
2.2237213,-0.8554162,-1.511874,25.0,320.0,60.0,0.80397946,0.19602057,0.75114775,0.24885225,8.8
-0.010844635,-1.2471558,1.2495942,90.0,90.0,0.0167,0.83590806,0.16409193,0.6771122,0.32288778,3.36
1.1545055,-0.59228367,-0.3244033,180.0,180.0,10.0,0.8004015,0.19959849,0.6852916,0.31470844,6.5
1.1545055,-0.5204184,0.41992128,160.0,160.0,10.0,0.8095188,0.19048113,0.6815289,0.31847107,14.54
-1.8619633,-1.5387037,-1.028896,155.0,260.0,10.0,0.7807186,0.21928138,0.7296846,0.2703154,18.33
-1.4500655,-0.27502272,-0.102240324,180.0,180.0,5.0,0.79862905,0.20137091,0.68965966,0.31034037,21.08
-2.0897746,-0.67484367,-0.30581355,220.0,220.0,0.167,0.77745515,0.22254483,0.70118815,0.2988119,16.64
-0.93548656,-1.9082423,0.7867442,135.0,135.0,20.0,0.82369775,0.17630227,0.6678345,0.3321655,6.9
-4.153401,-0.26879582,-0.14677688,190.0,190.0,3.0,0.79319364,0.20680642,0.6932497,0.3067503,25.54
1.1545055,-0.9541437,-0.003825408,180.0,180.0,2.0,0.79756,0.20244002,0.6922644,0.30773565,5.6200004
2.1573102,-1.2922131,-0.12323813,220.0,200.0,5.0,0.7855102,0.21448982,0.6874556,0.31254444,4.65
-1.1360509,-1.4751158,-1.0295162,180.0,180.0,120.0,0.8364541,0.16354589,0.5819841,0.41801596,9.5
-4.42991,-2.105301,0.3237036,105.0,150.0,30.0,0.8276052,0.17239477,0.67547286,0.3245271,5.59
2.3349266,-0.8566392,-1.5276182,300.0,300.0,10.0,0.7389116,0.26108834,0.70734894,0.29265106,16.59
1.5016501,-1.7842642,-1.3466465,190.0,190.0,60.0,0.81310964,0.18689042,0.6418923,0.35810772,3.0999997
1.6144052,-0.60534245,-1.6194862,25.0,210.0,90.0,0.8426886,0.15731141,0.6758863,0.3241137,9.87
0.5450627,-1.2893494,-0.50665605,200.0,200.0,15.0,0.7927829,0.2072171,0.6846572,0.31534278,8.9
-0.68726647,-0.026586821,-0.6321742,25.0,240.0,30.0,0.8162206,0.18377945,0.74009997,0.2599001,23.59
3.1271765,-0.84042025,-0.5757775,220.0,220.0,10.0,0.7811949,0.21880506,0.6927441,0.30725592,4.3
-3.8399215,-0.17542323,0.8130156,150.0,150.0,0.083,0.81061256,0.18938746,0.688354,0.31164598,22.46
-0.93548656,-1.9042543,-0.23755111,160.0,160.0,20.0,0.81290567,0.18709427,0.6726391,0.3273609,6.8
-2.0236852,-0.87492055,0.6647986,165.0,165.0,0.017,0.8038115,0.19618855,0.69120246,0.30879757,11.4
1.1545055,-1.8320361,1.3615193,60.0,60.0,15.0,0.85174453,0.14825544,0.65780365,0.34219632,1.5399997
0.27108344,-1.2633106,1.3981245,60.0,60.0,0.0167,0.8475113,0.15248874,0.6713828,0.32861722,5.0
0.2842938,-0.79157394,-1.5434659,25.0,280.0,60.0,0.8152249,0.18477511,0.733924,0.266076,10.69
-2.482947,-1.2657833,-1.6405131,150.0,220.0,120.0,0.8308272,0.16917285,0.6136181,0.38638198,29.380001
-1.6142938,-1.6291362,0.9828241,139.0,139.0,0.017,0.8154461,0.18455388,0.6863562,0.3136438,4.7400002
-1.6142938,-1.4549667,-0.072173744,200.0,200.0,0.0167,0.78728646,0.2127135,0.6976605,0.3023395,9.62
2.1573102,-1.2216674,-0.38720506,185.0,185.0,10.0,0.7980717,0.20192835,0.6862285,0.31377152,3.6000001
1.1545055,-0.47846204,-0.23755111,160.0,160.0,20.0,0.81290567,0.18709427,0.6726391,0.3273609,8.9
-1.6978815,-0.12858585,1.0317242,120.0,120.0,3.0,0.82456225,0.17543782,0.6801558,0.31984413,13.12
-5.910591,-0.36713275,0.02641657,25.0,160.0,30.0,0.83711123,0.16288877,0.70396465,0.29603538,39.73
-0.399245,-0.7795654,-1.7246356,25.0,250.0,120.0,0.84180856,0.15819146,0.66886723,0.33113277,37.69
-0.5761262,-1.3844687,-1.0927854,25.0,190.0,60.0,0.8386894,0.16131066,0.6925046,0.3074954,9.8
0.2470844,2.1285355,0.13973635,100.0,100.0,60.0,0.84963083,0.1503692,0.6237106,0.37628946,19.75
1.1545055,-0.4932062,0.41992128,160.0,160.0,10.0,0.8095188,0.19048113,0.6815289,0.31847107,6.61
0.096579924,0.14429721,-1.9122337,278.0,275.0,90.0,0.78357226,0.21642774,0.6298012,0.37019885,19.5
-1.507276,-0.34061536,0.12205614,160.0,190.0,2.0,0.7981008,0.20189922,0.702854,0.297146,18.84
1.9867188,-1.7395585,-0.90244734,250.0,250.0,3.5,0.7633523,0.23664777,0.7038076,0.29619238,3.7300003
2.1573102,-1.3654522,-1.0160542,25.0,240.0,45.0,0.8211446,0.17885539,0.7281974,0.27180263,3.6399996
-2.9580054,-1.7194012,1.436659,25.0,25.0,1.0,0.8604497,0.13955031,0.66374177,0.33625823,8.28
-1.0048336,-1.6468415,-0.072173744,200.0,200.0,0.0167,0.78728646,0.2127135,0.6976605,0.3023395,7.4500003
0.27108344,-1.261512,1.4042414,0.0,0.0,0.0167,0.8686936,0.13130645,0.6597709,0.34022915,3.5000002
1.1545055,-0.4889202,0.6432167,140.0,140.0,20.0,0.8215792,0.17842081,0.66879827,0.3312017,6.2400002
3.6051545,-0.6239601,-1.1549037,180.0,180.0,40.0,0.8107902,0.18920985,0.6584094,0.34159058,2.9799998
0.2470844,2.1282933,0.13973635,100.0,100.0,60.0,0.84963083,0.1503692,0.6237106,0.37628946,24.64
-1.9372883,-0.31697157,0.6889514,160.0,160.0,0.25,0.80617166,0.19382828,0.6900711,0.3099289,28.5
-0.07247263,-1.5831522,1.2146641,95.0,95.0,0.5,0.83405465,0.16594535,0.6776329,0.32236707,1.4999998
-1.7090745,-0.5884351,-0.049044244,180.0,190.0,0.0167,0.7938818,0.20611826,0.6987434,0.3012566,12.03
-3.256619,-0.30123562,-1.1810315,240.0,240.0,40.0,0.7826045,0.21739542,0.67004454,0.32995543,19.03
-3.256619,-0.512896,-0.52219707,160.0,160.0,90.0,0.83532023,0.16467983,0.6071902,0.39280978,20.81
0.5875617,-0.79297775,0.2774794,25.0,170.0,20.0,0.831533,0.16846699,0.7169617,0.28303826,8.2
-0.46477535,-0.6060104,0.043058336,180.0,180.0,0.0833,0.79687464,0.20312531,0.69392216,0.3060778,12.2
1.1545055,-0.5198483,-0.18966103,200.0,200.0,5.0,0.7891263,0.21087372,0.69336945,0.30663055,9.95
0.64739835,-1.024959,-0.18966103,200.0,200.0,5.0,0.7891263,0.21087372,0.69336945,0.30663055,8.0
2.4773784,-0.92532706,-0.33059567,200.0,200.0,10.0,0.7909605,0.20903951,0.6890301,0.31096992,4.9
0.71945286,-1.3634079,1.1051115,110.0,110.0,3.0,0.82872367,0.17127635,0.6782612,0.32173875,4.5
0.9524719,-0.44847894,-0.4319155,160.0,160.0,30.0,0.81624603,0.18375397,0.66362363,0.33637637,9.5
0.9524719,-1.646572,-1.3411866,25.0,230.0,60.0,0.8285717,0.17142835,0.71135503,0.28864497,7.0
-2.3825579,-1.654025,-0.7509624,25.0,290.0,5.0,0.7932201,0.2067799,0.77916217,0.22083783,12.27
-0.41446418,-1.1276745,1.1034844,120.0,120.0,15.0,0.82836825,0.17163175,0.66944915,0.33055088,5.8
-1.6978815,-0.018515175,1.0317242,120.0,120.0,3.0,0.82456225,0.17543782,0.6801558,0.31984413,29.5
0.71945286,-1.1967158,1.2120152,95.0,95.0,1.0,0.83420765,0.16579236,0.67718863,0.32281137,3.4000003
-0.53678554,-0.37276912,-0.1154007,200.0,200.0,2.0,0.78802013,0.21197991,0.69595677,0.30404317,8.12
-0.4452201,-1.2521504,-1.2061965,25.0,320.0,30.0,0.79331213,0.20668788,0.7732452,0.22675478,12.47
-0.26415893,-0.95425147,-1.5417352,25.0,310.0,60.0,0.80683845,0.19316155,0.7469126,0.25308743,16.0
-1.0048336,-1.7127215,-0.072173744,200.0,200.0,0.0167,0.78728646,0.2127135,0.6976605,0.3023395,8.12
1.635114,-1.2902476,-0.3695076,250.0,200.0,15.0,0.7837734,0.21622658,0.66953576,0.3304643,3.6999996
-3.0359843,0.14872395,-1.7170017,150.0,285.0,30.0,0.7814067,0.21859327,0.7261035,0.27389655,33.43
-3.4984875,-1.5173656,1.44066,25.0,25.0,0.0167,0.8601883,0.13981164,0.6646335,0.33536646,15.57
1.1545055,-0.48677492,0.90635574,140.0,140.0,10.0,0.81831425,0.18168578,0.6777424,0.3222576,9.07
0.31890142,-1.1336099,-0.003825408,180.0,180.0,2.0,0.79756,0.20244002,0.6922644,0.30773565,12.0
-0.65761137,-1.782465,-1.7340603,25.0,260.0,120.0,0.839364,0.16063596,0.67383814,0.3261619,8.2300005
-0.47813618,0.06854253,0.9778096,140.0,140.0,0.0167,0.8150086,0.18499143,0.68654364,0.3134564,12.900001
-2.64964,0.9336651,0.8118435,150.0,150.0,0.167,0.8106411,0.18935896,0.68828076,0.3117193,18.05
-1.6142938,-1.2142574,-0.09862903,185.0,185.0,1.0,0.794845,0.20515497,0.69405395,0.3059461,14.69
0.7892015,-1.6453242,-1.3286674,220.0,220.0,60.0,0.799508,0.20049204,0.6478662,0.35213375,9.3
-1.357976,-1.2130574,0.044566214,180.0,180.0,0.0167,0.7968508,0.20314917,0.6939797,0.3060203,11.96
0.1561233,-1.0733544,-1.3183637,120.0,205.0,120.0,0.8390611,0.16093893,0.615444,0.38455594,7.79
-1.2825875,-0.97983927,-0.0017501418,265.0,205.0,5.0,0.77562654,0.22437344,0.6763965,0.32360348,17.75
1.1545055,-0.499608,0.41992128,160.0,160.0,10.0,0.8095188,0.19048113,0.6815289,0.31847107,10.23
1.1545055,-0.4856091,0.6432167,140.0,140.0,20.0,0.8215792,0.17842081,0.66879827,0.3312017,5.3
0.7273143,-1.2054546,-1.2937251,110.0,290.0,35.0,0.7890171,0.2109829,0.735209,0.26479098,11.55
-4.704038,1.7583146,0.12498179,100.0,100.0,360.0,0.91645885,0.08354115,0.32860276,0.67139727,37.95
0.64739835,-0.78196794,0.29646102,25.0,180.0,20.0,0.828962,0.171038,0.7215112,0.27848879,8.32
2.5172434,0.5159464,-0.71816206,100.0,240.0,30.0,0.8037603,0.19623971,0.71965075,0.28034928,13.4
-4.418028,1.0126666,1.0481477,120.0,120.0,0.167,0.823654,0.17634599,0.6826566,0.3173434,35.0
-3.0246384,-1.6392944,-1.5417352,25.0,310.0,60.0,0.80683845,0.19316155,0.7469126,0.25308743,12.6
0.11608331,-1.2377163,1.436659,25.0,25.0,1.0,0.8604497,0.13955031,0.66374177,0.33625823,2.6000001
-0.07247263,-1.4094557,0.3617676,25.0,25.0,60.0,0.8753934,0.12460654,0.6082857,0.39171427,6.3
2.084927,-1.285015,-1.0840504,270.0,270.0,0.1,0.75129795,0.24870212,0.71027327,0.28972673,4.0000005
-0.5639342,-1.2716017,-0.9172056,250.0,250.0,4.0,0.76355195,0.23644806,0.7033836,0.2966164,15.9
-2.5768008,-0.7633155,0.29646102,25.0,180.0,20.0,0.828962,0.171038,0.7215112,0.27848879,15.38
2.2237213,-1.5325891,-1.7768655,290.0,280.0,60.0,0.768201,0.23179899,0.65656215,0.34343782,4.3
0.94392407,-0.62533027,-0.50665605,200.0,200.0,15.0,0.7927829,0.2072171,0.6846572,0.31534278,8.5
3.6051545,-0.7092362,-1.0295162,180.0,180.0,120.0,0.8364541,0.16354589,0.5819841,0.41801596,2.6000001
-0.08666108,-0.6537637,-1.5497148,25.0,305.0,60.0,0.80825603,0.19174396,0.7447772,0.2552228,11.0
0.687352,-1.5623993,-1.3466465,190.0,190.0,60.0,0.81310964,0.18689042,0.6418923,0.35810772,4.0000005
0.9524719,-0.91724056,1.3113858,50.0,80.0,6.0,0.8458947,0.15410534,0.6789632,0.32103676,2.7
1.635114,-1.450208,-1.332845,25.0,230.0,180.0,0.8630582,0.13694185,0.60205585,0.39794415,2.8
1.1545055,-0.55485463,-0.68345726,160.0,160.0,60.0,0.8259893,0.1740107,0.63587403,0.364126,8.51
0.573744,0.25601074,0.039256148,180.0,180.0,0.25,0.7969344,0.20306565,0.69377816,0.30622178,14.3
3.4573393,0.48231247,-0.71816206,100.0,240.0,30.0,0.8037603,0.19623971,0.71965075,0.28034928,10.3
-0.8855339,-1.5387381,-1.3395376,25.0,350.0,60.0,0.7952108,0.20478922,0.7635664,0.23643361,12.7300005
-3.8151119,0.92786795,0.8118435,150.0,150.0,0.167,0.8106411,0.18935896,0.68828076,0.3117193,22.7
-2.4203722,-1.1171309,-0.16199923,180.0,180.0,6.5,0.79916203,0.20083797,0.68835276,0.3116473,24.0
-0.13617091,-1.256359,-0.3722393,220.0,220.0,3.0,0.77853733,0.22146271,0.698769,0.30123106,8.0
-0.64429986,-0.49193522,-1.4751945,260.0,260.0,45.0,0.774498,0.22550197,0.6693943,0.3306057,16.85
-3.7451713,-0.1472389,1.0874283,25.0,100.0,15.0,0.8472473,0.15275274,0.6882739,0.31172612,22.38
0.9524719,-1.5839874,0.6732464,25.0,160.0,3.0,0.82880443,0.17119563,0.7263207,0.27367932,3.0999997
0.84679663,-1.6586975,-0.8180692,170.0,170.0,90.0,0.8312864,0.16871366,0.60926217,0.3907378,3.3
0.66863286,-1.6717681,0.6111541,80.0,80.0,840.0,0.97110623,0.028893763,0.06394535,0.93605465,1.6800001
1.1545055,-0.4938909,-0.9332685,220.0,220.0,40.0,0.7923239,0.20767611,0.66618836,0.33381158,9.48
-1.9349736,0.25325713,-1.5501704,25.0,290.0,60.0,0.8124612,0.18753888,0.7383004,0.26169962,32.649998
2.5974307,-1.2998542,-1.5970459,250.0,250.0,60.0,0.78517795,0.21482207,0.6537943,0.34620574,3.0199997
-1.83271,-1.2945104,0.9774699,140.0,140.0,0.05,0.81501967,0.18498032,0.68651444,0.31348553,5.8700004
-0.24434648,-1.7808115,1.1717379,100.0,100.0,5.0,0.8334214,0.16657859,0.6745781,0.32542193,4.78
0.84679663,-0.7821153,0.90635574,140.0,140.0,10.0,0.81831425,0.18168578,0.6777424,0.3222576,7.6
1.8080336,0.74466974,0.2415279,105.0,105.0,180.0,0.8789555,0.12104453,0.50543475,0.49456525,19.19
3.3381593,-0.51617825,-0.84804237,25.0,290.0,15.0,0.79682404,0.20317595,0.7720863,0.22791371,3.6999996
0.5862299,-0.4315605,0.026447013,25.0,150.0,300.0,0.9048448,0.09515515,0.43680573,0.5631942,26.22
2.5974307,-1.4216045,-0.91547024,255.0,255.0,1.0,0.7597113,0.24028865,0.70682406,0.29317597,3.8999999
0.9524719,0.51089424,1.4399993,25.0,25.0,0.167,0.86022836,0.13977166,0.6644973,0.33550268,10.8
-0.41446418,-1.1282932,1.1717379,100.0,100.0,5.0,0.8334214,0.16657859,0.6745781,0.32542193,4.6000004
-1.3914858,-1.3757142,-1.6363928,25.0,320.0,90.0,0.814225,0.18577492,0.72765535,0.27234465,9.2
0.14382733,-0.42390603,-1.6642675,300.0,300.0,30.0,0.74735415,0.25264582,0.69023556,0.30976447,14.5
-0.24434648,-1.3983177,1.4291122,25.0,25.0,5.0,0.86150855,0.13849147,0.6601021,0.33989793,4.5
-5.851194,-1.0705134,1.441218,30.0,30.0,0.25,0.85849565,0.14150438,0.66539073,0.3346093,24.859999
0.2470844,-0.046045594,0.94753224,24.0,50.0,30.0,0.8627876,0.13721238,0.65017396,0.349826,12.8
-1.6142938,-1.4647956,0.5864473,170.0,170.0,0.0833,0.80153483,0.19846515,0.6920722,0.3079278,7.79
1.9533007,-0.79720014,1.2506335,88.0,88.0,2.5,0.83745223,0.16254783,0.674519,0.325481,2.1200001
2.084927,-0.9403722,-1.0325394,180.0,240.0,10.0,0.7823391,0.2176609,0.7136907,0.2863093,6.8
-0.5411444,-1.6566018,-0.87072563,50.0,185.0,60.0,0.8362566,0.16374338,0.68265575,0.3173442,7.07
-0.8591327,-0.6316508,-0.70716405,240.0,240.0,2.0,0.7679675,0.23203248,0.7032661,0.2967339,12.05
-2.5768008,-1.4032842,-0.0965482,190.0,180.0,3.0,0.79617006,0.20382991,0.6884379,0.31156212,12.64
1.5016501,-1.78202,-1.2600192,210.0,210.0,60.0,0.80412257,0.19587745,0.64588,0.35412005,6.7
-1.0006887,-0.48546404,-1.6912097,150.0,280.0,30.0,0.7829607,0.2170393,0.72385746,0.27614257,20.0
-3.641867,-0.25584206,1.44066,25.0,25.0,0.0167,0.8601883,0.13981164,0.6646335,0.33536646,19.18
0.59674144,-1.2662956,-1.0646347,160.0,210.0,40.0,0.805655,0.19434503,0.67949945,0.32050055,5.3
1.1545055,-0.52687377,-0.16158941,210.0,210.0,0.33,0.78250057,0.21749948,0.69922364,0.30077633,5.06
1.635114,-1.1653184,0.060716927,25.0,200.0,1080.0,0.9798868,0.020113172,0.035125595,0.9648743,2.8
0.90532935,-1.648314,-0.656155,180.0,180.0,15.0,0.8021623,0.19783776,0.6808905,0.31910953,5.0
1.3474181,-0.27358013,-0.31661457,25.0,235.0,20.0,0.81426334,0.18573669,0.74571437,0.25428563,10.92
0.58865166,-1.5397785,-0.47326294,160.0,150.0,40.0,0.82222223,0.17777775,0.649375,0.35062498,5.9
-4.718985,0.2589189,-1.1824219,25.0,210.0,60.0,0.8336921,0.1663079,0.70201564,0.29798442,33.85
1.1545055,-0.32426694,-0.23755111,160.0,160.0,20.0,0.81290567,0.18709427,0.6726391,0.3273609,14.84
1.1545055,-0.48003894,0.41992128,160.0,160.0,10.0,0.8095188,0.19048113,0.6815289,0.31847107,4.4
1.976955,-0.08287128,0.2415279,105.0,105.0,180.0,0.8789555,0.12104453,0.50543475,0.49456525,10.02
0.66863286,-1.1714766,0.20186782,23.0,23.0,1440.0,0.9933554,0.006644627,0.005636232,0.9943638,5.8
-0.5411444,-1.346683,0.07702926,25.0,80.0,60.0,0.86403054,0.13596949,0.63738364,0.36261636,7.1
-4.6714673,-1.5197643,1.0874283,25.0,100.0,15.0,0.8472473,0.15275274,0.6882739,0.31172612,10.94
-0.044617105,-1.3542682,-1.3329856,270.0,270.0,10.0,0.7553664,0.24463367,0.70191985,0.29808015,7.6
-5.736084,-0.58495945,-0.70716405,240.0,240.0,2.0,0.7679675,0.23203248,0.7032661,0.2967339,41.12
-1.357976,-1.5273588,-0.09286127,200.0,200.0,1.0,0.78765047,0.21234958,0.6968165,0.3031835,11.74
2.5952103,-0.877646,-1.0266223,260.0,260.0,3.0,0.75786334,0.2421367,0.7060392,0.2939608,5.61
2.146338,-0.9612695,-1.511874,25.0,320.0,60.0,0.80397946,0.19602057,0.75114775,0.24885225,8.71
-0.95423,-2.3898237,-1.7916462,280.0,280.0,60.0,0.7701182,0.22988182,0.6596749,0.34032512,6.19
3.1271765,-0.75228226,-0.6994933,190.0,190.0,22.0,0.8000015,0.19999845,0.6765802,0.3234198,3.8500001
-2.3938437,-0.30470917,-0.30076337,25.0,260.0,5.0,0.80205274,0.19794725,0.76731306,0.23268692,21.439999
1.1545055,-0.4992114,-0.102240324,180.0,180.0,5.0,0.79862905,0.20137091,0.68965966,0.31034037,7.9100003
-2.724994,-0.89515686,-1.4494979,260.0,290.0,10.0,0.75058854,0.2494115,0.71409386,0.2859061,21.1
3.3381593,-0.33613566,0.10721126,140.0,140.0,180.0,0.86771834,0.13228163,0.51304054,0.4869595,4.9100003
1.1545055,-0.46758538,-0.3244033,180.0,180.0,10.0,0.8004015,0.19959849,0.6852916,0.31470844,7.9700003
-4.0793114,0.21504837,1.0493019,120.0,120.0,0.0167,0.8236057,0.17639427,0.68278897,0.31721103,23.699999
1.5016501,-1.7866117,-0.9573493,170.0,170.0,60.0,0.8217757,0.17822431,0.6378849,0.36211506,2.9000003
-3.4589436,0.09167179,-1.511874,25.0,320.0,60.0,0.80397946,0.19602057,0.75114775,0.24885225,30.800001
0.71945286,-1.0967194,-1.3501378,180.0,180.0,60.0,0.8174826,0.18251744,0.639891,0.36010894,8.9
1.1545055,-0.50065875,0.93464243,140.0,140.0,5.0,0.81666446,0.18333557,0.68216664,0.31783336,5.4
-0.5411444,1.7653505,-0.56405246,210.0,210.0,15.0,0.7879716,0.21202838,0.68653154,0.31346843,23.0
-3.256619,-0.4937257,-0.19789979,210.0,210.0,2.0,0.78312844,0.21687153,0.6977936,0.30220637,28.210001
0.71945286,-1.449763,0.3117288,50.0,50.0,60.0,0.86725587,0.13274409,0.6134531,0.3865469,3.6000001
3.6051545,-0.687262,-0.6575252,185.0,185.0,15.0,0.7998477,0.2001522,0.6818344,0.31816557,2.6000001
0.84679663,-0.78135884,0.93464243,140.0,140.0,5.0,0.81666446,0.18333557,0.68216664,0.31783336,6.4
-0.33699745,-1.126229,1.2347941,90.0,90.0,4.0,0.83711284,0.16288716,0.67356104,0.32643893,5.0
-2.2384,-0.28544408,-1.511874,25.0,320.0,60.0,0.80397946,0.19602057,0.75114775,0.24885225,23.45
-0.85213614,-1.6903704,-1.2622933,25.0,220.0,60.0,0.8311473,0.16885267,0.70670706,0.29329294,7.33
0.84679663,-0.7829984,0.8438781,140.0,140.0,15.0,0.81995255,0.18004751,0.6732861,0.32671392,8.2
-0.26067558,1.3087684,1.44066,25.0,25.0,0.0167,0.8601883,0.13981164,0.6646335,0.33536646,34.55
1.541404,-1.8682941,-1.1958852,25.0,310.0,30.0,0.7962873,0.20371266,0.7692706,0.23072942,5.0
0.09432659,-1.1456792,-0.1595222,250.0,200.0,10.0,0.7818936,0.21810645,0.6740184,0.32598156,9.28
3.1271765,-1.1134627,-1.2678825,270.0,270.0,180.0,0.8180821,0.18191794,0.54121,0.45879003,3.36
-0.9795832,-0.90000147,-1.0266223,260.0,260.0,3.0,0.75786334,0.2421367,0.7060392,0.2939608,16.52
3.6051545,-1.2877584,-1.6642675,300.0,300.0,30.0,0.74735415,0.25264582,0.69023556,0.30976447,2.6699998
-1.0247155,-1.705901,-1.2622933,25.0,220.0,60.0,0.8311473,0.16885267,0.70670706,0.29329294,29.2
3.1271765,-0.9101176,-0.3244033,180.0,180.0,10.0,0.8004015,0.19959849,0.6852916,0.31470844,3.6999996
0.2470844,2.1282852,0.13973635,100.0,100.0,60.0,0.84963083,0.1503692,0.6237106,0.37628946,28.07
0.59674144,-1.4847672,-1.1374263,25.0,200.0,60.0,0.836206,0.16379397,0.6972812,0.30271876,6.1
-4.704038,1.6977695,0.13973635,100.0,100.0,60.0,0.84963083,0.1503692,0.6237106,0.37628946,36.55
0.096579924,0.14948593,-1.9122337,278.0,275.0,90.0,0.78357226,0.21642774,0.6298012,0.37019885,21.5
1.541404,-2.399742,-1.9537802,330.0,330.0,60.0,0.74341154,0.25658852,0.6693669,0.3306331,3.91
-4.05594,-1.8619822,1.2449558,25.0,25.0,20.0,0.8654192,0.13458076,0.64628685,0.35371312,10.6
-1.83271,-1.3049663,0.58714324,170.0,170.0,0.05,0.80152315,0.1984769,0.69210106,0.30789894,10.38
1.6293457,-1.9019815,-0.69473785,240.0,240.0,1.42,0.7677389,0.23226112,0.703758,0.296242,1.9000003
-0.3575185,-0.6556853,0.021582652,180.0,180.0,1.0,0.79720265,0.20279734,0.6931299,0.30687007,7.5
1.1545055,-0.46676025,-0.33059567,200.0,200.0,10.0,0.7909605,0.20903951,0.6890301,0.31096992,10.2
2.084927,-1.2120641,0.12387954,110.0,110.0,90.0,0.8543351,0.14566492,0.5967735,0.40322646,1.8
-2.3938437,-0.9698793,-0.7076906,25.0,250.0,30.0,0.8134682,0.18653172,0.7444101,0.2555899,12.19
-0.14797877,-1.5131286,0.97092843,150.0,130.0,4.0,0.81744665,0.18255335,0.6751231,0.3248769,4.6000004
-4.42991,-2.100713,-0.12770341,105.0,185.0,30.0,0.8183041,0.18169586,0.6925139,0.30748612,22.82
0.9524719,-0.04961516,1.1857293,100.0,100.0,0.0167,0.83188576,0.16811424,0.6790104,0.3209896,6.76
1.1545055,-0.55687183,-1.3501378,180.0,180.0,60.0,0.8174826,0.18251744,0.639891,0.36010894,7.92
-0.3575185,-0.65782684,-0.5064938,230.0,230.0,1.0,0.77271384,0.22728617,0.7022992,0.29770088,17.0
-2.0690117,-1.7290504,-0.48725542,230.0,230.0,0.0833,0.7723576,0.2276424,0.7030779,0.29692215,11.85
-2.64964,-0.7551555,-0.9663924,260.0,260.0,0.167,0.7567117,0.24328832,0.7084243,0.29157567,22.39
2.287703,-1.6230594,-1.5276182,300.0,300.0,10.0,0.7389116,0.26108834,0.70734894,0.29265106,6.34
2.084927,-1.2474104,-1.0325394,180.0,240.0,10.0,0.7823391,0.2176609,0.7136907,0.2863093,7.5
2.3349266,-1.3773524,-1.6642675,300.0,300.0,30.0,0.74735415,0.25264582,0.69023556,0.30976447,4.6600003
2.146338,-1.338341,-1.4374304,320.0,320.0,3.0,0.7244727,0.2755273,0.71674997,0.28325006,5.5
-0.41446418,-0.93646127,1.1793938,100.0,100.0,8.0,0.8343405,0.16565952,0.6718946,0.3281054,10.4
-4.718985,0.024591358,-1.4227335,320.0,320.0,2.0,0.72403103,0.27596897,0.7175747,0.28242528,33.06
-0.53533745,1.0527304,0.266985,80.0,80.0,480.0,0.938118,0.061881993,0.22796495,0.772035,18.17
0.64739835,0.80717885,-0.6429157,230.0,230.0,6.0,0.77465004,0.22534996,0.69803107,0.3019689,28.609999
0.7273143,-0.653099,-1.3198601,25.0,320.0,40.0,0.7969149,0.20308511,0.7660367,0.23396334,12.27
-1.4500655,-0.5368883,-1.1549037,180.0,180.0,40.0,0.8107902,0.18920985,0.6584094,0.34159058,16.039999
0.9524719,-0.09784554,-0.6962879,170.0,170.0,30.0,0.8118502,0.18814977,0.6655619,0.33443812,11.38
1.635114,-0.9453144,-0.45647243,25.0,150.0,60.0,0.84831923,0.15168072,0.6729891,0.327011,14.7
0.5450627,-0.62300676,-0.102240324,180.0,180.0,5.0,0.79862905,0.20137091,0.68965966,0.31034037,10.8
0.51824915,-1.8773686,-0.1962811,25.0,120.0,60.0,0.8552279,0.14477213,0.6579441,0.34205592,4.0000005
-5.9449954,-1.5856239,1.0278614,120.0,120.0,5.0,0.8252011,0.17479888,0.6783841,0.32161584,30.0
2.084927,-1.2407794,-1.1953945,180.0,240.0,30.0,0.78977686,0.2102231,0.69678915,0.30321082,8.1
0.71945286,-1.079553,0.10025814,140.0,140.0,40.0,0.827971,0.17202903,0.65054417,0.3494558,6.42
0.9524719,-0.30412513,-1.0927854,25.0,190.0,60.0,0.8386894,0.16131066,0.6925046,0.3074954,13.81
-2.9549325,-1.474939,-0.88896877,250.0,250.0,3.0,0.7631524,0.23684756,0.7042312,0.29576874,17.02
-3.256619,-0.4402894,0.8894808,25.0,180.0,5.0,0.82420707,0.17579293,0.7335994,0.26640058,17.94
-1.7298888,-0.28783205,-1.63568,90.0,280.0,120.0,0.82445574,0.17554426,0.66390204,0.33609793,18.4
-3.9004056,-0.83499753,-1.5434659,25.0,280.0,60.0,0.8152249,0.18477511,0.733924,0.266076,19.93
-0.30550376,-1.0798943,1.3515965,70.0,70.0,2.0,0.84429765,0.15570231,0.671522,0.32847798,6.0000005
0.9524719,-1.5988986,0.7990019,25.0,140.0,2.0,0.8336127,0.16638725,0.71809685,0.28190312,2.8
-1.6978815,-1.0024956,-0.6499548,25.0,285.0,0.0167,0.7929084,0.20709164,0.7807065,0.21929346,14.0
-2.0236852,-1.3542362,0.5864473,170.0,170.0,0.0833,0.80153483,0.19846515,0.6920722,0.3079278,14.67
0.7273143,-1.6998671,-1.8963301,280.0,280.0,120.0,0.79276484,0.20723514,0.60297537,0.39702466,8.62
1.4979689,-1.9406543,-1.464368,25.0,330.0,60.0,0.8010885,0.1989115,0.7553353,0.24466473,4.1000004
-2.745534,0.6913789,0.9733883,130.0,130.0,5.0,0.82097256,0.17902744,0.68027836,0.31972167,24.57
1.1545055,-0.1581893,0.41992128,160.0,160.0,10.0,0.8095188,0.19048113,0.6815289,0.31847107,10.06
-0.1224958,-1.9189733,-1.6811731,25.0,230.0,90.0,0.83779126,0.16220877,0.685678,0.31432196,10.26
0.12961115,-0.7105569,-1.0878835,250.0,250.0,20.0,0.7698807,0.2301193,0.6896331,0.3103669,12.8
0.28806418,-0.6812364,-0.073537044,200.0,200.0,0.083,0.7873111,0.21268897,0.69760364,0.30239636,10.72
1.8197242,-1.4170395,-0.97243303,260.0,260.0,0.5,0.75684726,0.24315275,0.70814455,0.29185542,4.4
-1.4500655,-0.6362,-1.1549037,180.0,180.0,40.0,0.8107902,0.18920985,0.6584094,0.34159058,16.619999
1.1545055,-0.47741926,0.10025814,140.0,140.0,40.0,0.827971,0.17202903,0.65054417,0.3494558,6.36
0.9488201,-1.2069309,0.5954311,25.0,200.0,5.0,0.8188581,0.18114197,0.7423124,0.25768766,4.69
0.9524719,-0.2524297,-1.4539349,25.0,250.0,60.0,0.82332695,0.17667305,0.7205183,0.27948168,12.8
-3.7233088,0.856744,1.4300191,25.0,25.0,10.0,0.8628226,0.13717742,0.6555258,0.34447417,22.3
1.1545055,-0.5694286,0.10025814,140.0,140.0,40.0,0.827971,0.17202903,0.65054417,0.3494558,9.17
-2.0236852,-1.5832614,0.043058336,180.0,180.0,0.0833,0.79687464,0.20312531,0.69392216,0.3060778,13.41
-2.1492548,-0.930555,-0.48725542,230.0,230.0,0.0833,0.7723576,0.2276424,0.7030779,0.29692215,13.0
1.541404,-0.3406309,0.73625064,25.0,150.0,0.0167,0.83045036,0.16954967,0.72424865,0.27575135,11.61
1.1545055,-0.96771306,-0.68345726,160.0,160.0,60.0,0.8259893,0.1740107,0.63587403,0.364126,7.7
-0.07247263,-1.5830137,1.2120152,95.0,95.0,1.0,0.83420765,0.16579236,0.67718863,0.32281137,2.3999999
1.1545055,-1.1174008,0.7413627,170.0,140.0,0.8,0.81034106,0.18965895,0.6768474,0.3231526,3.8999999
0.59674144,-1.2192389,-0.08272135,25.0,200.0,20.0,0.8237267,0.1762733,0.73047423,0.26952577,9.4
0.2478737,-0.31576547,0.68460417,160.0,160.0,0.5,0.8062581,0.19374192,0.68985367,0.31014636,9.61
-4.42991,-2.1000493,-0.35388535,105.0,190.0,30.0,0.816944,0.183056,0.6949074,0.30509257,23.95
-2.7802904,-0.3980192,-1.6395283,60.0,240.0,120.0,0.83918774,0.1608123,0.65296906,0.34703094,25.83
-1.6978815,-0.18975331,-0.58135116,25.0,280.0,0.0167,0.7944022,0.20559786,0.7787719,0.22122815,23.0
3.0019646,-0.6966913,-0.9573493,170.0,170.0,60.0,0.8217757,0.17822431,0.6378849,0.36211506,3.45
-3.1503532,-1.6533183,0.6371159,160.0,160.0,3.0,0.8071202,0.19287974,0.6876745,0.31232545,10.0
1.1545055,-0.51824194,-0.5757775,220.0,220.0,10.0,0.7811949,0.21880506,0.6927441,0.30725592,10.12
-4.718985,0.26484567,-1.2620544,80.0,210.0,180.0,0.8603287,0.1396713,0.5727034,0.4272966,29.79
-5.9449954,-1.8546988,0.65709674,160.0,160.0,2.0,0.80677575,0.19322427,0.6885472,0.3114528,25.62
-4.0730495,-1.5894758,-1.1072545,250.0,250.0,10.0,0.76593924,0.2340608,0.6982685,0.30173153,22.2
2.2488923,-1.4010812,0.15861052,25.0,230.0,10.0,0.8122901,0.18770994,0.7512483,0.24875174,2.2
1.080088,-1.145722,-1.4042846,25.0,240.0,60.0,0.82596487,0.1740351,0.715959,0.28404105,8.24
1.541404,-1.6545137,-1.6353195,255.0,255.0,60.0,0.7827186,0.21728139,0.65477765,0.3452223,7.8
-2.5768008,-1.2476295,-0.4679244,240.0,225.0,5.0,0.77397054,0.22602941,0.69357926,0.30642074,15.8
-1.6984288,-0.2547483,-1.9179637,160.0,300.0,60.0,0.78618276,0.21381718,0.70535266,0.2946474,18.96
-2.64964,-1.6352183,0.49019754,70.0,70.0,120.0,0.87561274,0.124387294,0.5585486,0.44145143,14.0
-6.0941725,-0.7845706,-0.7101183,120.0,180.0,240.0,0.8767766,0.123223424,0.48150703,0.51849294,33.29
3.3381593,-0.67727524,-0.045259982,25.0,230.0,15.0,0.81397027,0.18602972,0.7474296,0.2525704,2.7
0.69369555,-0.98038,-1.5525372,25.0,300.0,60.0,0.8096656,0.19033433,0.74263006,0.25737,11.21
-1.6142938,-1.2109147,-0.09862903,185.0,185.0,1.0,0.794845,0.20515497,0.69405395,0.3059461,13.51
-2.3938437,-0.48978683,-0.3588239,25.0,240.0,20.0,0.81287986,0.18712011,0.7478445,0.25215545,23.92
1.1545055,-0.49734092,-0.23755111,160.0,160.0,20.0,0.81290567,0.18709427,0.6726391,0.3273609,8.02
1.6583828,-1.3146241,-1.1390791,280.0,270.0,3.0,0.7504778,0.2495222,0.7049715,0.2950285,4.5
-2.0236852,-1.2266546,0.6918168,160.0,160.0,0.0833,0.8061141,0.19388592,0.690216,0.30978394,10.97
1.1545055,-0.52524096,0.024103835,140.0,140.0,90.0,0.8431551,0.15684496,0.6030346,0.39696535,10.13
-0.4452201,-1.240278,-1.2061965,25.0,320.0,30.0,0.79331213,0.20668788,0.7732452,0.22675478,8.91
-0.24986637,-1.3993396,-1.4005643,300.0,300.0,5.0,0.7367727,0.26322734,0.71153975,0.28846028,8.61
-3.7098951,-0.3237508,-0.3244033,180.0,180.0,10.0,0.8004015,0.19959849,0.6852916,0.31470844,26.42
-3.2806518,-0.90085924,0.6574877,150.0,150.0,10.0,0.8139567,0.18604335,0.6796386,0.32036138,19.18
-3.256619,-0.48063242,-0.5757775,220.0,220.0,10.0,0.7811949,0.21880506,0.6927441,0.30725592,13.34
0.39800176,-1.1692694,-0.1304841,100.0,220.0,960.0,0.9707789,0.029221175,0.052958656,0.94704133,6.9100003
-0.5639342,-1.3703946,-1.1072545,250.0,250.0,10.0,0.76593924,0.2340608,0.6982685,0.30173153,11.56
-1.0993404,0.28314495,-1.9663426,300.0,300.0,120.0,0.78306055,0.2169395,0.6071311,0.39286888,24.0
1.1545055,-0.560243,-1.2540947,200.0,200.0,60.0,0.80865633,0.19134368,0.6438886,0.35611138,12.93
2.4773784,-1.3790253,-0.5677371,25.0,230.0,30.0,0.8189413,0.18105873,0.7357429,0.26425713,5.0
-1.4500655,-0.24988756,0.4820642,150.0,150.0,15.0,0.81562537,0.18437469,0.67519593,0.32480404,11.53
-2.482947,-1.7640065,-1.6708248,220.0,220.0,90.0,0.80993205,0.19006792,0.6195619,0.3804381,15.0
-2.100564,-0.97977823,-1.5417352,25.0,310.0,60.0,0.80683845,0.19316155,0.7469126,0.25308743,18.86
0.31890142,-1.1352223,0.29449308,175.0,175.0,2.0,0.7998943,0.20010577,0.6913374,0.30866262,10.1
-2.745534,-1.3099675,1.0481477,120.0,120.0,0.167,0.823654,0.17634599,0.6826566,0.3173434,10.9800005
0.71945286,-1.0825564,-1.1549037,180.0,180.0,40.0,0.8107902,0.18920985,0.6584094,0.34159058,7.81
1.976955,-0.08279527,0.2048415,115.0,115.0,180.0,0.8758316,0.12416838,0.50760823,0.49239177,8.02
-4.4198413,-0.048612855,1.4216015,50.0,50.0,0.5,0.85136193,0.1486381,0.6690265,0.3309735,16.3
-2.0897746,-0.67696023,-0.3462999,220.0,220.0,2.0,0.7781558,0.22184427,0.6996241,0.30037585,20.51
2.3349266,-1.4420098,-1.5518017,25.0,295.0,60.0,0.8110674,0.18893263,0.74047107,0.25952893,5.6000004
0.4653507,-0.8703715,-0.3722393,220.0,220.0,3.0,0.77853733,0.22146271,0.698769,0.30123106,13.37
3.3381593,-0.16646773,-1.0416892,25.0,280.0,30.0,0.80502117,0.19497882,0.75705624,0.24294376,5.2000003
-1.6142938,-1.3254479,0.66480464,165.0,165.0,0.0167,0.8038113,0.19618866,0.6912027,0.3087973,9.83
-1.2165072,-0.8694348,-0.46966094,25.0,273.0,0.0167,0.79647994,0.20352003,0.77604276,0.2239572,16.0
-0.4452201,-1.240556,-1.2061965,25.0,320.0,30.0,0.79331213,0.20668788,0.7732452,0.22675478,8.01
-2.141743,-0.36670646,0.044568382,180.0,180.0,0.0166,0.7968508,0.20314923,0.69397974,0.3060202,13.39
0.687352,-1.6712633,-1.023863,190.0,190.0,300.0,0.8809145,0.119085476,0.4031675,0.5968325,5.7000003
0.59674144,-0.18858603,-1.5620062,25.0,200.0,90.0,0.8450918,0.15490815,0.6709314,0.32906857,17.4
-0.46477535,-0.3883133,0.043058336,180.0,180.0,0.0833,0.79687464,0.20312531,0.69392216,0.3060778,12.5
2.5974307,-1.5532582,-1.1903497,280.0,280.0,0.83,0.74613816,0.25386187,0.7114504,0.2885496,3.0999997
-3.256619,-0.46090055,-1.7670772,240.0,240.0,90.0,0.80082965,0.19917037,0.62365246,0.3763476,26.14
-0.49532914,-1.5122366,1.20836,130.0,110.0,10.0,0.827854,0.17214602,0.66589147,0.3341085,2.9000003
-3.5967855,-0.2507743,-0.3027589,220.0,220.0,0.017,0.7773977,0.22260223,0.7013159,0.29868415,40.3
1.1545055,-0.5157239,-0.85774416,200.0,200.0,40.0,0.8017188,0.19828123,0.6623099,0.33769014,13.34
2.0664167,-1.309961,-0.5874749,250.0,200.0,30.0,0.7893425,0.21065754,0.6559041,0.34409595,3.5000002
1.817085,0.64984316,0.3573433,25.0,80.0,180.0,0.89231086,0.10768919,0.51901346,0.4809865,20.31
1.1545055,-0.51932,0.6432167,140.0,140.0,20.0,0.8215792,0.17842081,0.66879827,0.3312017,6.0000005
-1.4619858,-1.4045045,-1.7916462,280.0,280.0,60.0,0.7701182,0.22988182,0.6596749,0.34032512,15.61
1.1545055,-0.62560433,1.1062168,140.0,126.0,0.5,0.8189868,0.18101324,0.6792882,0.32071182,4.4
-0.28519964,-1.3489834,-1.4714866,45.0,255.0,60.0,0.8188144,0.18118562,0.7172031,0.28279692,13.09
-4.418028,-1.3238595,1.3595257,70.0,70.0,0.167,0.843764,0.156236,0.67316395,0.32683605,20.39
1.1545055,-0.57323295,-1.1549037,180.0,180.0,40.0,0.8107902,0.18920985,0.6584094,0.34159058,7.53
1.1545055,-0.4803402,-0.85774416,200.0,200.0,40.0,0.8017188,0.19828123,0.6623099,0.33769014,12.400001
-2.5768008,-1.497424,0.19461174,170.0,170.0,10.0,0.80500054,0.19499946,0.68341327,0.31658676,10.83
1.5884987,-1.7054738,-1.5525372,25.0,300.0,60.0,0.8096656,0.19033433,0.74263006,0.25737,6.0000005
-0.5411444,-1.2964305,0.07702926,25.0,80.0,60.0,0.86403054,0.13596949,0.63738364,0.36261636,13.3
-0.26415893,-1.93073,-1.5525372,25.0,300.0,60.0,0.8096656,0.19033433,0.74263006,0.25737,9.0
1.5884987,-1.2318941,-1.5525372,25.0,300.0,60.0,0.8096656,0.19033433,0.74263006,0.25737,3.5000002
-4.05594,-1.8619695,1.2449558,25.0,25.0,20.0,0.8654192,0.13458076,0.64628685,0.35371312,13.3
-0.2458794,-0.084131,0.65709674,160.0,160.0,2.0,0.80677575,0.19322427,0.6885472,0.3114528,17.04
1.1545055,0.42985284,-0.57284987,160.0,160.0,40.0,0.81953996,0.18046005,0.6544874,0.34551263,20.369999
1.1545055,-0.5144841,-1.2540947,200.0,200.0,60.0,0.80865633,0.19134368,0.6438886,0.35611138,13.77
-0.49532914,-1.6365777,0.8289134,100.0,100.0,30.0,0.8409564,0.1590436,0.65187967,0.34812036,6.3
1.1545055,-0.49646044,-0.56661177,200.0,200.0,20.0,0.7945936,0.20540638,0.6802514,0.31974858,11.5
-3.6863542,-0.16399091,-0.7552167,220.0,220.0,30.0,0.7886613,0.2113387,0.67516875,0.32483122,33.85
-3.256619,-0.47929862,-0.9332685,220.0,220.0,40.0,0.7923239,0.20767611,0.66618836,0.33381158,15.219999
1.976955,1.2177147,0.1550221,130.0,130.0,180.0,0.87101626,0.12898374,0.5108679,0.48913208,16.26
-0.53678554,-1.3967639,-0.96490866,260.0,260.0,0.0833,0.75667757,0.24332239,0.7084946,0.29150537,12.21
-1.3944796,-1.3667935,-1.8845072,160.0,280.0,120.0,0.81324685,0.18675312,0.64196223,0.35803774,15.29
1.1545055,-0.45811817,0.7413627,170.0,140.0,0.8,0.81034106,0.18965895,0.6768474,0.3231526,4.4
1.1545055,-0.50595886,-0.003825408,180.0,180.0,2.0,0.79756,0.20244002,0.6922644,0.30773565,12.14
-2.82788,0.6554236,1.3099098,80.0,80.0,0.333,0.83994675,0.16005327,0.6749261,0.3250739,20.83
0.16473211,-1.4062747,-0.6803466,200.0,200.0,30.0,0.7981797,0.2018203,0.67134315,0.32865685,6.3
1.4853187,-1.6262828,-1.5417352,25.0,310.0,60.0,0.80683845,0.19316155,0.7469126,0.25308743,7.1
0.22497924,-1.0442731,1.1434563,105.0,105.0,2.0,0.8304637,0.16953628,0.67819977,0.3218002,5.9100003
0.27108344,-1.4411997,1.2486651,90.0,90.0,0.167,0.8359537,0.16404635,0.67697865,0.32302138,2.3999999
2.084927,-0.93730384,-0.33059567,200.0,200.0,10.0,0.7909605,0.20903951,0.6890301,0.31096992,4.4700003
-0.5411444,1.4418966,-1.1549037,180.0,180.0,40.0,0.8107902,0.18920985,0.6584094,0.34159058,19.3
1.1545055,-0.48085958,-0.4290786,220.0,220.0,5.0,0.77929896,0.22070104,0.69705445,0.30294558,10.51
-3.943689,-0.13587162,-1.6235034,25.0,350.0,120.0,0.8159762,0.18402381,0.7167434,0.2832566,23.96
-3.7098951,-0.31884664,-0.84769416,180.0,180.0,20.0,0.80391127,0.19608878,0.67645687,0.32354307,36.54
0.9524719,-1.121094,1.4308058,30.0,30.0,5.0,0.85976696,0.14023302,0.66107684,0.33892313,2.1000001
0.51824915,-0.31367055,-1.4470036,278.0,278.0,12.0,0.75187385,0.2481261,0.70167375,0.29832622,20.0
2.5974307,-1.4017643,-0.82868004,250.0,250.0,0.167,0.76201814,0.23798192,0.7066249,0.29337505,1.9999998
-0.24986637,-1.7210003,0.2762042,25.0,220.0,10.0,0.8150558,0.18494423,0.7470142,0.25298578,4.01
1.635114,-1.6464844,-1.1852319,320.0,348.0,300.0,0.8281415,0.17185849,0.4461694,0.5538306,3.6999996
1.1545055,-0.4676521,-0.16301113,140.0,140.0,60.0,0.83417994,0.16582,0.6318379,0.3681621,6.7
-2.0236852,-1.3417815,0.9307842,145.0,145.0,0.33,0.8129147,0.18708527,0.6872047,0.31279528,8.1
1.1545055,-0.5160616,-0.57284987,160.0,160.0,40.0,0.81953996,0.18046005,0.6544874,0.34551263,19.36
-2.1924248,-1.2491275,-1.8529547,210.0,255.0,90.0,0.8016307,0.19836934,0.6411544,0.3588456,23.06
-2.7802904,-1.216132,-0.8651097,250.0,250.0,2.0,0.7627525,0.23724753,0.70507747,0.29492253,14.43
-1.8633715,1.5754803,0.81301135,150.0,150.0,0.0833,0.8106127,0.18938737,0.6883538,0.31164625,20.32
2.5974307,-1.4212185,-0.8999605,255.0,255.0,0.17,0.75937617,0.24062388,0.7075229,0.29247707,2.6000001
0.66863286,-0.8531582,-0.49988973,25.0,155.0,60.0,0.84714186,0.15285815,0.6754633,0.3245367,9.0
1.1545055,-0.49818894,-0.68345726,160.0,160.0,60.0,0.8259893,0.1740107,0.63587403,0.364126,12.37
2.5974307,-1.5532528,-1.1828294,280.0,280.0,0.33,0.7459286,0.25407135,0.71186763,0.28813243,2.4999998
1.1545055,-0.49481773,-1.1549037,180.0,180.0,40.0,0.8107902,0.18920985,0.6584094,0.34159058,11.21
1.1545055,-0.49841145,-0.23755111,160.0,160.0,20.0,0.81290567,0.18709427,0.6726391,0.3273609,10.88
0.5176942,-0.78536063,-1.3863859,100.0,250.0,60.0,0.81123704,0.18876293,0.6991547,0.30084532,12.31
-1.9083992,-0.9186845,1.4399993,25.0,25.0,0.167,0.86022836,0.13977166,0.6644973,0.33550268,7.03
-0.07247263,-1.3997098,0.3617676,25.0,25.0,60.0,0.8753934,0.12460654,0.6082857,0.39171427,6.9
1.7428236,-1.0163091,-0.67338973,240.0,240.0,0.333,0.7673099,0.23269008,0.70467865,0.29532135,4.9100003
0.14382733,-1.2664282,-0.6321742,25.0,240.0,30.0,0.8162206,0.18377945,0.74009997,0.2599001,6.98
-0.105770126,-0.8880639,-0.56661177,200.0,200.0,20.0,0.7945936,0.20540638,0.6802514,0.31974858,15.0
-0.53678554,-1.1910111,-0.96490866,260.0,260.0,0.0833,0.75667757,0.24332239,0.7084946,0.29150537,13.2300005
-0.44119453,-0.8074457,-0.0772834,190.0,190.0,0.0166,0.79210925,0.20789081,0.6958233,0.3041767,6.4
0.2478737,0.027769739,1.1533393,105.0,105.0,0.083,0.829866,0.17013402,0.6798986,0.3201014,9.03
0.28806418,-1.8929836,-0.14003226,200.0,200.0,3.0,0.7883893,0.2116107,0.69509566,0.30490428,2.6699998
-3.7098951,-0.5348865,-0.84769416,180.0,180.0,20.0,0.80391127,0.19608878,0.67645687,0.32354307,36.07
-4.4198413,1.7625297,-0.13811833,25.0,100.0,70.0,0.86233354,0.1376665,0.6383996,0.36160037,33.1
1.7428236,0.14024635,-0.07595247,200.0,200.0,0.2,0.78735435,0.21264564,0.69750327,0.30249673,13.0
-1.108195,-0.7731038,0.16328296,25.0,240.0,0.0167,0.80606455,0.19393548,0.7628564,0.23714358,12.41
0.9524719,-1.6640574,-1.1824219,25.0,210.0,60.0,0.8336921,0.1663079,0.70201564,0.29798442,5.4
2.1573102,-1.3008008,-1.2167897,220.0,200.0,60.0,0.8052925,0.1947075,0.6375193,0.36248067,6.02
1.1545055,-1.1176187,0.67191076,170.0,140.0,4.0,0.81142634,0.18857369,0.6739949,0.3260051,4.7000003
1.6040208,-1.6509012,-1.5417352,25.0,310.0,60.0,0.80683845,0.19316155,0.7469126,0.25308743,10.2
0.84679663,-0.7865893,0.9586429,140.0,140.0,2.0,0.81566894,0.18433103,0.6848056,0.31519446,5.1
-3.4874158,-0.27343175,-0.84769416,180.0,180.0,20.0,0.80391127,0.19608878,0.67645687,0.32354307,31.23
2.084927,-1.2330291,-0.26860213,145.0,145.0,60.0,0.8321617,0.16783829,0.6328487,0.3671513,2.9999998
-2.64964,-1.588137,0.26283622,70.0,70.0,60.0,0.86042565,0.13957433,0.61756873,0.3824313,16.6
-1.704436,-0.6242054,0.5864473,170.0,170.0,0.0833,0.80153483,0.19846515,0.6920722,0.3079278,14.67
0.94392407,0.03921639,-1.4934189,370.0,350.0,0.167,0.70093924,0.29906073,0.718763,0.281237,7.42
-3.2806518,-0.9971362,0.74412787,150.0,150.0,5.0,0.8122763,0.18772368,0.68404895,0.31595105,16.25
0.5875617,-0.7669554,-0.11680198,25.0,170.0,120.0,0.86028844,0.13971157,0.62780863,0.37219134,8.9
2.5974307,-1.3051815,-1.1677136,250.0,250.0,15.0,0.76791584,0.23208418,0.6939678,0.30603215,4.9500003
-1.3852432,-1.5919969,-0.6703084,240.0,240.0,0.167,0.7672444,0.23275563,0.70481914,0.2951809,12.63
2.287703,-1.6230003,-1.2424979,300.0,300.0,200.0,0.81161165,0.1883883,0.5274669,0.47253305,4.3500004
0.6319393,-1.956019,0.605328,25.0,25.0,180.0,0.90157956,0.09842042,0.48804635,0.51195365,1.8
2.5974307,-1.5532545,-1.185344,280.0,280.0,0.5,0.7459999,0.25400016,0.7117258,0.28827423,2.8
2.2237213,-1.1016037,-1.7106502,45.0,300.0,120.0,0.82620084,0.17379917,0.6874117,0.31258824,10.0
1.1545055,-0.4955132,0.10025814,140.0,140.0,40.0,0.827971,0.17202903,0.65054417,0.3494558,6.12
-1.0833983,-1.5978309,0.3199934,170.0,170.0,8.0,0.80430526,0.19569468,0.6851701,0.3148299,9.74
3.6051545,-0.7528782,-0.31270504,220.0,220.0,0.5,0.7775825,0.22241744,0.7009043,0.29909566,2.1000001
0.66863286,-1.5379101,-1.5593648,25.0,230.0,150.0,0.8550262,0.14497383,0.6308867,0.36911333,13.15
0.71945286,-1.5151042,0.80720127,150.0,150.0,0.5,0.81075406,0.18924592,0.6879902,0.31200984,3.8999999
2.2488923,-1.3371242,-1.6918557,25.0,230.0,120.0,0.84660685,0.1533932,0.65881246,0.34118757,3.0999997
-2.9938831,-1.2842144,-0.1579177,160.0,200.0,10.0,0.79801214,0.20198786,0.70076144,0.29923853,14.83
-3.256619,-0.62429446,-0.24317616,240.0,215.0,5.0,0.777146,0.222854,0.6887703,0.3112297,13.650001
0.2478737,-0.4166992,0.9762809,140.0,140.0,0.167,0.81505865,0.18494132,0.68641204,0.31358793,8.91
0.5875617,-0.7901838,0.021432444,25.0,170.0,30.0,0.8346085,0.16539156,0.70863813,0.29136187,9.8
3.6051545,-1.2292322,-1.302814,280.0,260.0,40.0,0.768744,0.23125601,0.6677683,0.33223173,2.7
0.10196279,-0.6476008,0.7277136,170.0,140.0,1.5,0.8105789,0.1894211,0.6762245,0.32377547,9.76
0.71945286,-1.5012604,1.0029569,130.0,130.0,0.3,0.81943977,0.18056029,0.6844205,0.31557944,2.4799998
1.1545055,0.41564345,0.59156406,160.0,160.0,5.0,0.80780786,0.19219209,0.68592525,0.31407478,18.539999
-4.42991,2.012799,0.12498179,100.0,100.0,360.0,0.91645885,0.08354115,0.32860276,0.67139727,39.769997
1.1545055,-1.830289,1.1717379,100.0,100.0,5.0,0.8334214,0.16657859,0.6745781,0.32542193,1.9300001
2.084927,-1.7583376,-0.4192656,180.0,220.0,2.0,0.7855222,0.21447778,0.7111234,0.28887662,1.1000001
0.71945286,-1.3489168,1.2528682,130.0,100.0,5.0,0.8288755,0.17112452,0.665402,0.334598,3.5000002
-1.0264161,0.2171503,-1.6460698,25.0,260.0,73.0,0.8248502,0.1751498,0.7143701,0.28562993,24.73
3.3381593,-0.2145142,-0.6321742,25.0,240.0,30.0,0.8162206,0.18377945,0.74009997,0.2599001,3.2
2.4773784,-1.1900017,-0.03787779,280.0,200.0,8.33,0.7756768,0.22432315,0.66634583,0.3336542,3.6599996
-2.64964,-1.5671014,0.95726174,70.0,70.0,30.0,0.85226566,0.1477343,0.6459366,0.35406336,11.4
1.1545055,-0.45395863,-1.0295162,180.0,180.0,120.0,0.8364541,0.16354589,0.5819841,0.41801596,16.869999
0.71945286,-1.3384317,1.0029569,130.0,130.0,0.3,0.81943977,0.18056029,0.6844205,0.31557944,5.2200003
3.3381593,-0.5366179,-0.84804237,25.0,290.0,15.0,0.79682404,0.20317595,0.7720863,0.22791371,8.2
1.9867188,-1.2445892,-0.4290786,220.0,220.0,5.0,0.77929896,0.22070104,0.69705445,0.30294558,3.6000001
-2.1710436,-1.8547468,1.2987008,80.0,80.0,3.0,0.84073806,0.15926191,0.67254233,0.32745764,6.76
0.9524719,-0.91487855,1.3209693,50.0,80.0,2.0,0.844738,0.15526204,0.68249804,0.31750193,1.9999998
3.1271765,-0.40709367,-0.09250313,25.0,270.0,960.0,0.9704872,0.029512754,0.064923204,0.93507683,4.1800003
-0.5411444,-1.6549641,-0.8821849,50.0,185.0,120.0,0.85362613,0.1463739,0.62762374,0.3723763,7.4
-3.9169168,-0.27702254,1.3578401,70.0,70.0,0.5,0.8438611,0.15613893,0.672866,0.327134,19.34
0.85663676,-1.7106737,0.0068573947,60.0,80.0,2640.0,0.9994567,0.0005433452,4.6546567e-05,0.9999535,3.6000001
-0.23518248,-2.0706878,-1.5518017,25.0,295.0,60.0,0.8110674,0.18893263,0.74047107,0.25952893,5.9400005
-4.05594,0.8981976,1.4300191,25.0,25.0,10.0,0.8628226,0.13717742,0.6555258,0.34447417,35.98
0.12961115,-0.8133555,-1.0878835,250.0,250.0,20.0,0.7698807,0.2301193,0.6896331,0.3103669,16.3
-0.07247263,-1.4042258,0.3617676,25.0,25.0,60.0,0.8753934,0.12460654,0.6082857,0.39171427,6.0000005
0.43945587,-0.2732677,-0.31661457,25.0,235.0,20.0,0.81426334,0.18573669,0.74571437,0.25428563,13.57
0.95054066,-0.86983454,-0.32338563,220.0,220.0,1.0,0.77777374,0.22222628,0.70047796,0.29952207,3.1900003
-2.5768008,-0.61861885,-0.032180395,180.0,180.0,3.0,0.7979168,0.20208319,0.6913975,0.30860254,21.439999
0.59674144,-1.5095769,-0.081007734,225.0,205.0,2.5,0.7821129,0.21788712,0.69056535,0.30943468,5.4
3.1271765,-0.5718865,1.0070436,50.0,50.0,30.0,0.8594301,0.14056998,0.6419493,0.35805073,4.0200005
1.1545055,-0.47448468,0.41992128,160.0,160.0,10.0,0.8095188,0.19048113,0.6815289,0.31847107,5.6800003
-3.4874158,-0.15698266,-0.84769416,180.0,180.0,20.0,0.80391127,0.19608878,0.67645687,0.32354307,28.060001
-2.090326,-0.53503436,-0.78154576,150.0,210.0,30.0,0.80387676,0.19612324,0.69124967,0.3087503,16.78
3.3381593,-0.07162048,0.79697645,105.0,105.0,30.0,0.8390047,0.1609953,0.65286565,0.34713438,5.4100003
0.573744,0.2562017,-0.003825408,180.0,180.0,2.0,0.79756,0.20244002,0.6922644,0.30773565,14.79
-4.153401,-0.26426482,0.59156406,160.0,160.0,5.0,0.80780786,0.19219209,0.68592525,0.31407478,17.49
0.67632586,-1.103332,-0.037643608,220.0,180.0,1.5,0.7903134,0.20968653,0.6807938,0.3192062,6.73
2.3401406,-0.84240025,-1.096103,150.0,180.0,60.0,0.8222662,0.17773375,0.64939815,0.35060188,7.0
-0.14567302,-1.090291,-0.102240324,180.0,180.0,5.0,0.79862905,0.20137091,0.68965966,0.31034037,8.59
-0.14567302,-1.0839093,-0.23755111,160.0,160.0,20.0,0.81290567,0.18709427,0.6726391,0.3273609,8.91
0.66863286,0.7193344,-1.4622157,80.0,260.0,60.0,0.81175,0.18825,0.70960665,0.29039335,7.82
-0.41318667,-1.2734605,-0.4290786,220.0,220.0,5.0,0.77929896,0.22070104,0.69705445,0.30294558,16.5
-1.6142938,-1.6339568,0.58783114,170.0,170.0,0.017,0.80151147,0.19848847,0.6921297,0.30787036,7.67
-2.4319925,-1.6876135,-1.5434659,25.0,280.0,60.0,0.8152249,0.18477511,0.733924,0.266076,9.82
-2.182239,-1.6211175,1.0278614,120.0,120.0,5.0,0.8252011,0.17479888,0.6783841,0.32161584,13.0
-1.4500655,-0.4965654,0.59156406,160.0,160.0,5.0,0.80780786,0.19219209,0.68592525,0.31407478,14.72
-1.0048336,-1.7684413,-0.6765324,240.0,240.0,0.5,0.7673758,0.23262414,0.70453733,0.29546267,7.67
-0.29138768,-1.6721462,1.0318674,30.0,30.0,30.0,0.8663014,0.1336986,0.6379422,0.36205786,6.4
1.5159678,-1.9449328,-1.464368,25.0,330.0,60.0,0.8010885,0.1989115,0.7553353,0.24466473,4.4
-3.4984875,0.36853567,1.1857293,100.0,100.0,0.0167,0.83188576,0.16811424,0.6790104,0.3209896,28.210001
-1.357976,-1.2159085,0.6929544,160.0,160.0,0.0167,0.8060911,0.19390893,0.69027394,0.30972603,13.31
2.3170292,0.6422585,0.34794208,80.0,80.0,180.0,0.8864697,0.11353032,0.50000036,0.49999967,12.6
0.71945286,-1.0840564,1.0317242,120.0,120.0,3.0,0.82456225,0.17543782,0.6801558,0.31984413,5.77
0.59674144,-1.3625147,-0.081007734,225.0,205.0,2.5,0.7821129,0.21788712,0.69056535,0.30943468,6.3
-1.4500655,-0.6351991,-0.23755111,160.0,160.0,20.0,0.81290567,0.18709427,0.6726391,0.3273609,10.96
-1.4366019,-1.7998894,-0.6427528,110.0,182.0,60.0,0.8279718,0.17202821,0.6628986,0.3371014,9.8
-4.3380175,-1.7772595,0.59156406,160.0,160.0,5.0,0.80780786,0.19219209,0.68592525,0.31407478,18.699999
1.1545055,-0.5950683,-0.5757775,220.0,220.0,10.0,0.7811949,0.21880506,0.6927441,0.30725592,9.69
-1.6689167,-0.6887466,-0.84431326,250.0,250.0,1.0,0.76235205,0.23764798,0.7059223,0.2940777,21.5
-1.6142938,-1.3221668,0.66480464,165.0,165.0,0.0167,0.8038113,0.19618866,0.6912027,0.3087973,9.94
-4.42991,-3.4574034,0.70113915,0.0,0.0,180.0,0.9078366,0.09216341,0.48261645,0.5173836,6.2900004
0.687352,-1.5251895,-1.3466465,190.0,190.0,60.0,0.81310964,0.18689042,0.6418923,0.35810772,4.7000003
-0.5411444,-1.649311,-0.9291584,50.0,185.0,240.0,0.88377935,0.11622066,0.50852424,0.49147576,8.85
0.2470844,2.1285398,0.13973635,100.0,100.0,60.0,0.84963083,0.1503692,0.6237106,0.37628946,22.79
2.084927,-1.2005388,-0.032180395,180.0,180.0,3.0,0.7979168,0.20208319,0.6913975,0.30860254,4.21
-0.48581427,-0.73628575,-1.2329295,285.0,285.0,1.0,0.7434497,0.25655034,0.71220046,0.28779957,5.6700006
0.71945286,-0.90826875,1.0600804,120.0,120.0,10.0,0.8267904,0.17320956,0.67393243,0.32606757,6.5
-1.9071524,1.7644876,0.06779883,160.0,160.0,15.0,0.81121814,0.1887819,0.6771,0.3229,34.1
1.2219447,-0.4860769,-1.5417352,25.0,310.0,60.0,0.80683845,0.19316155,0.7469126,0.25308743,13.6
0.64739835,-1.4845827,0.5179256,180.0,160.0,2.0,0.80338687,0.19661312,0.6825829,0.31741714,5.0
0.59674144,-1.5076936,-0.08272135,25.0,200.0,20.0,0.8237267,0.1762733,0.73047423,0.26952577,4.9
2.5952103,-0.8776303,-1.0829227,260.0,260.0,5.0,0.758674,0.24132596,0.70434856,0.29565147,6.38
-0.6356275,-0.004950768,-1.3020617,300.0,270.0,10.0,0.74933094,0.25066903,0.6931641,0.30683592,18.0
0.71945286,-1.3644475,1.0362542,120.0,120.0,2.0,0.82424206,0.17575794,0.68103975,0.31896028,5.7000003
0.573744,0.25425887,-0.102240324,180.0,180.0,5.0,0.79862905,0.20137091,0.68965966,0.31034037,17.89
3.3381593,-0.22892596,-1.1180117,25.0,290.0,30.0,0.8021418,0.19785817,0.76117593,0.2388241,2.9999998
1.5400915,-0.6211816,1.4300191,25.0,25.0,10.0,0.8628226,0.13717742,0.6555258,0.34447417,4.42
-0.14797877,-0.90622264,-0.19363129,150.0,150.0,90.0,0.83927625,0.16072379,0.60511434,0.39488572,8.0
0.12961115,-1.4657633,-1.6635048,25.0,220.0,120.0,0.8489609,0.1510391,0.6537302,0.3462698,1.9999998
0.9524719,-0.92456275,1.1360459,50.0,80.0,20.0,0.84988767,0.15011232,0.66643065,0.3335693,3.6000001
-4.4173164,-0.8418842,-1.5525372,25.0,300.0,60.0,0.8096656,0.19033433,0.74263006,0.25737,18.32
3.4573393,0.49669826,-0.71816206,100.0,240.0,30.0,0.8037603,0.19623971,0.71965075,0.28034928,10.4
1.1545055,-1.1179081,0.50806105,170.0,140.0,9.0,0.81311256,0.1868875,0.66951203,0.33048794,5.0
3.3381593,-0.22630513,-1.0416892,25.0,280.0,30.0,0.80502117,0.19497882,0.75705624,0.24294376,3.3
-0.33699745,-1.1044323,1.1137354,110.0,110.0,1.0,0.8280949,0.17190506,0.6800333,0.31996667,5.2000003
0.371696,0.296844,-1.5501704,25.0,290.0,60.0,0.8124612,0.18753888,0.7383004,0.26169962,13.940001
-4.718985,0.23160186,-1.1740465,80.0,220.0,60.0,0.82264805,0.17735197,0.6906917,0.30930832,34.64
3.3381593,-1.2465099,0.03677375,25.0,100.0,195.0,0.89199215,0.10800781,0.51503503,0.48496497,1.0000007
1.8080336,1.2177147,0.1550221,130.0,130.0,180.0,0.87101626,0.12898374,0.5108679,0.48913208,10.92
-2.482947,-1.7717729,-1.208369,220.0,220.0,180.0,0.83870304,0.16129695,0.5303968,0.46960315,14.8
0.94392407,-0.10232506,-0.50363576,25.0,275.0,0.0167,0.7958879,0.20411211,0.77682495,0.22317506,14.0
1.829127,-1.358484,-1.464368,25.0,330.0,60.0,0.8010885,0.1989115,0.7553353,0.24466473,2.9000003
0.71945286,-1.3496994,1.0362542,120.0,120.0,2.0,0.82424206,0.17575794,0.68103975,0.31896028,5.9
-1.704436,-1.515162,0.6918168,160.0,160.0,0.0833,0.8061141,0.19388592,0.690216,0.30978394,10.13
1.9699548,-1.3467516,1.4300191,25.0,25.0,10.0,0.8628226,0.13717742,0.6555258,0.34447417,1.8399999
0.4729573,-0.94998807,-1.7969053,300.0,300.0,45.0,0.75356627,0.24643369,0.6770459,0.32295415,9.5
-4.9357095,1.1983677,0.23820615,25.0,120.0,40.0,0.849665,0.15033503,0.6760041,0.32399592,39.649998
-1.4500655,-0.54208547,-0.3244033,180.0,180.0,10.0,0.8004015,0.19959849,0.6852916,0.31470844,13.95
0.9524719,0.51160187,1.4300191,25.0,25.0,10.0,0.8628226,0.13717742,0.6555258,0.34447417,10.4
-0.64429986,-0.47257295,-1.7916462,280.0,280.0,60.0,0.7701182,0.22988182,0.6596749,0.34032512,22.64
1.5884987,-1.7316726,-1.5525372,25.0,300.0,60.0,0.8096656,0.19033433,0.74263006,0.25737,5.0
-0.53678554,-0.6195006,1.1857293,100.0,100.0,0.0167,0.83188576,0.16811424,0.6790104,0.3209896,10.04
3.0019646,-0.57513404,-0.6803466,200.0,200.0,30.0,0.7981797,0.2018203,0.67134315,0.32865685,9.13
3.0019646,-0.57633495,-0.6803466,200.0,200.0,30.0,0.7981797,0.2018203,0.67134315,0.32865685,7.35
1.1545055,-0.5266096,-0.19789979,210.0,210.0,2.0,0.78312844,0.21687153,0.6977936,0.30220637,11.0
-0.33699745,-1.5642616,1.1729867,100.0,100.0,6.0,0.8337282,0.16627179,0.67368484,0.32631513,7.6
1.1545055,-0.59268546,0.59156406,160.0,160.0,5.0,0.80780786,0.19219209,0.68592525,0.31407478,7.9700003
-1.0048336,-1.7068163,-0.6765324,240.0,240.0,0.5,0.7673758,0.23262414,0.70453733,0.29546267,8.01
-4.418028,-0.5069702,0.039256148,180.0,180.0,0.25,0.7969344,0.20306565,0.69377816,0.30622178,29.44
1.9868374,-1.2193671,-0.40075085,220.0,220.0,4.0,0.7789184,0.22108164,0.6979124,0.30208763,4.0000005
-1.704436,-1.4697953,-0.077285394,190.0,190.0,0.0167,0.79210925,0.20789075,0.69582325,0.30417675,9.82
-2.724994,-2.1901445,-1.7246356,25.0,250.0,120.0,0.84180856,0.15819146,0.66886723,0.33113277,12.88
-2.0236852,-1.3807894,1.44066,25.0,25.0,0.0167,0.8601883,0.13981164,0.6646335,0.33536646,10.27
-1.0048336,-1.6577555,-0.6765324,240.0,240.0,0.5,0.7673758,0.23262414,0.70453733,0.29546267,8.8
-1.3914858,-0.07661075,-0.4170321,25.0,270.0,0.0167,0.79736567,0.20263432,0.77486587,0.22513413,22.72
0.5176942,-0.74020904,-1.463676,235.0,235.0,60.0,0.7924342,0.2075658,0.65083605,0.34916392,12.900001
0.9524719,-1.7061297,-0.5687713,165.0,165.0,30.0,0.8140582,0.18594185,0.66459346,0.33540657,2.8
-0.41446418,-0.9356757,1.2141783,100.0,100.0,15.0,0.8364692,0.16353087,0.6655895,0.33441055,14.2
0.58865166,-0.7513209,-0.1213294,190.0,190.0,2.0,0.7928306,0.20716941,0.69411373,0.3058863,12.7
-2.0236852,-1.5356601,0.6918168,160.0,160.0,0.0833,0.8061141,0.19388592,0.690216,0.30978394,11.6
-5.910591,-0.34582463,-0.53990525,25.0,160.0,60.0,0.8459569,0.15404303,0.6779278,0.32207218,22.31
2.5974307,-0.85955673,-1.3346086,310.0,280.0,20.0,0.748028,0.25197205,0.6863237,0.31367633,6.6000004
-1.9349736,-1.7473509,-1.0416892,25.0,280.0,30.0,0.80502117,0.19497882,0.75705624,0.24294376,11.08
-1.9372883,-1.6406986,1.436659,25.0,25.0,1.0,0.8604497,0.13955031,0.66374177,0.33625823,6.6000004
0.71945286,-1.446046,0.986542,60.0,60.0,30.0,0.85588485,0.14411512,0.6439454,0.35605457,3.9399998
-0.14567302,-1.0464,1.436659,25.0,25.0,1.0,0.8604497,0.13955031,0.66374177,0.33625823,7.82
-4.220417,-1.6247302,0.9586429,140.0,140.0,2.0,0.81566894,0.18433103,0.6848056,0.31519446,15.7
-1.9349736,-0.69120413,-0.60247815,25.0,280.0,2.0,0.79511756,0.20488241,0.77737933,0.22262065,10.93
2.084927,-1.7569464,-0.687284,180.0,220.0,10.0,0.7884879,0.21151207,0.7043954,0.29560456,2.3999999
-4.153401,-0.26157647,-0.57900155,190.0,190.0,15.0,0.79751307,0.2024869,0.6827769,0.31722313,34.31
0.67632586,-0.7371065,-1.2209661,285.0,285.0,0.1667,0.74309796,0.25690204,0.7128945,0.28710556,7.4500003
-0.93548656,-2.0097537,-0.23755111,160.0,160.0,20.0,0.81290567,0.18709427,0.6726391,0.3273609,8.2
1.1545055,-0.45831627,0.6172322,170.0,140.0,6.0,0.8121022,0.18789782,0.6722055,0.32779446,5.7000003
1.1510477,-1.7854003,-1.2332882,275.0,275.0,5.0,0.750609,0.249391,0.70705736,0.29294258,1.6000001
0.9524719,-1.7050759,-0.5687713,165.0,165.0,30.0,0.8140582,0.18594185,0.66459346,0.33540657,2.7
-2.1710436,-1.8508369,1.1734076,100.0,100.0,3.0,0.83280647,0.16719358,0.6763608,0.32363924,8.24
-1.6053596,-0.70298094,0.5846889,170.0,170.0,0.167,0.8015643,0.19843571,0.69199973,0.30800033,12.41
0.64739835,-1.0705205,1.1628039,150.0,110.0,6.0,0.82347226,0.17652775,0.6633495,0.33665052,5.8
0.84679663,-0.7249884,1.0843678,110.0,110.0,20.0,0.83399445,0.16600561,0.66299474,0.33700526,7.33
1.1545055,-0.47815782,-1.322933,180.0,180.0,90.0,0.8271741,0.17282583,0.6113303,0.38866973,14.9
-0.5411444,-1.2905396,0.07702926,25.0,80.0,60.0,0.86403054,0.13596949,0.63738364,0.36261636,14.0
-0.5411444,1.7301068,-0.56405246,210.0,210.0,15.0,0.7879716,0.21202838,0.68653154,0.31346843,34.199997
-2.2384,-0.41848472,-1.2061965,25.0,320.0,30.0,0.79331213,0.20668788,0.7732452,0.22675478,17.01
-2.2384,-1.6266205,-1.1374263,25.0,200.0,60.0,0.836206,0.16379397,0.6972812,0.30271876,22.67
-0.35679948,-0.15841858,-1.7080855,320.0,280.0,60.0,0.7623827,0.23761731,0.64714384,0.35285616,18.0
2.2488923,-1.333222,-1.6918557,25.0,230.0,120.0,0.84660685,0.1533932,0.65881246,0.34118757,4.5
-0.53678554,0.067182265,1.3113315,80.0,80.0,0.0833,0.83987254,0.16012752,0.67514884,0.32485119,15.8
1.829127,-1.8646749,-1.464368,25.0,330.0,60.0,0.8010885,0.1989115,0.7553353,0.24466473,3.8
0.10196279,-1.0337508,0.7932929,150.0,150.0,1.5,0.8110932,0.18890682,0.6871167,0.31288335,4.6000004
-2.128384,-1.2356873,-1.474464,280.0,280.0,30.0,0.7581625,0.24183752,0.6865049,0.3134951,16.789999
1.1545055,-0.49296767,-0.68345726,160.0,160.0,60.0,0.8259893,0.1740107,0.63587403,0.364126,13.95
0.9524719,-0.27522537,-1.1374263,25.0,200.0,60.0,0.836206,0.16379397,0.6972812,0.30271876,12.3
-1.1312306,0.0037379202,0.9778096,140.0,140.0,0.0167,0.8150086,0.18499143,0.68654364,0.3134564,16.02
0.19596656,-0.35774633,0.8289134,100.0,100.0,30.0,0.8409564,0.1590436,0.65187967,0.34812036,10.0
-0.60904896,-0.2988918,-1.421215,275.0,275.0,30.0,0.7608149,0.23918515,0.68556845,0.31443152,17.0
-3.9308066,-1.1527483,-0.7076906,25.0,250.0,30.0,0.8134682,0.18653172,0.7444101,0.2555899,15.79
-1.4626684,0.3028642,-1.8107555,352.0,352.0,30.0,0.71779287,0.28220713,0.6998192,0.30018082,23.0
-0.62826645,-0.6703188,-1.3020617,300.0,270.0,10.0,0.74933094,0.25066903,0.6931641,0.30683592,14.0
-1.9747276,-1.6106056,1.44066,25.0,25.0,0.0167,0.8601883,0.13981164,0.6646335,0.33536646,9.1
0.12961115,0.021610672,-1.6635048,25.0,220.0,120.0,0.8489609,0.1510391,0.6537302,0.3462698,28.0
0.2470844,-0.049022913,1.4176915,24.0,50.0,3.0,0.85556424,0.1444358,0.67471516,0.3252848,9.1
0.71945286,-1.4841508,1.0029569,130.0,130.0,0.3,0.81943977,0.18056029,0.6844205,0.31557944,3.01
-6.0941725,-0.777414,-0.585866,90.0,180.0,180.0,0.8655244,0.1344756,0.55267024,0.44732976,25.38
0.64739835,-1.0278102,0.7932929,150.0,150.0,1.5,0.8110932,0.18890682,0.6871167,0.31288335,4.4
0.59674144,-1.2177051,0.48088813,25.0,200.0,10.0,0.82049245,0.17950754,0.7384043,0.26159573,7.3
3.3381593,-0.25195125,-1.0018685,25.0,315.0,15.0,0.78934056,0.21065947,0.78184557,0.2181544,7.2000003
-1.4500655,0.00907644,-0.102240324,180.0,180.0,5.0,0.79862905,0.20137091,0.68965966,0.31034037,20.199999
-0.53678554,0.018685812,1.1533393,105.0,105.0,0.083,0.829866,0.17013402,0.6798986,0.3201014,16.53
-1.1697581,-0.74617493,-1.1382687,265.0,265.0,5.0,0.7560056,0.24399443,0.7052531,0.29474688,24.189999
2.3349266,-0.994005,-0.7907361,240.0,240.0,5.0,0.7691477,0.23085234,0.70071423,0.29928577,4.3100004
-4.3380175,-1.3365748,-0.29087904,170.0,170.0,360.0,0.89951926,0.10048077,0.34216902,0.65783095,20.34
-1.4500655,-0.54126215,-1.3501378,180.0,180.0,60.0,0.8174826,0.18251744,0.639891,0.36010894,15.13
-1.7090745,0.13376018,0.9778096,140.0,140.0,0.0167,0.8150086,0.18499143,0.68654364,0.3134564,22.23
3.6051545,-1.1692754,-1.3329856,270.0,270.0,10.0,0.7553664,0.24463367,0.70191985,0.29808015,2.7
2.1384706,1.2182642,-0.17437166,160.0,160.0,180.0,0.86090815,0.13909191,0.51738423,0.4826158,9.35
-4.704038,1.9742068,0.26085442,100.0,100.0,180.0,0.88049185,0.11950816,0.5043479,0.49565205,39.85
-0.7558354,-0.7854424,-1.3863859,100.0,250.0,60.0,0.81123704,0.18876293,0.6991547,0.30084532,12.0
-4.153401,-0.2418324,-0.57284987,160.0,160.0,40.0,0.81953996,0.18046005,0.6544874,0.34551263,23.29
0.84679663,-1.8268313,-0.52219707,160.0,160.0,90.0,0.83532023,0.16467983,0.6071902,0.39280978,4.46
2.5974307,-0.98170847,-1.0319058,240.0,300.0,512.0,0.90161616,0.09838385,0.25433052,0.7456695,5.1
-2.0897746,-0.6748778,-0.3462999,220.0,220.0,2.0,0.7781558,0.22184427,0.6996241,0.30037585,20.57
-2.1710436,-1.8528715,1.2363286,90.0,90.0,3.0,0.836811,0.16318895,0.67445445,0.32554555,7.42
-2.0236852,-1.2272507,0.6918168,160.0,160.0,0.0833,0.8061141,0.19388592,0.690216,0.30978394,13.77
-0.010844635,-1.3362099,1.31172,80.0,80.0,0.0167,0.8398527,0.16014732,0.6752082,0.3247918,3.8799999
-5.4711776,0.30050448,-1.5434659,25.0,280.0,60.0,0.8152249,0.18477511,0.733924,0.266076,36.5
1.3653431,-0.57709235,-1.511874,25.0,320.0,60.0,0.80397946,0.19602057,0.75114775,0.24885225,10.85
1.6293457,-1.501701,-0.026229918,160.0,160.0,16.0,0.8115566,0.18844344,0.67621034,0.32378963,3.6399996
0.59674144,-1.4132036,-1.0927854,25.0,190.0,60.0,0.8386894,0.16131066,0.6925046,0.3074954,8.5
-0.4452201,-1.2523416,-1.2061965,25.0,320.0,30.0,0.79331213,0.20668788,0.7732452,0.22675478,10.4
0.66863286,-1.6719974,0.6111541,80.0,80.0,840.0,0.97110623,0.028893763,0.06394535,0.93605465,1.5699995
-2.3635402,-1.0684718,-0.3722393,220.0,220.0,3.0,0.77853733,0.22146271,0.698769,0.30123106,17.48
1.5623295,-1.6568114,-1.7916462,280.0,280.0,60.0,0.7701182,0.22988182,0.6596749,0.34032512,6.8
-0.01938829,-2.1150293,0.29640877,270.0,270.0,2880.0,0.999433,0.00056697265,2.012883e-05,0.99997985,2.5700004
-2.1672978,-1.1231205,1.436659,25.0,25.0,1.0,0.8604497,0.13955031,0.66374177,0.33625823,10.8
-0.021180155,-0.36904538,-0.99085355,160.0,220.0,30.0,0.7992578,0.20074216,0.6931024,0.3068976,13.74
2.5974307,-1.4214555,-0.9093236,255.0,255.0,0.68,0.75958216,0.24041787,0.7070936,0.2929064,3.6000001
-2.601258,-1.4233841,1.2046096,100.0,95.0,5.0,0.8346839,0.16531613,0.67210037,0.32789966,7.0
-3.5967855,-0.6784804,-0.32338563,220.0,220.0,1.0,0.77777374,0.22222628,0.70047796,0.29952207,2.47
0.2470844,2.1282892,0.13973635,100.0,100.0,60.0,0.84963083,0.1503692,0.6237106,0.37628946,24.15
1.7428236,-1.0162282,-0.6862241,240.0,240.0,1.0,0.7675732,0.23242682,0.70411396,0.29588607,6.4900002
-2.289028,0.11652707,1.4300191,25.0,25.0,10.0,0.8628226,0.13717742,0.6555258,0.34447417,11.51
0.5727593,-1.5910981,-0.96724665,280.0,260.0,1.0,0.7530567,0.24694332,0.7019682,0.29803187,8.2300005
0.27108344,-1.1575391,1.4406586,25.0,25.0,0.017,0.8601885,0.13981156,0.6646332,0.33536676,4.4
-3.7098951,-0.50729114,-1.3501378,180.0,180.0,60.0,0.8174826,0.18251744,0.639891,0.36010894,40.399998
3.3381593,-0.5069656,-0.84804237,25.0,290.0,15.0,0.79682404,0.20317595,0.7720863,0.22791371,4.0000005
0.9524719,-0.9114331,-1.1824219,25.0,210.0,60.0,0.8336921,0.1663079,0.70201564,0.29798442,9.17
-1.4500655,-0.55994135,-1.3501378,180.0,180.0,60.0,0.8174826,0.18251744,0.639891,0.36010894,18.91
-0.53678554,-0.33689442,0.27537528,165.0,180.0,0.0167,0.79946023,0.20053984,0.69836897,0.3016311,20.64
1.1545055,-0.49341992,-1.3501378,180.0,180.0,60.0,0.8174826,0.18251744,0.639891,0.36010894,12.0
-1.9349736,-1.7448193,-0.7076906,25.0,250.0,30.0,0.8134682,0.18653172,0.7444101,0.2555899,9.54
-4.418028,-1.6122614,0.974606,140.0,140.0,0.333,0.815114,0.18488598,0.6862668,0.31373322,11.91
-0.53678554,-1.2051201,-0.9693755,260.0,260.0,0.333,0.7567793,0.24322072,0.70828485,0.29171512,11.49
-0.5048598,-2.0305703,-0.53898084,25.0,225.0,30.0,0.8202898,0.17971018,0.73354685,0.26645312,7.71
-3.5967855,-0.25388107,0.8139367,150.0,150.0,0.017,0.81059015,0.18940987,0.6884116,0.31158844,26.6
2.4773784,-1.1885172,-1.7768655,290.0,280.0,60.0,0.768201,0.23179899,0.65656215,0.34343782,7.5
1.1545055,-0.49734205,-0.84769416,180.0,180.0,20.0,0.80391127,0.19608878,0.67645687,0.32354307,10.2
1.1545055,-0.48623347,0.59156406,160.0,160.0,5.0,0.80780786,0.19219209,0.68592525,0.31407478,7.09
0.64739835,-1.2329912,1.1154487,140.0,125.0,0.5,0.819257,0.18074295,0.6787972,0.32120284,2.6000001
-2.2685244,-1.510952,-1.7170017,150.0,285.0,30.0,0.7814067,0.21859327,0.7261035,0.27389655,15.03
3.6051545,-0.63849837,-0.102240324,180.0,180.0,5.0,0.79862905,0.20137091,0.68965966,0.31034037,2.7899997
-0.20198326,-1.9191133,-1.6811731,25.0,230.0,90.0,0.83779126,0.16220877,0.685678,0.31432196,10.7
-4.153401,-0.26154193,0.41992128,160.0,160.0,10.0,0.8095188,0.19048113,0.6815289,0.31847107,24.539999
-0.43601048,-0.8364448,0.37759858,25.0,210.0,10.0,0.81778985,0.18221012,0.74273276,0.2572672,10.6
-0.14567302,-0.08417758,0.021582652,180.0,180.0,1.0,0.79720265,0.20279734,0.6931299,0.30687007,13.12
0.71945286,-1.7781864,0.4801587,25.0,25.0,120.0,0.88916165,0.11083835,0.54887944,0.4511206,3.47
-1.4500655,-0.25177345,0.6574877,150.0,150.0,10.0,0.8139567,0.18604335,0.6796386,0.32036138,10.58
0.9524719,0.5113295,1.436659,25.0,25.0,1.0,0.8604497,0.13955031,0.66374177,0.33625823,15.4
-0.2179582,-1.3768091,-1.2342483,45.0,220.0,60.0,0.82809484,0.17190516,0.7009395,0.29906052,13.21
3.0019646,-0.9191616,-0.7552167,220.0,220.0,30.0,0.7886613,0.2113387,0.67516875,0.32483122,7.8
0.22497924,-1.0315486,1.0067084,125.0,125.0,2.0,0.8221286,0.17787138,0.6819835,0.31801656,7.69
-3.4984875,-1.5173672,1.44066,25.0,25.0,0.0167,0.8601883,0.13981164,0.6646335,0.33536646,13.09
0.9524719,-1.5652856,0.49848512,60.0,60.0,120.0,0.8787413,0.121258706,0.55640346,0.44359657,8.5
0.84679663,-0.7866658,0.9499196,140.0,140.0,3.0,0.81600124,0.18399876,0.68392724,0.31607276,5.4900002
-2.0897746,-0.6806647,-0.3462999,220.0,220.0,2.0,0.7781558,0.22184427,0.6996241,0.30037585,14.28
1.976955,0.10662138,0.2415279,105.0,105.0,180.0,0.8789555,0.12104453,0.50543475,0.49456525,10.19
1.5421561,-1.2437614,-0.31270504,220.0,220.0,0.5,0.7775825,0.22241744,0.7009043,0.29909566,2.2
-3.0028658,-1.8658901,-0.072173744,200.0,200.0,0.0167,0.78728646,0.2127135,0.6976605,0.3023395,13.52
-4.3380175,-1.2348843,-0.6962879,170.0,170.0,30.0,0.8118502,0.18814977,0.6655619,0.33443812,20.34
-0.8513802,-0.45254424,-0.06186308,185.0,195.0,0.0167,0.79149556,0.20850441,0.6996578,0.30034223,14.16
0.71945286,-1.3970412,1.0029569,130.0,130.0,0.3,0.81943977,0.18056029,0.6844205,0.31557944,4.01
0.08356741,-1.0927535,1.44066,25.0,25.0,0.0167,0.8601883,0.13981164,0.6646335,0.33536646,4.78
1.1545055,-0.50657874,0.65709674,160.0,160.0,2.0,0.80677575,0.19322427,0.6885472,0.3114528,6.39
-3.7098951,-0.2718326,-1.1549037,180.0,180.0,40.0,0.8107902,0.18920985,0.6584094,0.34159058,36.69
0.20572765,-1.8107959,-0.9770535,275.0,250.0,30.0,0.76901513,0.23098482,0.67330194,0.3266981,4.11
0.59674144,0.47566476,-0.18101107,25.0,215.0,20.0,0.8197182,0.18028183,0.7370758,0.26292425,13.73
-2.5768008,-0.12901534,-0.35878307,160.0,160.0,25.0,0.8145817,0.18541834,0.6681468,0.33185324,34.27
-3.562356,-0.19609725,0.9990515,130.0,130.0,0.75,0.8195869,0.18041307,0.6840252,0.31597477,16.5
-1.83271,-1.3084179,0.043812916,180.0,180.0,0.05,0.7968628,0.20313723,0.69395095,0.30604905,17.26
1.541404,-0.44536564,-1.511874,25.0,320.0,60.0,0.80397946,0.19602057,0.75114775,0.24885225,9.58
-0.5048598,-2.0250971,-0.53898084,25.0,225.0,30.0,0.8202898,0.17971018,0.73354685,0.26645312,9.02
-1.548834,-1.860532,-1.63568,90.0,280.0,120.0,0.82445574,0.17554426,0.66390204,0.33609793,12.1
-0.29138768,-1.6439114,1.2538344,90.0,90.0,16.0,0.84069926,0.15930077,0.66274303,0.337257,4.4
-1.704436,-1.5279956,0.043058336,180.0,180.0,0.0833,0.79687464,0.20312531,0.69392216,0.3060778,7.84
3.3381593,-0.26174757,-0.84804237,25.0,290.0,15.0,0.79682404,0.20317595,0.7720863,0.22791371,6.5
-0.43601048,-0.8353067,0.38583428,25.0,220.0,5.0,0.8133831,0.18661688,0.750837,0.24916293,36.6
-2.182239,-1.6200954,1.1803231,100.0,100.0,1.0,0.8321896,0.16781035,0.6781384,0.32186165,7.1
0.2470844,-0.91754764,-0.45647243,25.0,150.0,60.0,0.84831923,0.15168072,0.6729891,0.327011,7.9900002
-4.3128185,1.0256581,1.0481477,120.0,120.0,0.167,0.823654,0.17634599,0.6826566,0.3173434,34.78
0.4368487,0.29863825,-1.5501704,25.0,290.0,60.0,0.8124612,0.18753888,0.7383004,0.26169962,22.57
-0.36154264,-0.79044807,1.4403665,25.0,25.0,0.083,0.86020595,0.13979399,0.66457343,0.33542657,3.07
3.3381593,-0.7759376,-0.84804237,25.0,290.0,15.0,0.79682404,0.20317595,0.7720863,0.22791371,3.8
1.1545055,-0.58399063,-0.23755111,160.0,160.0,20.0,0.81290567,0.18709427,0.6726391,0.3273609,8.33
-2.5526814,-1.3278536,0.6929544,160.0,160.0,0.0167,0.8060911,0.19390893,0.69027394,0.30972603,10.4
0.22497924,-1.110036,0.6930793,165.0,150.0,0.5,0.8082565,0.19174354,0.68351835,0.31648165,7.5
2.2488923,0.3039718,1.436659,25.0,25.0,1.0,0.8604497,0.13955031,0.66374177,0.33625823,7.48
-3.5614424,0.0494036,0.41992128,160.0,160.0,10.0,0.8095188,0.19048113,0.6815289,0.31847107,39.69
-0.5411444,-1.6553744,0.8867338,50.0,185.0,0.0167,0.8172727,0.18272726,0.73300135,0.26699868,5.6800003
-2.1924248,-1.1938903,-1.6729615,210.0,255.0,60.0,0.7908688,0.20913115,0.6687113,0.33128873,18.539999
-3.256619,-0.16203384,-0.95813656,240.0,240.0,10.0,0.77110523,0.22889476,0.69643325,0.30356672,24.17
3.3381593,-0.2968566,-1.0416892,25.0,280.0,30.0,0.80502117,0.19497882,0.75705624,0.24294376,7.3
0.2470844,-1.8455905,0.29228082,25.0,120.0,120.0,0.8708956,0.1291044,0.6011305,0.39886945,2.2
-1.704436,-1.6488956,0.81301135,150.0,150.0,0.0833,0.8106127,0.18938737,0.6883538,0.31164625,11.74
1.635114,-1.3014601,0.105450824,250.0,200.0,1.0,0.7784802,0.22151989,0.6820073,0.31799275,2.1000001
-2.0851145,-1.0666796,-1.3645675,270.0,270.0,30.0,0.76344717,0.23655283,0.68463045,0.31536952,7.69
-2.182239,-1.284544,-0.3722393,220.0,220.0,3.0,0.77853733,0.22146271,0.698769,0.30123106,18.539999
0.71945286,-0.77803355,0.018975645,120.0,120.0,60.0,0.8420588,0.15794118,0.62778324,0.37221676,14.1
1.7623365,-1.2286592,-1.1079285,250.0,250.0,30.0,0.7737754,0.22622462,0.68086356,0.3191364,7.5
-0.79297805,-0.926897,-0.9751507,180.0,180.0,30.0,0.8073741,0.19262594,0.66749465,0.3325054,3.4000003
2.3349266,-1.3812889,-1.642419,300.0,300.0,25.0,0.74526054,0.2547394,0.69456553,0.30543447,3.51
-0.90778553,-1.0346934,-0.8186754,190.0,190.0,30.0,0.8028173,0.19718269,0.66942173,0.33057833,15.7
0.94392407,0.039087586,-1.5132217,370.0,350.0,2.0,0.70178837,0.29821166,0.7172539,0.2827461,19.92
1.1545055,0.41725978,0.41992128,160.0,160.0,10.0,0.8095188,0.19048113,0.6815289,0.31847107,19.18
1.7428236,0.12897585,-0.3236459,170.0,170.0,120.0,0.8403881,0.15961193,0.5798672,0.42013285,10.7
0.59674144,-1.4393979,-1.5249263,25.0,200.0,120.0,0.85357994,0.14642005,0.6434608,0.35653925,6.3
-3.0020192,-1.0949616,1.0041426,130.0,130.0,0.167,0.8193962,0.18060379,0.68453735,0.31546265,13.55
-2.1672978,-1.1933078,-0.3244033,180.0,180.0,10.0,0.8004015,0.19959849,0.6852916,0.31470844,17.83
0.61348283,0.40464264,-0.71816206,100.0,240.0,30.0,0.8037603,0.19623971,0.71965075,0.28034928,16.0
-3.256619,-0.50331634,-0.84769416,180.0,180.0,20.0,0.80391127,0.19608878,0.67645687,0.32354307,17.53
0.59674144,-1.7410675,-0.19989073,190.0,190.0,5.0,0.7939182,0.2060818,0.6915176,0.30848235,5.0
-0.20496796,-0.15854537,1.1912065,100.0,100.0,10.0,0.83495086,0.16504908,0.6700994,0.32990068,10.92
0.22497924,-1.28918,1.0067084,125.0,125.0,2.0,0.8221286,0.17787138,0.6819835,0.31801656,6.46
1.1545055,-1.1177601,0.6172322,170.0,140.0,6.0,0.8121022,0.18789782,0.6722055,0.32779446,4.9
-3.256619,-0.4986638,-1.3501378,180.0,180.0,60.0,0.8174826,0.18251744,0.639891,0.36010894,20.45
0.7764777,-1.8534634,-0.9751507,180.0,180.0,30.0,0.8073741,0.19262594,0.66749465,0.3325054,3.3
-2.745534,1.6725379,0.04115423,180.0,180.0,0.167,0.7969046,0.20309538,0.6938499,0.30615014,33.2
3.4573393,0.49613288,-0.71816206,100.0,240.0,30.0,0.8037603,0.19623971,0.71965075,0.28034928,11.7
0.71945286,-0.89407194,-1.1569431,90.0,220.0,60.0,0.82106715,0.17893286,0.68772835,0.31227162,8.91
0.94392407,-0.95604783,-0.58135116,25.0,280.0,0.0167,0.7944022,0.20559786,0.7787719,0.22122815,13.0
-0.79297805,-0.63564545,-1.6811731,25.0,230.0,90.0,0.83779126,0.16220877,0.685678,0.31432196,22.72
0.59674144,-0.17626643,-0.62914395,25.0,200.0,40.0,0.83005744,0.16994253,0.7141666,0.28583336,13.4
-3.256619,-0.63297004,-0.95813656,240.0,240.0,10.0,0.77110523,0.22889476,0.69643325,0.30356672,25.02
0.4368487,0.29518983,-1.5501704,25.0,290.0,60.0,0.8124612,0.18753888,0.7383004,0.26169962,11.28
0.2470844,2.1282852,0.13973635,100.0,100.0,60.0,0.84963083,0.1503692,0.6237106,0.37628946,22.82
-3.0028658,-1.8680087,-0.6675528,240.0,240.0,0.0167,0.76718503,0.23281497,0.7049462,0.29505378,17.03
-1.6689167,-0.82523966,-0.003825408,180.0,180.0,2.0,0.79756,0.20244002,0.6922644,0.30773565,10.2
-1.357976,-1.2210759,0.044566214,180.0,180.0,0.0167,0.7968508,0.20314917,0.6939797,0.3060203,11.06
1.1545055,-0.59043163,-0.6844935,220.0,220.0,20.0,0.7849516,0.21504834,0.6840222,0.3159778,11.7
-0.14567302,-1.0914817,0.021582652,180.0,180.0,1.0,0.79720265,0.20279734,0.6931299,0.30687007,8.39
0.301921,-1.0647172,0.6574877,150.0,150.0,10.0,0.8139567,0.18604335,0.6796386,0.32036138,2.7
-1.4500655,-0.32741484,-0.003825408,180.0,180.0,2.0,0.79756,0.20244002,0.6922644,0.30773565,14.22
1.976955,-0.8968336,0.27947953,25.0,100.0,180.0,0.8887544,0.11124565,0.5302506,0.46974942,4.73
0.9524719,-1.6640574,-1.1824219,25.0,210.0,60.0,0.8336921,0.1663079,0.70201564,0.29798442,5.4
-5.4711776,0.54605067,-1.5434659,25.0,280.0,60.0,0.8152249,0.18477511,0.733924,0.266076,36.46
-0.48581427,-0.7390836,-1.2329295,285.0,285.0,1.0,0.7434497,0.25655034,0.71220046,0.28779957,14.07
-2.182239,-1.6209321,1.0600804,120.0,120.0,10.0,0.8267904,0.17320956,0.67393243,0.32606757,9.6
1.1545055,0.015510135,-0.68345726,160.0,160.0,60.0,0.8259893,0.1740107,0.63587403,0.364126,14.47
0.84679663,-1.8687941,-0.24807653,148.0,148.0,45.0,0.82623,0.17377006,0.64749765,0.35250238,3.84
1.5884987,-1.7127811,-1.5525372,25.0,300.0,60.0,0.8096656,0.19033433,0.74263006,0.25737,9.5
2.084927,-1.2449983,-1.5099229,240.0,240.0,60.0,0.7900357,0.20996428,0.65182346,0.3481766,6.6000004
2.5172434,0.49499866,-0.71816206,100.0,240.0,30.0,0.8037603,0.19623971,0.71965075,0.28034928,13.3
1.1545055,-0.45358938,-1.5720379,200.0,200.0,120.0,0.82835263,0.17164737,0.58620876,0.41379124,16.72
2.1573102,-1.5033808,-0.460707,160.0,160.0,32.0,0.8169085,0.18309146,0.66180587,0.33819416,3.53
-0.26023686,-0.99685043,-0.4319155,160.0,160.0,30.0,0.81624603,0.18375397,0.66362363,0.33637637,8.71
-1.4619858,-1.3761915,-1.2496302,280.0,280.0,4.0,0.74746376,0.25253624,0.7087971,0.2912029,11.43
1.1545055,-0.4685487,0.90635574,140.0,140.0,10.0,0.81831425,0.18168578,0.6777424,0.3222576,6.57
-0.14797877,-0.833047,-0.16301113,140.0,140.0,60.0,0.83417994,0.16582,0.6318379,0.3681621,9.7
1.7428236,-1.0163296,-0.67030287,240.0,240.0,0.1667,0.7672442,0.23275577,0.7048194,0.29518068,4.34
2.1573102,-1.5039793,-0.57284987,160.0,160.0,40.0,0.81953996,0.18046005,0.6544874,0.34551263,3.6799996
0.2478737,-0.4143238,0.9754418,140.0,140.0,0.25,0.81508636,0.18491367,0.68633944,0.3136606,14.57
0.5039733,-1.6834582,-1.293426,140.0,260.0,30.0,0.79088813,0.20911187,0.71757245,0.28242752,5.2000003
0.2470844,2.1282876,0.13973635,100.0,100.0,60.0,0.84963083,0.1503692,0.6237106,0.37628946,32.3
1.1545055,-0.52137893,0.93464243,140.0,140.0,5.0,0.81666446,0.18333557,0.68216664,0.31783336,5.38
0.52066636,-1.8182944,-0.30076337,25.0,260.0,5.0,0.80205274,0.19794725,0.76731306,0.23268692,2.8
-0.33699745,-1.164128,0.13973635,100.0,100.0,60.0,0.84963083,0.1503692,0.6237106,0.37628946,9.6
-1.2825875,-1.0957252,-0.037643608,220.0,180.0,1.5,0.7903134,0.20968653,0.6807938,0.3192062,6.88
0.66863286,-1.0978118,-1.1374263,25.0,200.0,60.0,0.836206,0.16379397,0.6972812,0.30271876,7.5
1.5814078,-1.3205626,-1.1115193,25.0,192.0,60.0,0.8381951,0.16180485,0.6934633,0.30653673,7.09
0.5842969,-1.1538099,0.00830648,230.0,200.0,1.5,0.7823702,0.21762978,0.6875409,0.31245914,5.0
1.1545055,-0.96284693,-0.57284987,160.0,160.0,40.0,0.81953996,0.18046005,0.6544874,0.34551263,6.92
-3.9416494,-0.64548355,0.80720127,150.0,150.0,0.5,0.81075406,0.18924592,0.6879902,0.31200984,21.439999
1.976955,-0.04144056,0.2415279,105.0,105.0,180.0,0.8789555,0.12104453,0.50543475,0.49456525,10.45
3.3381593,-0.115900315,-1.0416892,25.0,280.0,30.0,0.80502117,0.19497882,0.75705624,0.24294376,8.7
0.71945286,-1.084684,1.0469241,120.0,120.0,0.33,0.8237064,0.17629364,0.682513,0.317487,4.44
0.301921,-2.1625617,-1.500969,280.0,280.0,15.0,0.7520281,0.24797192,0.69947976,0.30052027,4.9
0.6143856,-1.8906513,-1.0927854,25.0,190.0,60.0,0.8386894,0.16131066,0.6925046,0.3074954,3.2700002
1.1545055,-0.5706569,-0.57284987,160.0,160.0,40.0,0.81953996,0.18046005,0.6544874,0.34551263,9.19
-2.1458988,-1.8212785,0.04115423,180.0,180.0,0.167,0.7969046,0.20309538,0.6938499,0.30615014,4.5
-0.65761137,-0.78320336,-0.8021784,25.0,260.0,30.0,0.8106843,0.18931568,0.7486731,0.25132695,6.0000005
0.687352,-1.5265905,-0.9573493,170.0,170.0,60.0,0.8217757,0.17822431,0.6378849,0.36211506,5.8
-1.0561737,-0.92439306,-1.4539349,25.0,250.0,60.0,0.82332695,0.17667305,0.7205183,0.27948168,16.1
1.1545055,-0.24858665,0.8438781,140.0,140.0,15.0,0.81995255,0.18004751,0.6732861,0.32671392,8.93
0.84679663,-0.7267192,0.89916945,110.0,110.0,25.0,0.83551973,0.16448033,0.65843725,0.34156272,5.6500006
0.5842969,-1.3234087,0.5358032,180.0,150.0,4.0,0.8069425,0.19305754,0.6759026,0.3240974,3.6000001
1.6671209,-2.0951416,-1.0907876,25.0,286.0,30.0,0.8032974,0.19670258,0.7595338,0.24046618,3.01
-1.3914858,-1.5674936,-1.474464,280.0,280.0,30.0,0.7581625,0.24183752,0.6865049,0.3134951,11.5
1.1545055,-0.48669043,0.93464243,140.0,140.0,5.0,0.81666446,0.18333557,0.68216664,0.31783336,5.8500004
0.67632586,-1.6042386,-1.3286674,220.0,220.0,60.0,0.799508,0.20049204,0.6478662,0.35213375,8.05
2.287703,-1.5956215,-0.9770535,275.0,250.0,30.0,0.76901513,0.23098482,0.67330194,0.3266981,4.2000003
-4.418028,-0.13850401,0.037347466,180.0,180.0,0.333,0.7969641,0.20303595,0.6937065,0.3062935,40.76
-0.24434648,-0.8525879,-0.29784265,170.0,130.0,30.0,0.8227438,0.17725627,0.6452124,0.35478753,9.5
0.1561233,-0.8138991,-1.4042846,25.0,240.0,60.0,0.82596487,0.1740351,0.715959,0.28404105,13.31
2.5974307,-0.62608844,-1.4042846,25.0,240.0,60.0,0.82596487,0.1740351,0.715959,0.28404105,4.0000005
1.541404,-1.5055745,-1.7282649,25.0,300.0,120.0,0.82928,0.17071998,0.6933261,0.30667388,4.3100004
0.687352,-1.5164608,-0.9573493,170.0,170.0,60.0,0.8217757,0.17822431,0.6378849,0.36211506,7.5
0.94392407,-0.62087166,-0.6803466,200.0,200.0,30.0,0.7981797,0.2018203,0.67134315,0.32865685,6.7
1.1545055,-0.34638375,0.59156406,160.0,160.0,5.0,0.80780786,0.19219209,0.68592525,0.31407478,8.45
-0.30550376,-1.078429,1.1434563,105.0,105.0,2.0,0.8304637,0.16953628,0.67819977,0.3218002,10.5
-2.745534,-2.151221,1.4399993,25.0,25.0,0.167,0.86022836,0.13977166,0.6644973,0.33550268,2.68
-2.5768008,-0.12908883,0.06779883,160.0,160.0,15.0,0.81121814,0.1887819,0.6771,0.3229,32.949997
2.5974307,-1.289455,-1.5970459,250.0,250.0,60.0,0.78517795,0.21482207,0.6537943,0.34620574,5.55
0.39476475,-1.3269823,-0.3239153,25.0,180.0,540.0,0.9386761,0.061323803,0.23822822,0.7617718,10.0
1.1510477,-1.7618695,-0.6217562,25.0,275.0,12.0,0.8001594,0.19984062,0.7682637,0.23173629,5.2000003
-1.6142938,-1.231682,-0.09862903,185.0,185.0,1.0,0.794845,0.20515497,0.69405395,0.3059461,14.74
1.3587453,0.06501552,1.3113315,80.0,80.0,0.0833,0.83987254,0.16012752,0.67514884,0.32485119,4.0000005
-3.7098951,-0.14222059,-1.3501378,180.0,180.0,60.0,0.8174826,0.18251744,0.639891,0.36010894,38.32
1.1545055,-0.48638186,0.8438781,140.0,140.0,15.0,0.81995255,0.18004751,0.6732861,0.32671392,5.55
1.5421561,-1.2438539,-0.32338563,220.0,220.0,1.0,0.77777374,0.22222628,0.70047796,0.29952207,2.9999998
0.9524719,-1.2632138,-0.6962879,170.0,170.0,30.0,0.8118502,0.18814977,0.6655619,0.33443812,9.2
-1.4500655,-0.5629818,-1.1549037,180.0,180.0,40.0,0.8107902,0.18920985,0.6584094,0.34159058,19.64
2.5974307,-1.3088226,-0.8651097,250.0,250.0,2.0,0.7627525,0.23724753,0.70507747,0.29492253,3.43
1.1545055,-0.30045894,-0.57284987,160.0,160.0,40.0,0.81953996,0.18046005,0.6544874,0.34551263,15.53
0.687352,-1.5160422,-1.3466465,190.0,190.0,60.0,0.81310964,0.18689042,0.6418923,0.35810772,5.8
-2.64964,-0.295437,0.033473663,180.0,180.0,0.5,0.79702383,0.20297618,0.6935622,0.3064378,23.65
0.58865166,-1.6536933,0.2955138,160.0,100.0,30.0,0.8320986,0.1679014,0.63281333,0.36718664,2.7
1.1545055,-0.47959343,0.41992128,160.0,160.0,10.0,0.8095188,0.19048113,0.6815289,0.31847107,8.14
0.64739835,-1.238618,0.39372844,180.0,165.0,5.0,0.8029938,0.19700618,0.68238056,0.31761938,5.5
-6.625249,-1.3148633,-0.072173744,200.0,200.0,0.0167,0.78728646,0.2127135,0.6976605,0.3023395,38.48
0.27108344,-1.2618092,1.44066,25.0,25.0,0.0167,0.8601883,0.13981164,0.6646335,0.33536646,4.3
1.1545055,-0.45820773,0.717443,170.0,140.0,2.0,0.8107486,0.18925138,0.6757792,0.32422075,5.2000003
1.7623365,-1.469793,-1.1079285,250.0,250.0,30.0,0.7737754,0.22622462,0.68086356,0.3191364,5.6000004
0.9524719,0.9291377,1.436659,25.0,25.0,1.0,0.8604497,0.13955031,0.66374177,0.33625823,16.7
-2.3903995,-1.8020606,-0.6427528,110.0,182.0,60.0,0.8279718,0.17202821,0.6628986,0.3371014,9.21
1.9699548,-1.3473519,-1.1470628,300.0,270.0,30.0,0.75754714,0.24245284,0.67560154,0.32439843,2.5399997
0.71945286,-1.457339,0.29699615,60.0,60.0,240.0,0.9043008,0.0956992,0.43503004,0.56496996,6.0000005
-0.8817243,-0.3294761,0.3930843,25.0,225.0,0.0167,0.81030643,0.18969363,0.75668854,0.24331148,13.66
2.287703,-1.2300739,-0.8599364,230.0,230.0,30.0,0.7837804,0.21621957,0.67707294,0.32292706,4.75
1.7623365,-0.9486757,0.17122662,30.0,30.0,1440.0,0.9932199,0.00678016,0.0056704488,0.99432963,4.1000004
-6.0941725,-0.7797556,-0.022507295,40.0,180.0,30.0,0.82979953,0.17020044,0.7090051,0.29099485,23.37
3.6051545,-1.1357377,-1.7916462,280.0,280.0,60.0,0.7701182,0.22988182,0.6596749,0.34032512,2.9999998
-0.084746495,0.06265449,-1.9443111,200.0,350.0,90.0,0.7745197,0.22548035,0.6917357,0.30826432,24.89
-0.99024785,-0.6281225,-0.70716405,240.0,240.0,2.0,0.7679675,0.23203248,0.7032661,0.2967339,14.97
-1.83271,-1.3013414,0.69238603,160.0,160.0,0.05,0.8061026,0.19389741,0.690245,0.30975497,8.58
-1.0466716,-1.6508464,-1.7916462,280.0,280.0,60.0,0.7701182,0.22988182,0.6596749,0.34032512,7.0
-2.1672978,-1.3545779,-0.1962811,25.0,120.0,60.0,0.8552279,0.14477213,0.6579441,0.34205592,6.6000004
-1.216296,-0.08387975,-1.1950476,25.0,380.0,60.0,0.78615427,0.21384573,0.7755504,0.22444952,21.27
-0.28519964,-1.3266271,-1.2342483,45.0,220.0,60.0,0.82809484,0.17190516,0.7009395,0.29906052,8.12
-2.2578843,0.9558036,-1.9785367,200.0,300.0,120.0,0.80084276,0.19915721,0.63959646,0.3604035,30.0
-0.41318667,-1.5919014,-1.5620062,25.0,200.0,90.0,0.8450918,0.15490815,0.6709314,0.32906857,22.74
-0.6166587,0.12367276,-1.7170017,150.0,285.0,30.0,0.7814067,0.21859327,0.7261035,0.27389655,19.3
-0.26415893,0.6160477,-1.2061965,25.0,320.0,30.0,0.79331213,0.20668788,0.7732452,0.22675478,22.06
-0.49532914,-1.6370529,1.0070436,50.0,50.0,30.0,0.8594301,0.14056998,0.6419493,0.35805073,5.1
-0.9579921,-0.1267871,-1.3334472,300.0,300.0,180.0,0.80475545,0.19524458,0.5476799,0.45232007,20.0
1.7428236,0.14844179,0.5775621,170.0,170.0,0.5,0.8016814,0.1983186,0.691711,0.308289,10.6
3.6051545,-0.6595346,-0.84769416,180.0,180.0,20.0,0.80391127,0.19608878,0.67645687,0.32354307,2.8600004
0.71945286,-1.0864929,-0.84769416,180.0,180.0,20.0,0.80391127,0.19608878,0.67645687,0.32354307,8.9800005
1.4853187,-1.8605362,-1.5417352,25.0,310.0,60.0,0.80683845,0.19316155,0.7469126,0.25308743,4.2000003
0.14382733,-1.1844058,-1.5434659,25.0,280.0,60.0,0.8152249,0.18477511,0.733924,0.266076,10.6
-6.0941725,-0.77955335,0.85041916,40.0,180.0,10.0,0.82346123,0.17653875,0.725494,0.27450597,25.47
1.9533007,-0.92474526,0.6956271,88.0,200.0,2.5,0.80769074,0.19230929,0.72731256,0.2726874,6.65
0.61348283,-1.3486582,-0.4290786,220.0,220.0,5.0,0.77929896,0.22070104,0.69705445,0.30294558,8.2
1.976955,1.2177147,0.1550221,130.0,130.0,180.0,0.87101626,0.12898374,0.5108679,0.48913208,15.78
1.4853187,-1.4832883,-1.5417352,25.0,310.0,60.0,0.80683845,0.19316155,0.7469126,0.25308743,6.1
0.5176942,-1.3865256,-1.4255021,155.0,255.0,22.5,0.7869479,0.21305215,0.7172642,0.2827358,11.87
1.1545055,-0.49860495,-0.3244033,180.0,180.0,10.0,0.8004015,0.19959849,0.6852916,0.31470844,8.91
0.7273143,-0.46981594,-1.3198601,25.0,320.0,40.0,0.7969149,0.20308511,0.7660367,0.23396334,5.44
1.541404,-0.03560569,-1.6935859,25.0,320.0,120.0,0.8240524,0.1759476,0.7028226,0.29717737,21.0
-0.95661324,0.25035864,-1.511874,25.0,320.0,60.0,0.80397946,0.19602057,0.75114775,0.24885225,28.44
-1.6978815,-1.0781097,-0.58135116,25.0,280.0,0.0167,0.7944022,0.20559786,0.7787719,0.22122815,15.0
-1.704436,-1.4913744,1.0493019,120.0,120.0,0.0167,0.8236057,0.17639427,0.68278897,0.31721103,4.5100007
1.1545055,0.4154432,0.93464243,140.0,140.0,5.0,0.81666446,0.18333557,0.68216664,0.31783336,6.23
-0.08666108,-0.97866154,-1.5525372,25.0,300.0,60.0,0.8096656,0.19033433,0.74263006,0.25737,6.92
0.5842969,-1.3220098,0.00830648,230.0,200.0,1.5,0.7823702,0.21762978,0.6875409,0.31245914,3.4000003
0.71945286,-0.16759515,1.1912065,100.0,100.0,10.0,0.83495086,0.16504908,0.6700994,0.32990068,6.0000005
0.12961115,0.2410274,-1.3411866,25.0,230.0,60.0,0.8285717,0.17142835,0.71135503,0.28864497,22.2
0.2470844,-0.04770392,1.4121017,50.0,50.0,8.0,0.8534486,0.14655134,0.6622393,0.3377607,15.0
-2.6502602,-0.7760317,0.6574877,150.0,150.0,10.0,0.8139567,0.18604335,0.6796386,0.32036138,13.77
3.0019646,-0.6895364,-0.9751507,180.0,180.0,30.0,0.8073741,0.19262594,0.66749465,0.3325054,2.5399997
-3.4874158,-0.58173585,-0.102240324,180.0,180.0,5.0,0.79862905,0.20137091,0.68965966,0.31034037,20.19
1.9867188,-1.2455443,-0.5757775,220.0,220.0,10.0,0.7811949,0.21880506,0.6927441,0.30725592,4.5
-1.8619633,0.123625524,-1.7170017,150.0,285.0,30.0,0.7814067,0.21859327,0.7261035,0.27389655,20.960001
-3.7098951,-0.48515162,-0.102240324,180.0,180.0,5.0,0.79862905,0.20137091,0.68965966,0.31034037,22.47
-2.1672978,-1.1380258,-0.3244033,180.0,180.0,10.0,0.8004015,0.19959849,0.6852916,0.31470844,14.2300005
2.5974307,-0.8528873,-1.5334591,310.0,300.0,10.0,0.7368231,0.2631769,0.70447695,0.29552305,6.9
1.976955,-0.82099056,0.2415279,105.0,105.0,180.0,0.8789555,0.12104453,0.50543475,0.49456525,7.57
-2.6811109,-0.17971656,-0.07526992,200.0,200.0,0.167,0.7873422,0.21265785,0.69753164,0.3024684,20.08
-2.3938437,0.5007507,-0.7076906,25.0,250.0,30.0,0.8134682,0.18653172,0.7444101,0.2555899,29.34
-1.9747276,-2.1159663,1.436659,25.0,25.0,1.0,0.8604497,0.13955031,0.66374177,0.33625823,8.2
-3.256619,-0.4714202,-1.3286674,220.0,220.0,60.0,0.799508,0.20049204,0.6478662,0.35213375,17.25
-1.4500655,-0.5344581,-1.3501378,180.0,180.0,60.0,0.8174826,0.18251744,0.639891,0.36010894,17.41
-3.256619,-0.3016933,-1.1549037,180.0,180.0,40.0,0.8107902,0.18920985,0.6584094,0.34159058,27.72
-3.256619,-0.28564006,-1.5099229,240.0,240.0,60.0,0.7900357,0.20996428,0.65182346,0.3481766,18.84
3.6051545,-0.6453255,-0.003825408,180.0,180.0,2.0,0.79756,0.20244002,0.6922644,0.30773565,2.4999998
-0.4452201,0.33062223,-1.1180117,25.0,290.0,30.0,0.8021418,0.19785817,0.76117593,0.2388241,20.31
-3.4874158,0.010936,-0.84769416,180.0,180.0,20.0,0.80391127,0.19608878,0.67645687,0.32354307,37.02
1.7428236,0.14830256,0.5154718,170.0,170.0,3.0,0.80255896,0.19744104,0.6895391,0.3104609,15.0
0.57131726,-1.9116806,-1.3286674,220.0,220.0,60.0,0.799508,0.20049204,0.6478662,0.35213375,3.6999996
0.85663676,-1.600407,0.35504764,60.0,80.0,180.0,0.888625,0.11137498,0.5069171,0.4930829,2.9000003
0.84679663,-0.7867343,0.9419105,140.0,140.0,4.0,0.81633306,0.18366693,0.6830476,0.3169524,6.03
0.64739835,-1.9016434,-0.3244033,180.0,180.0,10.0,0.8004015,0.19959849,0.6852916,0.31470844,3.3
-2.64964,1.0060974,1.1848252,100.0,100.0,0.167,0.83193225,0.16806778,0.6788772,0.3211228,23.5
-0.26415893,-1.2400222,-1.2061965,25.0,320.0,30.0,0.79331213,0.20668788,0.7732452,0.22675478,9.3
-3.256619,-0.33866757,-0.102240324,180.0,180.0,5.0,0.79862905,0.20137091,0.68965966,0.31034037,18.98
0.85663676,-1.7077621,0.19538999,60.0,80.0,14400.0,1.0,2.7553753e-15,7.96062e-26,1.0,3.8999999
0.27108344,-1.2617319,1.4367868,20.0,20.0,0.0167,0.8619255,0.13807447,0.6636638,0.33633626,4.1000004
-6.0941725,-0.7798025,-0.7058072,40.0,180.0,60.0,0.8389659,0.16103403,0.68321216,0.3167878,26.45
0.2478737,-0.46687523,0.68460417,160.0,160.0,0.5,0.8062581,0.19374192,0.68985367,0.31014636,12.21
1.5884987,-1.6446737,-1.5525372,25.0,300.0,60.0,0.8096656,0.19033433,0.74263006,0.25737,9.5
0.5450627,-0.69336456,-0.45752683,25.0,208.0,30.0,0.82481617,0.17518382,0.7259941,0.27400586,11.11
-5.188364,-1.5943145,1.4111292,50.0,50.0,5.0,0.85261685,0.14738312,0.66496235,0.3350376,10.0
-3.256619,-0.28612277,-1.3286674,220.0,220.0,60.0,0.799508,0.20049204,0.6478662,0.35213375,19.13
-1.357976,-1.5046202,-0.6675528,240.0,240.0,0.0167,0.76718503,0.23281497,0.7049462,0.29505378,15.8
-0.08666108,0.46124172,-1.464368,25.0,330.0,60.0,0.8010885,0.1989115,0.7553353,0.24466473,28.0
-0.8513802,-0.70552796,-0.06186308,185.0,195.0,0.0167,0.79149556,0.20850441,0.6996578,0.30034223,17.63
-4.05594,-1.8620014,1.2449558,25.0,25.0,20.0,0.8654192,0.13458076,0.64628685,0.35371312,6.6000004
-2.3825579,-1.6490929,-0.7509624,25.0,290.0,5.0,0.7932201,0.2067799,0.77916217,0.22083783,10.96
-4.418028,-0.4189228,0.037347466,180.0,180.0,0.333,0.7969641,0.20303595,0.6937065,0.3062935,18.949999
-3.562356,-0.42063937,0.9990515,130.0,130.0,0.75,0.8195869,0.18041307,0.6840252,0.31597477,19.199999
-1.9908422,-1.0477877,-1.2227799,25.0,260.0,45.0,0.81572324,0.18427674,0.7370236,0.26297638,19.51
-2.0897746,-0.6748474,-0.30922914,220.0,220.0,0.333,0.77751863,0.22248133,0.70104665,0.29895332,15.7
-0.53678554,0.014178568,1.1533393,105.0,105.0,0.083,0.829866,0.17013402,0.6798986,0.3201014,14.22
-3.7098951,-0.48350844,-0.18966103,200.0,200.0,5.0,0.7891263,0.21087372,0.69336945,0.30663055,31.03
-1.704436,-1.5174801,-0.077285394,190.0,190.0,0.0167,0.79210925,0.20789075,0.69582325,0.30417675,8.58
0.22497924,-1.0208205,0.9128859,145.0,145.0,2.0,0.8134758,0.18652424,0.6857433,0.3142568,7.36
1.976955,-0.8977826,0.27947953,25.0,100.0,180.0,0.8887544,0.11124565,0.5302506,0.46974942,3.7500002
0.59674144,-1.5291439,-0.081007734,225.0,205.0,2.5,0.7821129,0.21788712,0.69056535,0.30943468,8.8
-2.2384,-0.23122427,-1.2061965,25.0,320.0,30.0,0.79331213,0.20668788,0.7732452,0.22675478,17.8
3.3381593,-0.60498923,-0.74861044,25.0,280.0,15.0,0.7997615,0.20023853,0.76809746,0.23190254,4.3
0.2470844,-0.048659287,1.4106928,24.0,50.0,7.0,0.8566539,0.14334604,0.6711355,0.32886457,10.8
2.3460915,-0.62346524,-1.4098601,320.0,320.0,1.0,0.7235889,0.2764111,0.7183981,0.28160197,7.2000003
0.687352,-1.6631967,-0.45945984,170.0,170.0,300.0,0.88687396,0.11312606,0.39898995,0.60101,12.400001
1.1545055,-0.477758,-0.57284987,160.0,160.0,40.0,0.81953996,0.18046005,0.6544874,0.34551263,11.76
-1.8633715,0.6862477,0.81301135,150.0,150.0,0.0833,0.8106127,0.18938737,0.6883538,0.31164625,22.599998
-2.120565,-0.20842253,0.9990515,130.0,130.0,0.75,0.8195869,0.18041307,0.6840252,0.31597477,17.2
-1.704436,-1.5234333,0.043058336,180.0,180.0,0.0833,0.79687464,0.20312531,0.69392216,0.3060778,13.4800005
1.318558,-1.6431855,-1.7916462,280.0,280.0,60.0,0.7701182,0.22988182,0.6596749,0.34032512,6.4
1.9868374,-1.238278,-0.28684103,160.0,220.0,2.0,0.78913814,0.2108618,0.716774,0.28322607,4.1000004
1.3474181,-0.273422,-0.31661457,25.0,235.0,20.0,0.81426334,0.18573669,0.74571437,0.25428563,11.26
2.5974307,-0.92191154,-0.40041506,225.0,225.0,0.5,0.7750612,0.22493882,0.701815,0.29818505,2.4999998
1.9868374,-1.2311546,-0.4192656,180.0,220.0,2.0,0.7855222,0.21447778,0.7111234,0.28887662,3.8999999
-4.42991,2.2118044,0.12498179,100.0,100.0,360.0,0.91645885,0.08354115,0.32860276,0.67139727,37.95
1.4853187,-1.6685284,-1.5434659,25.0,280.0,60.0,0.8152249,0.18477511,0.733924,0.266076,10.8
-1.6978815,-0.86768836,-0.7349446,25.0,292.0,0.0167,0.7908037,0.20919634,0.78339463,0.21660537,20.0
-2.7113392,-1.3099529,0.044566214,180.0,180.0,0.0167,0.7968508,0.20314917,0.6939797,0.3060203,9.8
0.25840092,-1.7895169,-0.656155,180.0,180.0,15.0,0.8021623,0.19783776,0.6808905,0.31910953,4.7400002
-4.418028,-1.5989326,0.5898261,25.0,140.0,15.0,0.8375623,0.16243768,0.707274,0.29272595,13.7
2.3170292,0.655286,0.34794208,80.0,80.0,180.0,0.8864697,0.11353032,0.50000036,0.49999967,9.5
-4.3128185,-0.30794922,1.0481477,120.0,120.0,0.167,0.823654,0.17634599,0.6826566,0.3173434,17.03
2.5974307,-1.3088261,-1.1079285,250.0,250.0,30.0,0.7737754,0.22622462,0.68086356,0.3191364,3.0199997
1.1545055,-0.47938824,-0.68345726,160.0,160.0,60.0,0.8259893,0.1740107,0.63587403,0.364126,9.34
1.1510477,-1.7466745,-0.6217562,25.0,275.0,12.0,0.8001594,0.19984062,0.7682637,0.23173629,4.7000003
-1.357976,-1.5895306,0.5864473,170.0,170.0,0.0833,0.80153483,0.19846515,0.6920722,0.3079278,6.43
-0.26415893,0.2138497,-1.464368,25.0,330.0,60.0,0.8010885,0.1989115,0.7553353,0.24466473,24.0
0.71945286,-1.5148107,-0.08220641,200.0,200.0,0.5,0.78746545,0.21253458,0.69724584,0.30275416,4.8000007
-3.4874158,-0.50965333,-1.1549037,180.0,180.0,40.0,0.8107902,0.18920985,0.6584094,0.34159058,38.8
-2.18285,-0.5328634,0.38583428,25.0,220.0,5.0,0.8133831,0.18661688,0.750837,0.24916293,20.5
0.59674144,-1.3479687,-0.081007734,225.0,205.0,2.5,0.7821129,0.21788712,0.69056535,0.30943468,4.7000003
-0.93548656,-1.1298032,-1.5557106,160.0,200.0,120.0,0.834407,0.165593,0.5995648,0.40043518,14.51
1.1545055,-0.49789476,-0.18966103,200.0,200.0,5.0,0.7891263,0.21087372,0.69336945,0.30663055,9.53
1.1545055,-0.5003291,0.59156406,160.0,160.0,5.0,0.80780786,0.19219209,0.68592525,0.31407478,6.41
2.6387231,-0.697496,-1.3466465,190.0,190.0,60.0,0.81310964,0.18689042,0.6418923,0.35810772,3.4000003
1.5002044,-1.6438355,-1.5970459,250.0,250.0,60.0,0.78517795,0.21482207,0.6537943,0.34620574,4.8000007
0.84679663,-0.7640821,1.1034844,120.0,120.0,15.0,0.82836825,0.17163175,0.66944915,0.33055088,7.26
-0.01938829,-2.1150324,0.30695343,300.0,300.0,2880.0,0.9993814,0.00061855186,2.0660826e-05,0.9999794,3.1300004
0.4653507,-1.5910009,-0.9898233,280.0,260.0,2.0,0.75346774,0.24653228,0.7011168,0.2988832,4.5100007
1.829127,-1.8530401,-1.464368,25.0,330.0,60.0,0.8010885,0.1989115,0.7553353,0.24466473,3.8999999
3.6051545,-0.7389057,-0.56661177,200.0,200.0,20.0,0.7945936,0.20540638,0.6802514,0.31974858,2.6000001
-1.357976,-1.2228466,0.044566214,180.0,180.0,0.0167,0.7968508,0.20314917,0.6939797,0.3060203,13.650001
-1.704436,-1.5317482,0.5864473,170.0,170.0,0.0833,0.80153483,0.19846515,0.6920722,0.3079278,10.72
0.59674144,-1.8024641,-0.84769416,180.0,180.0,20.0,0.80391127,0.19608878,0.67645687,0.32354307,5.4
-2.5768008,-0.1289278,-0.23755111,160.0,160.0,20.0,0.81290567,0.18709427,0.6726391,0.3273609,33.46
0.66863286,-1.6722255,0.6111541,80.0,80.0,840.0,0.97110623,0.028893763,0.06394535,0.93605465,1.3399999
-3.3596282,-0.81668824,-1.70923,25.0,310.0,115.0,0.82509166,0.1749083,0.702363,0.29763696,21.54
2.1399477,-0.5030553,0.38583428,25.0,220.0,5.0,0.8133831,0.18661688,0.750837,0.24916293,3.47
-1.9349736,-1.7523222,-1.0213485,25.0,320.0,15.0,0.78781986,0.21218018,0.78376085,0.21623912,13.37
1.1545055,-0.5865223,-0.84769416,180.0,180.0,20.0,0.80391127,0.19608878,0.67645687,0.32354307,6.8700004
-0.14567302,-1.078328,-0.68345726,160.0,160.0,60.0,0.8259893,0.1740107,0.63587403,0.364126,9.59
0.84679663,-1.7155628,-0.52219707,160.0,160.0,90.0,0.83532023,0.16467983,0.6071902,0.39280978,4.4900002
0.58865166,-0.7556329,0.19461174,170.0,170.0,10.0,0.80500054,0.19499946,0.68341327,0.31658676,8.08
-6.788054,-1.298966,-0.82599044,250.0,250.0,0.0167,0.7619578,0.23804218,0.7067516,0.2932484,28.32
-4.10008,0.38160843,-0.5123298,25.0,220.0,30.0,0.8216305,0.17836949,0.7313393,0.26866072,29.75
0.67632586,-1.0394377,-1.66736,310.0,310.0,15.0,0.7354275,0.2645725,0.7049346,0.2950654,11.9
-2.3938437,-0.50741273,-0.7076906,25.0,250.0,30.0,0.8134682,0.18653172,0.7444101,0.2555899,22.57
2.769529,-0.21657163,0.7724359,150.0,150.0,3.0,0.8116009,0.18839905,0.6858039,0.31419608,3.8
1.1545055,-0.49163204,-0.52219707,160.0,160.0,90.0,0.83532023,0.16467983,0.6071902,0.39280978,14.26
-1.2186937,-1.4482175,-1.3174211,300.0,300.0,0.0167,0.73462975,0.26537022,0.7156808,0.28431922,12.4800005
-2.619699,-0.62578374,-0.70716405,240.0,240.0,2.0,0.7679675,0.23203248,0.7032661,0.2967339,13.52
-0.26067558,-1.6003692,-1.3395376,25.0,350.0,60.0,0.7952108,0.20478922,0.7635664,0.23643361,4.8800006
0.72515124,-1.6541184,-1.7916462,280.0,280.0,60.0,0.7701182,0.22988182,0.6596749,0.34032512,7.9
0.9524719,-1.3843989,1.1195171,110.0,110.0,0.083,0.82780606,0.17219396,0.6808441,0.31915593,2.4999998
-0.08666108,-0.6706282,-1.4902836,25.0,325.0,60.0,0.8025379,0.19746207,0.75324744,0.2467525,19.0
1.1545055,-0.47277093,-0.68345726,160.0,160.0,60.0,0.8259893,0.1740107,0.63587403,0.364126,10.58
-0.60894513,-1.2556939,-0.54306656,160.0,230.0,5.0,0.78720015,0.21279989,0.71886665,0.28113335,10.7
3.6051545,-1.5778565,-1.6642675,300.0,300.0,30.0,0.74735415,0.25264582,0.69023556,0.30976447,2.01
1.635114,-1.6524352,-1.1852319,320.0,348.0,300.0,0.8281415,0.17185849,0.4461694,0.5538306,4.4
-2.18285,0.36215487,0.38583428,25.0,220.0,5.0,0.8133831,0.18661688,0.750837,0.24916293,36.73
0.2470844,-0.91754764,-0.7418189,25.0,180.0,60.0,0.8411421,0.15885782,0.6876864,0.31231365,10.0
-1.9349736,-1.752898,-0.99176407,25.0,320.0,10.0,0.7859655,0.21403447,0.78718656,0.2128134,12.87
0.9524719,-0.9554841,-0.11560716,197.0,167.0,12.0,0.80195975,0.19804029,0.672003,0.327997,4.0000005
-2.3775375,0.7232513,-0.7418189,25.0,180.0,60.0,0.8411421,0.15885782,0.6876864,0.31231365,26.4
-3.4984875,-1.5173972,1.44066,25.0,25.0,0.0167,0.8601883,0.13981164,0.6646335,0.33536646,6.09
0.59674144,-1.5200524,-0.22087324,50.0,180.0,40.0,0.831392,0.16860798,0.69763505,0.30236492,6.4
-3.9004056,0.096787535,-1.5525372,25.0,300.0,60.0,0.8096656,0.19033433,0.74263006,0.25737,38.07
-1.4500655,-0.5429822,-0.102240324,180.0,180.0,5.0,0.79862905,0.20137091,0.68965966,0.31034037,13.99
0.9524719,-1.3125505,0.4801587,25.0,25.0,120.0,0.88916165,0.11083835,0.54887944,0.4511206,4.1000004
0.2470844,2.1282892,0.13973635,100.0,100.0,60.0,0.84963083,0.1503692,0.6237106,0.37628946,29.460001
-1.6142938,0.2582191,1.4403665,25.0,25.0,0.083,0.86020595,0.13979399,0.66457343,0.33542657,38.34
0.5875617,-0.7539633,-1.0371373,25.0,190.0,180.0,0.8714562,0.12854375,0.58027905,0.41972092,9.3
-0.41446418,-0.9368738,1.1717379,100.0,100.0,5.0,0.8334214,0.16657859,0.6745781,0.32542193,9.5
-2.5768008,-1.0302372,-0.61583066,200.0,200.0,25.0,0.79639256,0.2036075,0.6758132,0.3241868,15.8
-1.6984288,-0.28030732,-1.8098725,160.0,300.0,30.0,0.77481836,0.2251817,0.7300552,0.26994482,16.5
-3.4259186,-0.8790305,-1.4494979,260.0,290.0,10.0,0.75058854,0.2494115,0.71409386,0.2859061,27.7
1.1545055,-0.4938327,0.65709674,160.0,160.0,2.0,0.80677575,0.19322427,0.6885472,0.3114528,5.7400002
3.0019646,-1.2789587,-1.6642675,300.0,300.0,30.0,0.74735415,0.25264582,0.69023556,0.30976447,2.2299998
1.8027055,-1.2983142,-0.6844935,220.0,220.0,20.0,0.7849516,0.21504834,0.6840222,0.3159778,4.75
-4.4198413,-0.4171632,0.94753224,24.0,50.0,30.0,0.8627876,0.13721238,0.65017396,0.349826,20.3
1.1545055,-0.45844895,0.50806105,170.0,140.0,9.0,0.81311256,0.1868875,0.66951203,0.33048794,5.9
2.3170292,0.041814618,0.34794208,80.0,80.0,180.0,0.8864697,0.11353032,0.50000036,0.49999967,5.8
-2.5768008,-0.77231187,0.19461174,170.0,170.0,10.0,0.80500054,0.19499946,0.68341327,0.31658676,15.41
-0.53533745,0.97467107,0.39930713,80.0,80.0,1080.0,0.9828015,0.017198497,0.02509881,0.97490114,34.079998
-1.4500655,-0.63424045,0.59156406,160.0,160.0,5.0,0.80780786,0.19219209,0.68592525,0.31407478,10.53
0.59674144,-1.8295716,-1.5249263,25.0,200.0,120.0,0.85357994,0.14642005,0.6434608,0.35653925,5.9
-2.182239,-1.6208425,1.1717379,100.0,100.0,5.0,0.8334214,0.16657859,0.6745781,0.32542193,8.9
-0.8345782,-1.8339335,-0.6349087,25.0,180.0,180.0,0.873486,0.12651403,0.57478213,0.4252179,3.6999996
-0.93548656,-1.2161971,-1.4539349,25.0,250.0,60.0,0.82332695,0.17667305,0.7205183,0.27948168,11.1
0.58865166,-1.0526003,0.41992128,160.0,160.0,10.0,0.8095188,0.19048113,0.6815289,0.31847107,4.0000005
-0.9198582,-0.3920574,0.033473663,180.0,180.0,0.5,0.79702383,0.20297618,0.6935622,0.3064378,13.89
0.22497924,-1.049754,1.2076906,95.0,95.0,2.0,0.8345133,0.16548672,0.6762991,0.32370088,5.04
-3.4662838,0.888022,1.4300191,25.0,25.0,10.0,0.8628226,0.13717742,0.6555258,0.34447417,26.0
1.7623365,-1.2812022,-1.1079285,250.0,250.0,30.0,0.7737754,0.22622462,0.68086356,0.3191364,5.9
-2.1405716,-0.74503106,-0.1579177,160.0,200.0,10.0,0.79801214,0.20198786,0.70076144,0.29923853,14.82
0.22497924,-1.0169584,0.7010102,155.0,155.0,2.0,0.8090292,0.19097078,0.687614,0.31238595,8.91
0.2470844,-1.8452672,-0.63720584,25.0,180.0,120.0,0.8580814,0.14191863,0.6330577,0.3669423,3.8999999
1.541404,-1.5071982,-1.7282649,25.0,300.0,120.0,0.82928,0.17071998,0.6933261,0.30667388,4.349
-1.6954794,-1.379483,-1.500969,280.0,280.0,15.0,0.7520281,0.24797192,0.69947976,0.30052027,19.019999
-1.1697581,-0.74507743,-1.1382687,265.0,265.0,5.0,0.7560056,0.24399443,0.7052531,0.29474688,20.01
0.84679663,-1.7519006,0.575659,140.0,120.0,30.0,0.8300081,0.16999191,0.64954364,0.3504564,3.6999996
2.3349266,-1.4420098,-1.5518017,25.0,295.0,60.0,0.8110674,0.18893263,0.74047107,0.25952893,5.4
2.287703,-1.6087397,-2.0051594,300.0,300.0,100.0,0.7754527,0.22454737,0.6263504,0.37364963,4.19
0.71945286,-1.5164958,1.1788061,100.0,100.0,1.33,0.83229154,0.16770843,0.6778454,0.3221546,1.9999998
2.5974307,-0.9166633,1.0600804,120.0,120.0,10.0,0.8267904,0.17320956,0.67393243,0.32606757,2.1000001
1.1545055,-0.59455526,0.65709674,160.0,160.0,2.0,0.80677575,0.19322427,0.6885472,0.3114528,6.17
-1.9349736,-1.7422905,-1.5434659,25.0,280.0,60.0,0.8152249,0.18477511,0.733924,0.266076,11.65
-1.6142938,-1.3231381,0.66480464,165.0,165.0,0.0167,0.8038113,0.19618866,0.6912027,0.3087973,10.02
-0.5411444,-0.106589146,0.8894808,25.0,180.0,5.0,0.82420707,0.17579293,0.7335994,0.26640058,11.22
-0.07247263,-1.4481032,0.3617676,25.0,25.0,60.0,0.8753934,0.12460654,0.6082857,0.39171427,6.6000004
0.9524719,-0.51801854,-1.0927854,25.0,190.0,60.0,0.8386894,0.16131066,0.6925046,0.3074954,12.28
0.20572765,-1.7685924,-0.9770535,275.0,250.0,30.0,0.76901513,0.23098482,0.67330194,0.3266981,6.52
1.1545055,-0.4601287,-1.322933,180.0,180.0,90.0,0.8271741,0.17282583,0.6113303,0.38866973,16.03
-0.41446418,-1.12721,1.2141783,100.0,100.0,15.0,0.8364692,0.16353087,0.6655895,0.33441055,5.1
1.1545055,-0.4864042,0.65709674,160.0,160.0,2.0,0.80677575,0.19322427,0.6885472,0.3114528,6.88
-3.4259186,-0.93908423,-1.4494979,260.0,290.0,10.0,0.75058854,0.2494115,0.71409386,0.2859061,19.77
3.6051545,-0.75080174,-0.5757775,220.0,220.0,10.0,0.7811949,0.21880506,0.6927441,0.30725592,2.9999998
3.6051545,-0.6858401,-0.9751507,180.0,180.0,30.0,0.8073741,0.19262594,0.66749465,0.3325054,2.6699998
0.59674144,-1.370651,-0.081007734,225.0,205.0,2.5,0.7821129,0.21788712,0.69056535,0.30943468,7.6
-3.3659997,-1.4802103,1.4403652,25.0,25.0,0.0833,0.86020607,0.13979393,0.6645732,0.33542687,13.81
1.1545055,-0.513998,-0.68345726,160.0,160.0,60.0,0.8259893,0.1740107,0.63587403,0.364126,20.63
-0.5411444,-1.6553805,0.8867338,50.0,185.0,0.0167,0.8172727,0.18272726,0.73300135,0.26699868,6.19
1.4007895,-1.1871175,-0.5693334,170.0,220.0,8.0,0.7895491,0.21045089,0.7089488,0.2910512,4.4700003
3.6051545,-0.8039226,-1.5099229,240.0,240.0,60.0,0.7900357,0.20996428,0.65182346,0.3481766,1.9999998
-0.5411444,-1.6553825,0.8867338,50.0,185.0,0.0167,0.8172727,0.18272726,0.73300135,0.26699868,6.37
-3.256619,-0.44825742,-1.5292957,240.0,240.0,150.0,0.82115346,0.17884658,0.56490964,0.4350903,24.98
-1.6142938,-1.4643092,0.5739052,170.0,170.0,0.667,0.80174005,0.1982599,0.69156617,0.3084338,9.33
2.1573102,-1.5043951,-0.65312463,160.0,160.0,48.0,0.8221418,0.17785822,0.64709496,0.35290506,3.49
0.58865166,-1.3881835,-0.84769416,180.0,180.0,20.0,0.80391127,0.19608878,0.67645687,0.32354307,6.98
-0.39827746,-0.86066836,-1.0640547,100.0,280.0,30.0,0.7919951,0.2080049,0.7374679,0.2625321,15.32
-5.910591,-0.1391727,-0.0372063,25.0,160.0,300.0,0.9032625,0.0967375,0.44235593,0.5576441,27.3
-2.182239,-1.6207498,1.1803231,100.0,100.0,1.0,0.8321896,0.16781035,0.6781384,0.32186165,5.9
-0.5411444,-1.3094774,0.07702926,25.0,80.0,60.0,0.86403054,0.13596949,0.63738364,0.36261636,10.6
-4.4173164,-0.8404823,-1.5434659,25.0,280.0,60.0,0.8152249,0.18477511,0.733924,0.266076,34.109997
1.1545055,-0.52060425,-0.102240324,180.0,180.0,5.0,0.79862905,0.20137091,0.68965966,0.31034037,8.62
0.59674144,-1.0549016,-1.4472007,160.0,200.0,60.0,0.8152505,0.18474953,0.65647393,0.3435261,14.15
0.12961115,0.15235363,-1.6635048,25.0,220.0,120.0,0.8489609,0.1510391,0.6537302,0.3462698,32.0
-0.64429986,-0.4991444,-1.7969053,300.0,300.0,45.0,0.75356627,0.24643369,0.6770459,0.32295415,16.81
-2.4319925,-0.2301339,-1.6921535,60.0,280.0,120.0,0.8290949,0.17090514,0.67309904,0.32690093,26.970001
-0.14567302,-1.0806235,-0.57284987,160.0,160.0,40.0,0.81953996,0.18046005,0.6544874,0.34551263,6.9500003
2.287703,-0.9081579,-0.12313313,205.0,205.0,1.0,0.7852117,0.21478835,0.6977343,0.30226576,3.5000002
-2.6857946,-1.8339982,1.0318674,30.0,30.0,30.0,0.8663014,0.1336986,0.6379422,0.36205786,1.1100004
0.94392407,-0.18042018,-0.58135116,25.0,280.0,0.0167,0.7944022,0.20559786,0.7787719,0.22122815,17.0
-1.83271,-1.3066925,0.34463632,175.0,175.0,0.05,0.79920304,0.20079693,0.6930268,0.3069732,15.68
1.1545055,-0.5179251,-0.56661177,200.0,200.0,20.0,0.7945936,0.20540638,0.6802514,0.31974858,12.47
-1.424945,-0.6321114,0.566437,170.0,170.0,1.0,0.8018572,0.19814287,0.6912773,0.3087227,11.17
-2.5768008,-1.3872195,0.44733843,190.0,160.0,3.0,0.80202705,0.1979729,0.67869186,0.32130814,9.59
0.84679663,-1.4640001,-0.3236459,170.0,170.0,120.0,0.8403881,0.15961193,0.5798672,0.42013285,5.04
-0.13810083,-0.31978533,-0.81750023,25.0,300.0,0.0167,0.7883791,0.21162094,0.78643745,0.2135626,14.49
0.096579924,0.14283974,-1.9122337,278.0,275.0,90.0,0.78357226,0.21642774,0.6298012,0.37019885,20.9
-1.704436,-1.5076971,0.5864473,170.0,170.0,0.0833,0.80153483,0.19846515,0.6920722,0.3079278,8.01
-0.33699745,-1.4650282,1.2961764,80.0,80.0,5.0,0.84132946,0.15867054,0.6707489,0.3292511,4.4
-0.93548656,-1.1127745,-1.4472007,160.0,200.0,60.0,0.8152505,0.18474953,0.65647393,0.3435261,12.97
0.59674144,-1.3775753,-1.0927854,25.0,190.0,60.0,0.8386894,0.16131066,0.6925046,0.3074954,9.1
1.976955,-0.045545362,-0.23858333,105.0,105.0,1440.0,0.9915838,0.0084161805,0.006050266,0.9939498,12.37
2.5974307,-1.1514753,-1.6666801,275.0,280.0,45.0,0.76516426,0.23483576,0.67475146,0.3252485,4.5
2.084927,-1.2359446,-1.6047097,180.0,240.0,60.0,0.8005808,0.19941925,0.6704167,0.32958323,7.3
1.5884987,-1.2303375,-1.5525372,25.0,300.0,60.0,0.8096656,0.19033433,0.74263006,0.25737,7.5
-1.704436,-1.5239309,0.6918168,160.0,160.0,0.0833,0.8061141,0.19388592,0.690216,0.30978394,4.2799997
1.0099448,-0.39158142,-0.10261221,25.0,160.0,240.0,0.8910312,0.108968765,0.5030903,0.49690962,10.34
-1.4500655,-0.6399277,-0.68345726,160.0,160.0,60.0,0.8259893,0.1740107,0.63587403,0.364126,13.63
-5.112322,0.65751785,1.2961764,80.0,80.0,5.0,0.84132946,0.15867054,0.6707489,0.3292511,31.5
0.59674144,-1.2171782,-0.62914395,25.0,200.0,40.0,0.83005744,0.16994253,0.7141666,0.28583336,10.6
2.3401406,0.42427757,1.436659,25.0,25.0,1.0,0.8604497,0.13955031,0.66374177,0.33625823,6.08
1.1545055,0.42382944,-0.68345726,160.0,160.0,60.0,0.8259893,0.1740107,0.63587403,0.364126,17.96
-0.24986637,-1.6776359,-1.6635048,25.0,220.0,120.0,0.8489609,0.1510391,0.6537302,0.3462698,8.91
-1.9240466,-0.4496488,0.8118435,150.0,150.0,0.167,0.8106411,0.18935896,0.68828076,0.3117193,12.19
-0.93548656,-1.2183733,-0.9784905,25.0,250.0,40.0,0.81680083,0.18319918,0.7365971,0.26340285,10.5
3.3381593,-0.6030614,-0.84804237,25.0,290.0,15.0,0.79682404,0.20317595,0.7720863,0.22791371,4.7000003
0.94392407,-0.113866426,1.387365,60.0,60.0,3.0,0.84836197,0.15163802,0.6687009,0.33129907,5.8700004
0.12961115,-0.31859598,-1.6635048,25.0,220.0,120.0,0.8489609,0.1510391,0.6537302,0.3462698,9.0
-1.9083992,-0.44455558,-0.4889673,230.0,230.0,0.167,0.7723901,0.22760984,0.70300686,0.2969932,24.14
-0.24986637,-1.531545,-1.5620062,25.0,200.0,90.0,0.8450918,0.15490815,0.6709314,0.32906857,10.74
0.59674144,0.48395488,-0.2785556,25.0,230.0,20.0,0.8156389,0.18436112,0.7435723,0.25642765,17.18
0.31890142,-1.9511241,-1.3501378,180.0,180.0,60.0,0.8174826,0.18251744,0.639891,0.36010894,6.1
-3.4874158,-0.51536685,-0.102240324,180.0,180.0,5.0,0.79862905,0.20137091,0.68965966,0.31034037,20.88
-0.53678554,-0.23514996,-0.1154007,200.0,200.0,2.0,0.78802013,0.21197991,0.69595677,0.30404317,11.96
-2.64964,1.2002937,1.3595257,70.0,70.0,0.167,0.843764,0.156236,0.67316395,0.32683605,31.1
-5.112322,0.24254188,1.3113315,80.0,80.0,0.0833,0.83987254,0.16012752,0.67514884,0.32485119,20.21
-1.1312306,0.0035343852,0.9778096,140.0,140.0,0.0167,0.8150086,0.18499143,0.68654364,0.3134564,15.2300005
1.1545055,-0.49745136,-0.33059567,200.0,200.0,10.0,0.7909605,0.20903951,0.6890301,0.31096992,10.61
-2.64964,1.2173798,1.3578401,70.0,70.0,0.5,0.8438611,0.15613893,0.672866,0.327134,26.85
1.0510738,-0.08860231,-0.31661457,25.0,235.0,20.0,0.81426334,0.18573669,0.74571437,0.25428563,12.63
0.67632586,-0.97299063,-1.3745508,285.0,275.0,10.0,0.7506576,0.24934235,0.6999312,0.30006886,13.6
-2.1924248,-1.1521131,-1.3224963,210.0,255.0,30.0,0.7796836,0.22031641,0.69515806,0.3048419,13.83
0.69672036,-0.89776605,0.026447013,25.0,150.0,300.0,0.9048448,0.09515515,0.43680573,0.5631942,7.33
-0.23518248,-2.1632955,-1.4539349,25.0,250.0,60.0,0.82332695,0.17667305,0.7205183,0.27948168,6.56
1.1545055,-0.50360984,-0.18966103,200.0,200.0,5.0,0.7891263,0.21087372,0.69336945,0.30663055,7.61
-1.4500655,-0.58133656,-0.003825408,180.0,180.0,2.0,0.79756,0.20244002,0.6922644,0.30773565,15.65
-1.548834,-1.6968539,-1.63568,90.0,280.0,120.0,0.82445574,0.17554426,0.66390204,0.33609793,12.92
-1.4500655,-0.47510135,0.59156406,160.0,160.0,5.0,0.80780786,0.19219209,0.68592525,0.31407478,12.55
-1.6142938,-1.2527784,-0.09862903,185.0,185.0,1.0,0.794845,0.20515497,0.69405395,0.3059461,15.38
1.5814078,-1.3198383,-1.1115193,25.0,192.0,60.0,0.8381951,0.16180485,0.6934633,0.30653673,7.55
-1.704436,-1.4359192,0.81301135,150.0,150.0,0.0833,0.8106127,0.18938737,0.6883538,0.31164625,10.83
0.687352,-0.75208217,-0.16208984,25.0,170.0,180.0,0.8754883,0.12451176,0.56926656,0.43073344,7.7400002
-5.7100835,-0.9130946,0.8755161,25.0,135.0,0.0167,0.8342685,0.16573152,0.7174485,0.28255147,25.5
1.1545055,-0.49287942,-0.16301113,140.0,140.0,60.0,0.83417994,0.16582,0.6318379,0.3681621,6.65
-3.256619,-0.5003657,-1.1549037,180.0,180.0,40.0,0.8107902,0.18920985,0.6584094,0.34159058,17.85
1.3653431,0.040786788,-1.9993579,200.0,330.0,90.0,0.7808275,0.21917246,0.68204516,0.31795484,17.68
2.084927,-1.2066392,0.3162896,140.0,140.0,120.0,0.8517307,0.14826933,0.5734991,0.42650095,4.1000004
-3.3652868,-1.3868315,0.7268791,180.0,125.0,5.0,0.8142827,0.18571723,0.66253555,0.33746442,12.150001
1.1545055,-0.47529536,-0.57284987,160.0,160.0,40.0,0.81953996,0.18046005,0.6544874,0.34551263,9.98
-1.4500655,-0.16387242,-0.102240324,180.0,180.0,5.0,0.79862905,0.20137091,0.68965966,0.31034037,17.82
-0.65761137,-0.78320336,-0.8021784,25.0,260.0,30.0,0.8106843,0.18931568,0.7486731,0.25132695,22.0
0.2470844,2.2363544,0.13973635,100.0,100.0,60.0,0.84963083,0.1503692,0.6237106,0.37628946,22.130001
0.9524719,-1.661627,0.08259028,110.0,110.0,60.0,0.84588283,0.15411717,0.6257491,0.3742509,3.2
-1.2814019,-0.9157124,-0.53990525,25.0,160.0,60.0,0.8459569,0.15404303,0.6779278,0.32207218,14.93
-1.0048336,-1.7744299,-0.6765324,240.0,240.0,0.5,0.7673758,0.23262414,0.70453733,0.29546267,7.56
-0.41318667,-1.5685862,-1.5620062,25.0,200.0,90.0,0.8450918,0.15490815,0.6709314,0.32906857,13.73
0.94392407,-0.6181185,-0.80470705,225.0,225.0,30.0,0.786231,0.21376899,0.6761216,0.3238784,7.5
1.272649,-1.5470665,-0.3244033,180.0,180.0,10.0,0.8004015,0.19959849,0.6852916,0.31470844,2.9999998
1.080088,-1.307778,1.1857293,100.0,100.0,0.0167,0.83188576,0.16811424,0.6790104,0.3209896,4.6200004
0.687352,-1.581471,-1.023863,190.0,190.0,300.0,0.8809145,0.119085476,0.4031675,0.5968325,5.0
-1.4500655,-0.63702625,-0.57284987,160.0,160.0,40.0,0.81953996,0.18046005,0.6544874,0.34551263,12.99
0.301921,-2.1637702,-1.7916462,280.0,280.0,60.0,0.7701182,0.22988182,0.6596749,0.34032512,6.2000003
0.5727593,-1.588474,-0.6592186,260.0,240.0,2.0,0.76409703,0.23590297,0.6974598,0.30254018,6.25
-2.0271885,-0.2606251,-1.7606726,150.0,310.0,30.0,0.7735167,0.22648327,0.7371614,0.26283857,27.43
-4.10008,1.8103151,1.3747691,25.0,25.0,15.0,0.86412615,0.13587385,0.6509205,0.3490795,40.62
-1.704436,-1.4203756,0.58557284,170.0,170.0,0.125,0.8015495,0.19845049,0.6920361,0.30796394,9.2300005
-3.256619,-0.28118086,-1.3501378,180.0,180.0,60.0,0.8174826,0.18251744,0.639891,0.36010894,26.0
0.31890142,-1.1351615,-0.1154007,200.0,200.0,2.0,0.78802013,0.21197991,0.69595677,0.30404317,7.21
-3.794945,-0.013167477,0.8130156,150.0,150.0,0.083,0.81061256,0.18938746,0.688354,0.31164598,22.66
-0.46673763,-1.477192,0.10856871,110.0,110.0,300.0,0.90321285,0.09678722,0.38654748,0.6134525,5.6000004
0.64739835,-0.6792942,0.15116912,25.0,150.0,120.0,0.86461633,0.1353837,0.6172206,0.38277945,12.5
0.71945286,-1.084525,1.0422194,120.0,120.0,1.0,0.82392144,0.17607856,0.6819224,0.31807762,5.0
1.6144052,-1.2440892,-1.0804659,170.0,230.0,30.0,0.7945579,0.20544209,0.6949489,0.30505112,3.4000003
-0.24986637,-1.7150147,-0.5123298,25.0,220.0,30.0,0.8216305,0.17836949,0.7313393,0.26866072,6.2400002
-3.7098951,-0.54068834,-1.3501378,180.0,180.0,60.0,0.8174826,0.18251744,0.639891,0.36010894,37.989998
1.4637561,-1.6571287,-1.7916462,280.0,280.0,60.0,0.7701182,0.22988182,0.6596749,0.34032512,6.0000005
0.2478737,-0.414604,0.97625065,140.0,140.0,0.17,0.81505966,0.18494032,0.6864095,0.31359056,9.25
-0.41446418,-1.1071064,0.018975645,120.0,120.0,60.0,0.8420588,0.15794118,0.62778324,0.37221676,8.5
0.5727593,-1.5911235,-0.9566801,280.0,260.0,0.5,0.75285095,0.247149,0.7023933,0.29760668,7.81
-1.6435404,-0.39871588,-0.99085355,160.0,220.0,30.0,0.7992578,0.20074216,0.6931024,0.3068976,22.679998
2.0664167,-1.2858037,-1.147608,250.0,200.0,60.0,0.800163,0.19983697,0.6278747,0.37212527,4.8000007
1.3474181,-0.2735218,-0.31661457,25.0,235.0,20.0,0.81426334,0.18573669,0.74571437,0.25428563,8.8
-0.20496796,-1.0850602,0.93464243,140.0,140.0,5.0,0.81666446,0.18333557,0.68216664,0.31783336,9.92
-3.7012744,0.15299362,1.248416,90.0,90.0,0.208,0.8359661,0.16403392,0.67694217,0.32305786,19.95
2.084927,-1.251273,-1.0855719,265.0,265.0,3.0,0.75518876,0.24481125,0.7069407,0.29305923,3.6499999
1.541404,-1.4550809,-1.7282649,25.0,300.0,120.0,0.82928,0.17071998,0.6933261,0.30667388,5.0940003
-1.4500655,-0.6335411,-0.003825408,180.0,180.0,2.0,0.79756,0.20244002,0.6922644,0.30773565,10.82
-3.641867,0.4193304,1.44066,25.0,25.0,0.0167,0.8601883,0.13981164,0.6646335,0.33536646,25.16
0.10196279,-0.8331205,0.7932929,150.0,150.0,1.5,0.8110932,0.18890682,0.6871167,0.31288335,13.63
0.5176942,-0.83082765,-0.087459944,190.0,190.0,0.5,0.7922852,0.20771483,0.69540715,0.30459285,9.6
-0.24986637,-1.7030749,-1.2622933,25.0,220.0,60.0,0.8311473,0.16885267,0.70670706,0.29329294,8.02
-1.424945,-1.6044514,-0.6703084,240.0,240.0,0.167,0.7672444,0.23275563,0.70481914,0.2951809,11.39
-1.83271,-1.3729104,0.64475393,165.0,165.0,1.0,0.8041541,0.19584595,0.6903486,0.30965132,12.2
-1.6142938,-1.6758549,-0.07871677,185.0,185.0,0.083,0.7945141,0.20548585,0.69484514,0.30515492,8.9
-1.4500655,-0.51901007,-0.23755111,160.0,160.0,20.0,0.81290567,0.18709427,0.6726391,0.3273609,15.88
2.5974307,-1.5976281,-1.6480298,300.0,300.0,20.0,0.7431556,0.2568444,0.6988614,0.30113858,3.8700001
0.16473211,-1.420038,-1.2540947,200.0,200.0,60.0,0.80865633,0.19134368,0.6438886,0.35611138,8.8
-3.5967855,-0.255223,1.0492997,120.0,120.0,0.017,0.82360584,0.17639418,0.68278867,0.31721127,18.4
0.12961115,-0.89803535,-1.0878835,250.0,250.0,20.0,0.7698807,0.2301193,0.6896331,0.3103669,8.8
-1.7090745,-0.20112263,1.0493019,120.0,120.0,0.0167,0.8236057,0.17639427,0.68278897,0.31721103,11.85
0.71945286,-1.2574121,0.973005,135.0,135.0,3.0,0.8181714,0.18182863,0.6829866,0.31701335,6.1
-2.5768008,-0.6862117,0.41992128,160.0,160.0,10.0,0.8095188,0.19048113,0.6815289,0.31847107,12.17
-0.5411444,-1.3355671,0.07702926,25.0,80.0,60.0,0.86403054,0.13596949,0.63738364,0.36261636,9.3
-2.0236852,-1.3135885,0.58557284,170.0,170.0,0.125,0.8015495,0.19845049,0.6920361,0.30796394,10.47
2.084927,-1.2350487,-0.68345726,160.0,160.0,60.0,0.8259893,0.1740107,0.63587403,0.364126,3.3
-2.482947,-1.3678755,-1.3112614,100.0,240.0,60.0,0.81401473,0.18598525,0.69439465,0.30560535,15.0
-2.128384,-1.3937207,-1.7916462,280.0,280.0,60.0,0.7701182,0.22988182,0.6596749,0.34032512,17.04
-2.1726234,-1.5774771,-0.7509624,25.0,290.0,5.0,0.7932201,0.2067799,0.77916217,0.22083783,7.7400002
-4.1991014,-1.6128608,1.046902,120.0,120.0,0.333,0.8237073,0.17629269,0.6825104,0.31748968,22.84
2.5974307,-1.4604524,-1.2010605,280.0,280.0,1.5,0.7464187,0.25358132,0.71089077,0.2891092,5.04
2.1573102,-1.2251832,1.0600804,120.0,120.0,10.0,0.8267904,0.17320956,0.67393243,0.32606757,2.6000001
-3.3596282,-0.08706463,-1.4180057,25.0,310.0,285.0,0.87293905,0.12706096,0.5417361,0.45826387,29.08
-6.204535,0.6610544,1.2961764,80.0,80.0,5.0,0.84132946,0.15867054,0.6707489,0.3292511,32.87
-3.256619,-0.32445022,-0.84769416,180.0,180.0,20.0,0.80391127,0.19608878,0.67645687,0.32354307,24.539999
-1.2781038,-0.78324383,0.94230676,25.0,180.0,0.0167,0.8226045,0.17739546,0.7375406,0.26245937,8.51
2.1573102,-1.2224525,0.41992128,160.0,160.0,10.0,0.8095188,0.19048113,0.6815289,0.31847107,3.3
0.14382733,-1.2765998,0.14746636,25.0,240.0,1.0,0.80640423,0.19359577,0.76213235,0.23786765,6.7
-0.14797877,-0.90720946,0.6574877,150.0,150.0,10.0,0.8139567,0.18604335,0.6796386,0.32036138,12.0
-1.1425881,-0.33648857,-0.9809898,240.0,240.0,30.0,0.7788184,0.2211816,0.67897123,0.32102883,15.58
1.976955,-0.07741559,0.107378766,105.0,105.0,360.0,0.9153404,0.084659606,0.32956266,0.6704373,11.4800005
-4.418028,-1.3097285,1.310849,80.0,80.0,0.167,0.8398974,0.1601026,0.67507416,0.3249258,13.4
1.976955,-0.17143807,0.2415279,105.0,105.0,180.0,0.8789555,0.12104453,0.50543475,0.49456525,7.59
-1.6142938,-1.6363442,-0.07729165,190.0,190.0,0.017,0.7921093,0.20789066,0.69582295,0.30417702,10.38
-0.40844083,-0.82770777,-1.1676538,25.0,300.0,30.0,0.7992306,0.20076942,0.76524746,0.23475257,12.29
3.6051545,-0.9231529,-0.7552167,220.0,220.0,30.0,0.7886613,0.2113387,0.67516875,0.32483122,5.8
1.976955,-0.08769643,0.2415279,105.0,105.0,180.0,0.8789555,0.12104453,0.50543475,0.49456525,8.91
-3.3596282,-1.079544,-0.86127114,25.0,305.0,0.0167,0.78685325,0.21314673,0.7883233,0.21167669,18.16
0.9524719,-0.9494608,1.1912065,100.0,100.0,10.0,0.83495086,0.16504908,0.6700994,0.32990068,14.2
0.51824915,-1.8486928,-0.1962811,25.0,120.0,60.0,0.8552279,0.14477213,0.6579441,0.34205592,3.6000001
1.7623365,-0.9487474,-0.17509091,90.0,90.0,1440.0,0.9919397,0.008060326,0.00597233,0.9940276,7.0
1.1545055,-0.5940549,-0.33059567,200.0,200.0,10.0,0.7909605,0.20903951,0.6890301,0.31096992,9.79
-3.2200973,0.5625275,-1.3298581,25.0,310.0,40.0,0.79985136,0.20014867,0.7619746,0.23802541,29.26
-0.94193876,-0.7860456,-1.3110254,285.0,285.0,5.0,0.7451332,0.25486672,0.7088552,0.2911448,10.4
0.9524719,-0.2847406,-0.7418189,25.0,180.0,60.0,0.8411421,0.15885782,0.6876864,0.31231365,12.1
-0.16925606,-0.75561273,-1.500969,280.0,280.0,15.0,0.7520281,0.24797192,0.69947976,0.30052027,19.25
0.5727593,-1.5910474,-0.9898233,280.0,260.0,2.0,0.75346774,0.24653228,0.7011168,0.2988832,6.9100003
-0.33690962,-1.7482888,1.4399993,25.0,25.0,0.167,0.86022836,0.13977166,0.6644973,0.33550268,5.0
1.541404,-0.51402605,-1.5525372,25.0,300.0,60.0,0.8096656,0.19033433,0.74263006,0.25737,10.0
0.10196279,-0.65189713,1.1137354,110.0,110.0,1.0,0.8280949,0.17190506,0.6800333,0.31996667,7.85
0.46427786,-1.0482614,0.61977327,100.0,280.0,4320.0,0.9999801,1.9903264e-05,7.4620495e-08,0.9999999,4.65
-3.256619,-0.625569,0.84068525,140.0,126.0,20.0,0.82529235,0.17470771,0.66177464,0.3382253,11.28
-2.182239,-1.6210797,1.1030369,110.0,110.0,5.0,0.82935053,0.17064944,0.67648405,0.32351598,10.0
-2.182239,-1.8587233,1.387365,60.0,60.0,3.0,0.84836197,0.15163802,0.6687009,0.33129907,5.5
1.1545055,-0.62559503,1.0746987,140.0,126.0,5.0,0.82045746,0.17954257,0.6752889,0.32471105,7.4
-0.8513802,-0.44700205,-0.06186308,185.0,195.0,0.0167,0.79149556,0.20850441,0.6996578,0.30034223,15.03
1.6144052,-1.3792382,-1.4042846,25.0,240.0,60.0,0.82596487,0.1740351,0.715959,0.28404105,5.6000004
-0.31361422,-1.586006,-0.8578514,25.0,280.0,20.0,0.8015264,0.19847354,0.7644564,0.23554364,13.6
-0.53678554,-1.2148485,-0.9693755,260.0,260.0,0.333,0.7567793,0.24322072,0.70828485,0.29171512,10.89
0.10369806,-1.2014302,0.5954311,25.0,200.0,5.0,0.8188581,0.18114197,0.7423124,0.25768766,7.4900002
-2.100564,-0.04166449,-1.1676538,25.0,300.0,30.0,0.7992306,0.20076942,0.76524746,0.23475257,22.5
1.7989924,-1.0610207,-1.096103,150.0,180.0,60.0,0.8222662,0.17773375,0.64939815,0.35060188,4.6000004
-2.1405716,-0.74513924,0.39240044,160.0,170.0,10.0,0.80669,0.19331004,0.68639886,0.31360117,16.11
0.015371872,-1.2243717,1.44066,25.0,25.0,0.0167,0.8601883,0.13981164,0.6646335,0.33536646,5.0
2.5974307,-1.2248217,-0.82868004,250.0,250.0,0.167,0.76201814,0.23798192,0.7066249,0.29337505,2.1000001
3.1271765,-0.57708037,-0.6824295,210.0,210.0,30.0,0.793461,0.20653893,0.67325884,0.32674116,3.0999997
-2.82788,0.65863615,1.2961764,80.0,80.0,5.0,0.84132946,0.15867054,0.6707489,0.3292511,15.64
0.28806418,-0.39633182,0.68460417,160.0,160.0,0.5,0.8062581,0.19374192,0.68985367,0.31014636,13.34
-0.34184647,-0.21172997,1.1912065,100.0,100.0,10.0,0.83495086,0.16504908,0.6700994,0.32990068,21.97
2.287703,-1.6016517,-1.8337612,300.0,300.0,50.0,0.75561404,0.24438597,0.6725846,0.32741544,4.05
-3.256619,-0.3279962,-0.95813656,240.0,240.0,10.0,0.77110523,0.22889476,0.69643325,0.30356672,22.89
-1.108195,-0.7643839,-0.81750023,25.0,300.0,0.0167,0.7883791,0.21162094,0.78643745,0.2135626,16.7
-3.9174607,-0.50494426,-1.2196164,25.0,215.0,60.0,0.83242357,0.16757643,0.70436674,0.2956333,21.03
0.66863286,-1.6715374,0.6111541,80.0,80.0,840.0,0.97110623,0.028893763,0.06394535,0.93605465,1.8700006
-2.724994,-1.3814067,-1.3530998,155.0,250.0,22.5,0.7884731,0.21152684,0.7149741,0.2850259,22.14
-1.953887,-0.45907137,0.6889514,160.0,160.0,0.25,0.80617166,0.19382828,0.6900711,0.3099289,21.5
-4.3380175,-0.45789835,-0.7072966,130.0,180.0,60.0,0.8254004,0.17459959,0.6556714,0.34432858,29.900002
-0.60894513,-1.2682132,-0.9550076,160.0,230.0,15.0,0.79088134,0.2091187,0.7105765,0.28942353,11.2300005
3.3381593,-0.60216516,-0.84804237,25.0,290.0,15.0,0.79682404,0.20317595,0.7720863,0.22791371,4.9
0.64739835,-1.2498666,-0.24317616,240.0,215.0,5.0,0.777146,0.222854,0.6887703,0.3112297,10.5
-4.8791113,1.547105,0.6574877,150.0,150.0,10.0,0.8139567,0.18604335,0.6796386,0.32036138,37.35
0.2470844,-0.042470723,0.23666275,24.0,50.0,60.0,0.8704547,0.12954526,0.6219469,0.3780531,14.4
-1.2781038,-1.2804692,0.15363762,145.0,145.0,30.0,0.82268983,0.17731014,0.6607058,0.33929417,3.6000001
0.009897312,0.39359677,-0.102240324,180.0,180.0,5.0,0.79862905,0.20137091,0.68965966,0.31034037,19.44
-4.220417,-1.6251564,0.9586429,140.0,140.0,2.0,0.81566894,0.18433103,0.6848056,0.31519446,15.2
-3.1503532,-0.7612539,1.1278908,110.0,110.0,10.0,0.83090985,0.16909012,0.6720187,0.32798126,21.71
2.3349266,-0.9212298,-1.5276182,300.0,300.0,10.0,0.7389116,0.26108834,0.70734894,0.29265106,13.77
-0.5639342,-1.4179112,-1.4005643,300.0,300.0,5.0,0.7367727,0.26322734,0.71153975,0.28846028,11.2
0.9524719,0.6288552,-0.42782888,25.0,200.0,30.0,0.82691497,0.17308503,0.7223941,0.27760586,18.439999
-0.60894513,-1.2706617,-1.0301821,160.0,230.0,20.0,0.7927042,0.20729573,0.70637745,0.29362252,11.83
1.976955,-0.3360103,0.1550221,130.0,130.0,180.0,0.87101626,0.12898374,0.5108679,0.48913208,4.5300007
-5.4711776,0.26205567,-1.5434659,25.0,280.0,60.0,0.8152249,0.18477511,0.733924,0.266076,32.5
-0.08666108,-0.66684055,-1.511874,25.0,320.0,60.0,0.80397946,0.19602057,0.75114775,0.24885225,13.2
-1.9349736,-1.7504442,-1.2061965,25.0,320.0,30.0,0.79331213,0.20668788,0.7732452,0.22675478,14.2
3.3381593,-0.25710228,-1.0018685,25.0,315.0,15.0,0.78934056,0.21065947,0.78184557,0.2181544,7.8
1.4853187,-0.90427405,-1.511874,25.0,320.0,60.0,0.80397946,0.19602057,0.75114775,0.24885225,10.8
-1.6142938,-1.6369774,-0.0651303,195.0,195.0,0.017,0.7897081,0.21029192,0.6967424,0.3032576,13.2
-1.8703847,-0.44023523,-0.4889673,230.0,230.0,0.167,0.7723901,0.22760984,0.70300686,0.2969932,25.460001
1.1545055,-0.4864454,0.90635574,140.0,140.0,10.0,0.81831425,0.18168578,0.6777424,0.3222576,6.0000005
-3.9974983,1.257892,1.3582525,70.0,70.0,0.4167,0.84383684,0.1561632,0.67294055,0.32705948,28.210001
-0.41446418,-1.1269045,1.0099161,120.0,120.0,20.0,0.8299347,0.17006528,0.6649348,0.3350652,6.4
0.84679663,-1.6767254,-0.6962879,170.0,170.0,30.0,0.8118502,0.18814977,0.6655619,0.33443812,2.6000001
-3.9974983,-1.6112744,1.0874283,25.0,100.0,15.0,0.8472473,0.15275274,0.6882739,0.31172612,17.11
-3.1451223,-1.0823658,-0.89993906,25.0,310.0,0.0167,0.78531945,0.21468052,0.790197,0.20980303,18.9
0.67632586,-1.5461544,-1.4934435,300.0,285.0,13.0,0.74541724,0.2545828,0.6977381,0.3022619,10.1
3.6051545,-0.74398804,-0.9751507,180.0,180.0,30.0,0.8073741,0.19262594,0.66749465,0.3325054,2.4799998
1.1545055,-0.51615274,0.10025814,140.0,140.0,40.0,0.827971,0.17202903,0.65054417,0.3494558,6.61
1.635114,-1.1382827,0.19276614,150.0,150.0,120.0,0.8480257,0.15197432,0.5756246,0.4243754,2.3999999
-3.4662838,0.87501365,1.4300191,25.0,25.0,10.0,0.8628226,0.13717742,0.6555258,0.34447417,31.619999
-3.256619,-0.3243317,-0.56661177,200.0,200.0,20.0,0.7945936,0.20540638,0.6802514,0.31974858,19.619999
0.9524719,-0.21049204,-1.0927854,25.0,190.0,60.0,0.8386894,0.16131066,0.6925046,0.3074954,17.49
-3.256619,-0.33442074,-0.4290786,220.0,220.0,5.0,0.77929896,0.22070104,0.69705445,0.30294558,18.84
2.5974307,-1.5532598,-1.1929952,280.0,280.0,1.0,0.7462094,0.25379068,0.7113085,0.28869152,3.3
1.1545055,-0.5534105,-0.16301113,140.0,140.0,60.0,0.83417994,0.16582,0.6318379,0.3681621,9.36
0.4653507,-0.8701034,-0.3462999,220.0,220.0,2.0,0.7781558,0.22184427,0.6996241,0.30037585,9.69
-2.6421752,1.1330149,1.1833825,100.0,100.0,0.4167,0.83200943,0.16799057,0.6786558,0.3213442,27.0
1.541404,-0.5456612,-1.511874,25.0,320.0,60.0,0.80397946,0.19602057,0.75114775,0.24885225,5.82
-3.4874158,-0.5331654,-0.102240324,180.0,180.0,5.0,0.79862905,0.20137091,0.68965966,0.31034037,20.67
1.1545055,-0.49535185,-0.57284987,160.0,160.0,40.0,0.81953996,0.18046005,0.6544874,0.34551263,12.19
-2.128384,-1.3961728,-1.474464,280.0,280.0,30.0,0.7581625,0.24183752,0.6865049,0.3134951,13.09
2.5974307,-1.5532497,-1.1784928,280.0,280.0,0.03,0.7458029,0.25419715,0.71211773,0.2878823,1.3
-0.43601048,-0.83579034,0.49765944,25.0,210.0,5.0,0.81613636,0.18386362,0.7465984,0.25340164,5.6000004
1.6293457,-1.5009838,0.5012723,160.0,160.0,8.0,0.80883586,0.19116414,0.6832914,0.31670862,3.6999996
0.59674144,-1.1987633,-1.5620062,25.0,200.0,90.0,0.8450918,0.15490815,0.6709314,0.32906857,13.2
0.94392407,-0.6109811,-1.6642675,300.0,300.0,30.0,0.74735415,0.25264582,0.69023556,0.30976447,20.8
-3.4984875,-1.3277751,1.1853273,100.0,100.0,0.083,0.83190626,0.16809374,0.6789517,0.32104835,10.89
0.9524719,-0.22017264,-0.7076906,25.0,250.0,30.0,0.8134682,0.18653172,0.7444101,0.2555899,12.5
2.0664167,-1.3325914,0.105450824,250.0,200.0,1.0,0.7784802,0.22151989,0.6820073,0.31799275,1.9000003
-1.7090745,-0.48528817,0.56236243,165.0,175.0,0.0167,0.8009186,0.19908147,0.6959907,0.3040093,10.81
0.71945286,-0.43155676,1.0469241,120.0,120.0,0.33,0.8237064,0.17629364,0.682513,0.317487,5.6800003
-1.704436,-0.6923827,0.5864473,170.0,170.0,0.0833,0.80153483,0.19846515,0.6920722,0.3079278,13.54
0.371696,0.41736123,-1.5501704,25.0,290.0,60.0,0.8124612,0.18753888,0.7383004,0.26169962,33.38
-4.704038,1.7288488,0.12498179,100.0,100.0,360.0,0.91645885,0.08354115,0.32860276,0.67139727,38.149998
-0.4452201,0.33461347,-1.1180117,25.0,290.0,30.0,0.8021418,0.19785817,0.76117593,0.2388241,25.14
-0.34184647,-0.16392556,1.1912065,100.0,100.0,10.0,0.83495086,0.16504908,0.6700994,0.32990068,20.73
-2.6811109,-0.2675728,-0.07526992,200.0,200.0,0.167,0.7873422,0.21265785,0.69753164,0.3024684,21.289999
0.096579924,0.14206159,-1.9122337,278.0,275.0,90.0,0.78357226,0.21642774,0.6298012,0.37019885,18.699999
1.9868374,-1.2776959,-0.5874749,250.0,200.0,30.0,0.7893425,0.21065754,0.6559041,0.34409595,4.2000003
-1.83271,-1.299499,0.7307593,155.0,155.0,0.05,0.808362,0.19163795,0.68931466,0.31068534,8.12
-1.6053596,-0.7008036,0.8118435,150.0,150.0,0.167,0.8106411,0.18935896,0.68828076,0.3117193,11.74
1.1545055,-0.9543546,-0.102240324,180.0,180.0,5.0,0.79862905,0.20137091,0.68965966,0.31034037,5.9300003
-2.5768008,-0.68900573,0.59156406,160.0,160.0,5.0,0.80780786,0.19219209,0.68592525,0.31407478,12.46
0.8182221,-0.49287626,-0.32338563,220.0,220.0,1.0,0.77777374,0.22222628,0.70047796,0.29952207,3.18
2.4939818,-1.1967534,0.018860966,150.0,150.0,180.0,0.86434925,0.13565077,0.51521266,0.48478737,5.3
-0.14797877,-1.2297087,-0.9751507,180.0,180.0,30.0,0.8073741,0.19262594,0.66749465,0.3325054,10.7
1.1545055,-0.5140371,-0.16301113,140.0,140.0,60.0,0.83417994,0.16582,0.6318379,0.3681621,6.83
1.635114,-1.6358174,-1.1852319,320.0,348.0,300.0,0.8281415,0.17185849,0.4461694,0.5538306,4.6000004
1.541404,-0.46107936,-0.96492434,25.0,320.0,0.0167,0.7822279,0.21777208,0.7939077,0.2060923,15.48
-0.79297805,-0.6282304,-1.5243528,100.0,240.0,120.0,0.83327323,0.1667268,0.6403257,0.35967427,17.0
-0.07801519,-0.9533227,-1.2622933,25.0,220.0,60.0,0.8311473,0.16885267,0.70670706,0.29329294,34.42
0.5842969,-1.1227123,-0.037643608,220.0,180.0,1.5,0.7903134,0.20968653,0.6807938,0.3192062,7.32
-1.3803933,-0.744989,-0.8839561,160.0,240.0,10.0,0.78599405,0.21400592,0.7193109,0.28068912,18.48
-2.8727636,-0.27034414,-0.9751507,180.0,180.0,30.0,0.8073741,0.19262594,0.66749465,0.3325054,27.83
-1.3852432,-0.6330648,0.566437,170.0,170.0,1.0,0.8018572,0.19814287,0.6912773,0.3087227,12.07
-0.64429986,-0.49599788,-1.6546419,280.0,280.0,45.0,0.76419276,0.23580727,0.67323154,0.3267684,15.96
-2.64964,0.11062958,1.3595257,70.0,70.0,0.167,0.843764,0.156236,0.67316395,0.32683605,15.9
-1.1697581,-0.7402805,-1.3110254,285.0,285.0,5.0,0.7451332,0.25486672,0.7088552,0.2911448,27.02
1.541404,-0.4812059,-0.022858255,25.0,250.0,0.0167,0.8031968,0.19680318,0.7669081,0.23309195,5.84
-1.6142938,0.51856786,1.4300191,25.0,25.0,10.0,0.8628226,0.13717742,0.6555258,0.34447417,20.31
-1.9372883,-1.6406987,1.436659,25.0,25.0,1.0,0.8604497,0.13955031,0.66374177,0.33625823,4.9
0.5842969,-1.0556275,0.00830648,230.0,200.0,1.5,0.7823702,0.21762978,0.6875409,0.31245914,8.1
0.9524719,-1.5638443,0.9211618,25.0,180.0,2.0,0.8232437,0.17675631,0.7359766,0.26402345,3.6999996
-1.6142938,-1.4537688,0.043065064,180.0,180.0,0.083,0.7968746,0.2031254,0.69392246,0.30607757,11.62
0.7273143,-1.76675,-1.3515922,25.0,220.0,300.0,0.8932671,0.10673291,0.47591192,0.5240881,5.13
1.7428236,0.13796489,-0.6803466,200.0,200.0,30.0,0.7981797,0.2018203,0.67134315,0.32865685,10.3
1.1545055,-1.8284441,0.033473663,180.0,180.0,0.5,0.79702383,0.20297618,0.6935622,0.3064378,2.8600004
-2.255765,-1.0568715,-1.0371373,25.0,190.0,180.0,0.8714562,0.12854375,0.58027905,0.41972092,15.35
0.5113709,-0.6228291,-0.17072204,182.0,182.0,5.0,0.7976934,0.20230661,0.6900317,0.3099683,7.25
-4.55348,-1.1413847,-1.8500212,290.0,290.0,60.0,0.7649367,0.23506334,0.6616243,0.33837566,23.55
0.5039733,-0.95495766,-1.5417352,25.0,310.0,60.0,0.80683845,0.19316155,0.7469126,0.25308743,19.8
2.3349266,-1.384282,-1.6642675,300.0,300.0,30.0,0.74735415,0.25264582,0.69023556,0.30976447,6.55
2.084927,-1.7484015,-1.4246166,180.0,220.0,60.0,0.8063418,0.19365814,0.66038513,0.33961493,3.0999997
1.6671209,-1.1060296,-1.3762021,120.0,240.0,60.0,0.810723,0.18927693,0.68849164,0.31150836,7.77
-1.4500655,-0.5157673,-0.003825408,180.0,180.0,2.0,0.79756,0.20244002,0.6922644,0.30773565,14.93
-1.6142938,-1.5682305,0.043058336,180.0,180.0,0.0833,0.79687464,0.20312531,0.69392216,0.3060778,12.33
0.2470844,-1.8440149,-0.63720584,25.0,180.0,120.0,0.8580814,0.14191863,0.6330577,0.3669423,5.3
0.71945286,-1.0809135,1.0099161,120.0,120.0,20.0,0.8299347,0.17006528,0.6649348,0.3350652,5.9
-2.6421752,1.1306142,1.3582525,70.0,70.0,0.4167,0.84383684,0.1561632,0.67294055,0.32705948,22.0
0.71945286,-1.0860846,0.9680232,140.0,140.0,1.0,0.8153362,0.18466379,0.68568254,0.31431746,6.0000005
-0.46477535,-2.2049823,-0.07354313,200.0,200.0,0.0833,0.78731114,0.21268882,0.6976034,0.3023966,4.1800003
0.71945286,-1.4421088,0.018975645,120.0,120.0,60.0,0.8420588,0.15794118,0.62778324,0.37221676,5.0
-1.357976,-1.2278278,-0.09286127,200.0,200.0,1.0,0.78765047,0.21234958,0.6968165,0.3031835,9.82
-3.1980226,-0.67463607,-1.6103048,220.0,280.0,30.0,0.7698419,0.23015808,0.704087,0.29591304,28.210001
-1.8619633,-1.4754183,-1.7170017,150.0,285.0,30.0,0.7814067,0.21859327,0.7261035,0.27389655,16.69
-1.704436,-1.4557606,0.043058336,180.0,180.0,0.0833,0.79687464,0.20312531,0.69392216,0.3060778,24.8
-1.4500655,-0.25283906,0.7137753,150.0,150.0,7.0,0.81294984,0.18705015,0.6822887,0.31771126,10.67
-5.112322,0.6579486,1.3847346,60.0,60.0,5.0,0.8489301,0.15106988,0.6668968,0.33310315,25.33
-0.5411444,-1.6493144,-0.9291584,50.0,185.0,240.0,0.88377935,0.11622066,0.50852424,0.49147576,7.4500003
0.27108344,-1.0361099,1.4406586,25.0,25.0,0.017,0.8601885,0.13981156,0.6646332,0.33536676,5.8
1.1545055,-0.47997576,0.59156406,160.0,160.0,5.0,0.80780786,0.19219209,0.68592525,0.31407478,7.77
-2.1924248,-1.3336173,-1.8529547,210.0,255.0,90.0,0.8016307,0.19836934,0.6411544,0.3588456,23.43
-1.1312306,0.0033647057,0.9778096,140.0,140.0,0.0167,0.8150086,0.18499143,0.68654364,0.3134564,14.1
-1.6142938,-1.6313866,0.7426034,154.0,154.0,0.017,0.8088002,0.19119978,0.6891571,0.31084284,7.0
-3.9459443,-0.96757454,-0.74861044,25.0,280.0,15.0,0.7997615,0.20023853,0.76809746,0.23190254,41.3
0.687352,-1.6935593,-0.45945984,170.0,170.0,300.0,0.88687396,0.11312606,0.39898995,0.60101,6.4
-2.64964,-2.2165706,1.4399993,25.0,25.0,0.167,0.86022836,0.13977166,0.6644973,0.33550268,3.61
-1.6142938,-1.6332197,0.6647986,165.0,165.0,0.017,0.8038115,0.19618855,0.69120246,0.30879757,7.56
0.71945286,-0.8982298,-1.1569431,90.0,220.0,60.0,0.82106715,0.17893286,0.68772835,0.31227162,12.53
-2.100564,-1.0833796,-1.1676538,25.0,300.0,30.0,0.7992306,0.20076942,0.76524746,0.23475257,14.5
-1.6978815,-0.14113213,-0.032180395,180.0,180.0,3.0,0.7979168,0.20208319,0.6913975,0.30860254,31.900002
0.22497924,-0.6008218,0.93464243,140.0,140.0,5.0,0.81666446,0.18333557,0.68216664,0.31783336,8.4
0.5088838,-1.1355467,0.65709674,160.0,160.0,2.0,0.80677575,0.19322427,0.6885472,0.3114528,7.05
1.1545055,-0.48638415,-0.68345726,160.0,160.0,60.0,0.8259893,0.1740107,0.63587403,0.364126,8.57
-0.27051023,-0.4980148,1.4300191,25.0,25.0,10.0,0.8628226,0.13717742,0.6555258,0.34447417,10.51
-3.7098951,-0.587562,-1.1549037,180.0,180.0,40.0,0.8107902,0.18920985,0.6584094,0.34159058,33.6
0.573744,0.27561378,-0.102240324,180.0,180.0,5.0,0.79862905,0.20137091,0.68965966,0.31034037,12.900001
-3.4874158,-0.2744624,-0.3244033,180.0,180.0,10.0,0.8004015,0.19959849,0.6852916,0.31470844,26.5
-1.6142938,-1.4646186,0.58783734,170.0,170.0,0.0167,0.8015114,0.1984886,0.69212997,0.3078701,12.36
-2.1524994,0.016151683,0.65000045,165.0,165.0,0.75,0.80406696,0.19593304,0.6905659,0.30943406,20.5
-2.141743,-0.36710104,-0.3244033,180.0,180.0,10.0,0.8004015,0.19959849,0.6852916,0.31470844,35.23
1.1545055,-0.13789141,-0.68345726,160.0,160.0,60.0,0.8259893,0.1740107,0.63587403,0.364126,14.67
3.3381593,-0.6565381,0.63442963,25.0,100.0,30.0,0.8514912,0.14850874,0.67504,0.32496,3.5600002
0.84679663,-0.767533,-0.62786615,180.0,170.0,20.0,0.806771,0.19322896,0.6715065,0.32849348,10.77
-1.2165072,-0.8827986,-1.498454,215.0,280.0,14.16,0.7645496,0.23545039,0.718728,0.28127196,12.0
-0.8817243,-0.3223047,-0.50363576,25.0,275.0,0.0167,0.7958879,0.20411211,0.77682495,0.22317506,14.07
0.10196279,-0.64074343,1.1053932,150.0,120.0,1.5,0.81933624,0.18066375,0.67240524,0.32759473,5.2500005
0.59674144,-0.16136381,-0.08272135,25.0,200.0,20.0,0.8237267,0.1762733,0.73047423,0.26952577,10.3
0.14382733,-0.93437344,-1.6268222,300.0,300.0,15.0,0.74103934,0.25896072,0.7031227,0.29687726,10.8
1.6293457,-1.9021274,-0.7528737,240.0,240.0,3.8,0.76867604,0.2313239,0.70173645,0.29826352,2.8
-0.6356275,0.029584372,-1.5276182,300.0,300.0,10.0,0.7389116,0.26108834,0.70734894,0.29265106,30.0
1.7623365,-0.79087573,0.412782,40.0,40.0,1080.0,0.9846587,0.015341279,0.02426165,0.97573835,3.6000001
-1.4500655,0.009734579,-0.3244033,180.0,180.0,10.0,0.8004015,0.19959849,0.6852916,0.31470844,27.6
-4.0106287,-2.0313613,-0.53898084,25.0,225.0,30.0,0.8202898,0.17971018,0.73354685,0.26645312,5.42
-4.42991,-3.457723,0.605328,25.0,25.0,180.0,0.90157956,0.09842042,0.48804635,0.51195365,4.2799997
-1.9349736,-1.7534614,-0.9813118,25.0,320.0,5.0,0.78409946,0.21590056,0.7905725,0.20942743,9.68
-4.6714673,-1.342019,1.3565459,70.0,70.0,10.0,0.8466094,0.15339063,0.6643072,0.33569285,20.6
1.976955,-0.33613566,0.10721126,140.0,140.0,180.0,0.86771834,0.13228163,0.51304054,0.4869595,7.69
-0.19157992,-1.689888,-0.7509624,25.0,290.0,5.0,0.7932201,0.2067799,0.77916217,0.22083783,2.8
-1.4500655,-0.6394062,-1.3501378,180.0,180.0,60.0,0.8174826,0.18251744,0.639891,0.36010894,23.64
-3.256619,-0.3374935,-0.18966103,200.0,200.0,5.0,0.7891263,0.21087372,0.69336945,0.30663055,18.32
0.12961115,-0.13070069,-1.6635048,25.0,220.0,120.0,0.8489609,0.1510391,0.6537302,0.3462698,26.0
-3.256619,-0.47891176,-1.3286674,220.0,220.0,60.0,0.799508,0.20049204,0.6478662,0.35213375,15.93
-0.19925074,-0.61238647,0.043058336,180.0,180.0,0.0833,0.79687464,0.20312531,0.69392216,0.3060778,9.25
2.5974307,-1.2254894,-1.319231,300.0,300.0,0.167,0.73469454,0.26530543,0.7155564,0.28444362,2.3999999
-2.64964,1.1335946,0.69038135,160.0,160.0,0.167,0.806143,0.19385698,0.6901433,0.3098567,23.4
-0.93548656,-1.2145625,-0.18098408,25.0,250.0,10.0,0.80666345,0.19333653,0.75957316,0.24042688,9.5
-1.2165072,-1.7015485,-0.58135116,25.0,280.0,0.0167,0.7944022,0.20559786,0.7787719,0.22122815,4.0000005
1.6144052,-1.3886586,-1.5525372,25.0,300.0,60.0,0.8096656,0.19033433,0.74263006,0.25737,5.1
-5.910591,-0.2341286,0.045988366,25.0,160.0,180.0,0.8774633,0.122536734,0.5637338,0.43626618,26.26
1.1545055,-0.4959338,-0.45716998,220.0,220.0,6.0,0.7796791,0.2203209,0.6961951,0.30380493,7.6400003
-1.9747276,-1.5812877,1.44066,25.0,25.0,0.0167,0.8601883,0.13981164,0.6646335,0.33536646,14.2
0.22497924,-0.59693676,1.1030369,110.0,110.0,5.0,0.82935053,0.17064944,0.67648405,0.32351598,7.2000003
0.71945286,-1.0793515,-1.3501378,180.0,180.0,60.0,0.8174826,0.18251744,0.639891,0.36010894,9.99
0.5495555,-1.1123348,0.2305284,120.0,160.0,30.0,0.82263595,0.177364,0.67586255,0.32413748,8.64
-1.06363,0.18424672,-2.062162,350.0,350.0,120.0,0.75738364,0.24261631,0.6174517,0.38254824,23.96
-1.704436,-1.5114172,0.6918168,160.0,160.0,0.0833,0.8061141,0.19388592,0.690216,0.30978394,14.61
-4.3380175,-1.7786695,0.93464243,140.0,140.0,5.0,0.81666446,0.18333557,0.68216664,0.31783336,11.01
-1.9349736,-1.7489384,-1.1676538,25.0,300.0,30.0,0.7992306,0.20076942,0.76524746,0.23475257,13.66
-1.6142938,-1.3085986,0.5864473,170.0,170.0,0.0833,0.80153483,0.19846515,0.6920722,0.3079278,13.09
-1.4500655,-0.63363963,-0.102240324,180.0,180.0,5.0,0.79862905,0.20137091,0.68965966,0.31034037,13.28
1.1545055,-0.32320458,0.6432167,140.0,140.0,20.0,0.8215792,0.17842081,0.66879827,0.3312017,8.82
2.769529,-0.19193059,0.7724359,150.0,150.0,3.0,0.8116009,0.18839905,0.6858039,0.31419608,4.3
0.9524719,-1.3060843,0.08259028,110.0,110.0,60.0,0.84588283,0.15411717,0.6257491,0.3742509,2.9000003
0.9524719,-0.9309325,1.2141783,100.0,100.0,15.0,0.8364692,0.16353087,0.6655895,0.33441055,5.0
0.10196279,-0.6509668,0.5951226,180.0,150.0,1.5,0.8060797,0.19392031,0.67812544,0.32187456,13.4
1.1545055,-0.62559026,1.0623115,140.0,126.0,10.0,0.82208055,0.17791945,0.67081517,0.3291848,7.9
1.5884987,-1.2309037,-1.5525372,25.0,300.0,60.0,0.8096656,0.19033433,0.74263006,0.25737,5.0
0.12961115,-0.38239402,-1.6635048,25.0,220.0,120.0,0.8489609,0.1510391,0.6537302,0.3462698,9.0
0.14382733,-0.6491705,-1.463676,235.0,235.0,60.0,0.7924342,0.2075658,0.65083605,0.34916392,19.8
1.7428236,0.06908742,-1.1085371,200.0,200.0,230.0,0.8602381,0.13976191,0.4752802,0.52471983,12.8
1.976955,-0.09405332,0.2415279,105.0,105.0,180.0,0.8789555,0.12104453,0.50543475,0.49456525,5.8900003
0.2470844,0.26658675,-1.0927854,25.0,190.0,60.0,0.8386894,0.16131066,0.6925046,0.3074954,17.699999
0.59674144,-0.18835047,-1.5249263,25.0,200.0,120.0,0.85357994,0.14642005,0.6434608,0.35653925,19.1
-1.108195,-1.6341696,-1.8845072,160.0,280.0,120.0,0.81324685,0.18675312,0.64196223,0.35803774,11.29
0.66863286,0.8952685,-1.3259323,80.0,260.0,180.0,0.84900385,0.15099615,0.60001767,0.3999823,23.4
-1.9010195,-1.2624928,-1.3338494,150.0,220.0,180.0,0.84866834,0.15133162,0.5544281,0.44557193,28.140001
-2.182239,-1.6215055,1.0422194,120.0,120.0,1.0,0.82392144,0.17607856,0.6819224,0.31807762,8.0
-1.0048336,-1.2658157,-0.15515581,210.0,210.0,0.0167,0.7823826,0.21761739,0.69949144,0.3005085,7.4500003
-2.5768008,-0.12951082,0.41992128,160.0,160.0,10.0,0.8095188,0.19048113,0.6815289,0.31847107,32.55
0.14382733,-1.2340851,-1.7110264,25.0,240.0,120.0,0.8442227,0.15577726,0.6638584,0.33614162,11.72
0.9524719,0.39517674,-0.42782888,25.0,200.0,30.0,0.82691497,0.17308503,0.7223941,0.27760586,30.38
2.3349266,-1.2524385,-1.3770576,310.0,300.0,3.0,0.7338101,0.2661899,0.710368,0.28963208,4.5
-0.33699745,-1.4663277,1.104654,110.0,110.0,6.0,0.82966334,0.17033666,0.6755935,0.32440647,5.8
2.5974307,-1.5553313,-1.5917965,280.0,280.0,40.0,0.7621943,0.23780571,0.6776883,0.3223117,4.71
-2.0236852,-1.3770639,0.044566214,180.0,180.0,0.0167,0.7968508,0.20314917,0.6939797,0.3060203,12.64
-0.5411444,-1.6493107,-0.9291584,50.0,185.0,240.0,0.88377935,0.11622066,0.50852424,0.49147576,10.16
-0.26415893,-0.95044404,-1.5497148,25.0,305.0,60.0,0.80825603,0.19174396,0.7447772,0.2552228,11.0
-2.5768008,-0.13057168,0.59156406,160.0,160.0,5.0,0.80780786,0.19219209,0.68592525,0.31407478,27.89
3.0019646,-0.5740375,-0.6803466,200.0,200.0,30.0,0.7981797,0.2018203,0.67134315,0.32865685,10.84
2.084927,-0.664363,-0.7907361,240.0,240.0,5.0,0.7691477,0.23085234,0.70071423,0.29928577,8.440001
-3.6070673,-1.2183932,0.2590966,80.0,150.0,30.0,0.8314226,0.16857731,0.68300796,0.31699204,14.3
0.9524719,-1.6050607,0.9199846,25.0,130.0,1.0,0.83582443,0.16417557,0.7143442,0.2856558,2.3999999
-0.7866019,-0.5120781,-0.049044244,180.0,190.0,0.0167,0.7938818,0.20611826,0.6987434,0.3012566,13.12
0.71945286,-1.0785147,0.47585434,120.0,120.0,40.0,0.8360868,0.16391312,0.64658034,0.35341966,6.26
2.287703,-1.6156137,-1.7087196,300.0,300.0,150.0,0.79411954,0.20588045,0.57768685,0.42231312,4.2799997
2.084927,-1.0736076,-0.33059567,200.0,200.0,10.0,0.7909605,0.20903951,0.6890301,0.31096992,3.47
2.5974307,-1.315486,-1.1677136,250.0,250.0,15.0,0.76791584,0.23208418,0.6939678,0.30603215,2.91
0.22497924,-1.0385101,1.0067084,125.0,125.0,2.0,0.8221286,0.17787138,0.6819835,0.31801656,7.84
3.3381593,-0.5678023,-0.84804237,25.0,290.0,15.0,0.79682404,0.20317595,0.7720863,0.22791371,4.4
3.1271765,-1.0629871,-0.7552167,220.0,220.0,30.0,0.7886613,0.2113387,0.67516875,0.32483122,3.43
1.9868374,-1.2212867,-0.3462999,220.0,220.0,2.0,0.7781558,0.22184427,0.6996241,0.30037585,5.4
-2.3940349,-0.22291195,-1.3770082,60.0,280.0,360.0,0.8918715,0.10812852,0.43692875,0.5630712,24.59
-5.585744,-0.5433144,0.9733883,130.0,130.0,5.0,0.82097256,0.17902744,0.68027836,0.31972167,35.0
-1.2035074,-0.2905389,-1.2622933,25.0,220.0,60.0,0.8311473,0.16885267,0.70670706,0.29329294,20.18
-2.3825579,-0.32924816,-0.7509624,25.0,290.0,5.0,0.7932201,0.2067799,0.77916217,0.22083783,39.379997
0.66863286,0.9036237,-1.3259323,80.0,260.0,180.0,0.84900385,0.15099615,0.60001767,0.3999823,27.08
0.84679663,-1.7613548,0.88227415,160.0,130.0,1.0,0.8148308,0.18516916,0.67476416,0.32523587,3.0999997
-5.910591,-0.47888386,0.02641657,25.0,160.0,30.0,0.83711123,0.16288877,0.70396465,0.29603538,26.07
-2.64964,0.8258799,1.3578401,70.0,70.0,0.5,0.8438611,0.15613893,0.672866,0.327134,20.0
0.9524719,-1.4647546,1.2421551,110.0,90.0,5.0,0.8344524,0.1655476,0.6665452,0.3334548,1.4999998
-1.704436,-1.4840937,-0.30275267,220.0,220.0,0.0167,0.77739763,0.22260238,0.7013162,0.29868388,18.51
-1.0048336,-1.4288585,-0.072173744,200.0,200.0,0.0167,0.78728646,0.2127135,0.6976605,0.3023395,7.0
3.6051545,-1.3954942,-1.6642675,300.0,300.0,30.0,0.74735415,0.25264582,0.69023556,0.30976447,3.03
1.1545055,-0.3327926,0.90635574,140.0,140.0,10.0,0.81831425,0.18168578,0.6777424,0.3222576,8.69
1.1510477,-2.0988834,0.43148667,0.0,25.0,120.0,0.8917942,0.10820574,0.557428,0.44257197,1.6000001
-2.6421752,-0.6187571,-0.07871374,200.0,200.0,0.333,0.7874036,0.2125964,0.6973891,0.3026108,13.58
-1.111678,-1.024475,-1.5525372,25.0,300.0,60.0,0.8096656,0.19033433,0.74263006,0.25737,20.0
-2.5768008,-0.67553526,0.06405209,25.0,160.0,120.0,0.8624667,0.1375333,0.62252915,0.3774708,16.02
1.1545055,-0.57599515,-0.85774416,200.0,200.0,40.0,0.8017188,0.19828123,0.6623099,0.33769014,12.37
0.71945286,-1.0835923,1.0278614,120.0,120.0,5.0,0.8252011,0.17479888,0.6783841,0.32161584,9.15
0.301921,-2.1389472,-1.474464,280.0,280.0,30.0,0.7581625,0.24183752,0.6865049,0.3134951,4.9
0.28806418,-1.8877345,-1.2540947,200.0,200.0,60.0,0.80865633,0.19134368,0.6438886,0.35611138,4.57
-0.41446418,-1.1072055,0.1009448,120.0,120.0,90.0,0.85068375,0.1493162,0.5988642,0.40113583,13.1
-0.26415893,-1.8800458,-1.5525372,25.0,300.0,60.0,0.8096656,0.19033433,0.74263006,0.25737,10.0
-1.1312306,0.0033321169,0.9778096,140.0,140.0,0.0167,0.8150086,0.18499143,0.68654364,0.3134564,16.02
-0.53678554,0.06773474,1.3113315,80.0,80.0,0.0833,0.83987254,0.16012752,0.67514884,0.32485119,15.91
-0.93548656,-1.8995568,-0.84769416,180.0,180.0,20.0,0.80391127,0.19608878,0.67645687,0.32354307,5.8
3.6051545,-0.6167734,-0.102240324,180.0,180.0,5.0,0.79862905,0.20137091,0.68965966,0.31034037,3.2
-3.256619,-0.3220092,-0.6844935,220.0,220.0,20.0,0.7849516,0.21504834,0.6840222,0.3159778,23.74
1.1545055,-1.1174775,0.717443,170.0,140.0,2.0,0.8107486,0.18925138,0.6757792,0.32422075,4.4
-1.9349736,-0.44940767,-1.0213485,25.0,320.0,15.0,0.78781986,0.21218018,0.78376085,0.21623912,22.8
-0.958172,-1.7490815,-1.6940742,125.0,300.0,60.0,0.792467,0.20753299,0.7153149,0.28468513,11.56
-2.182239,-1.6206061,1.2961764,80.0,80.0,5.0,0.84132946,0.15867054,0.6707489,0.3292511,7.6
3.1271765,-0.824194,-1.2032611,300.0,270.0,240.0,0.83253586,0.16746412,0.46997207,0.5300279,8.3
-2.745534,1.5301346,0.04115423,180.0,180.0,0.167,0.7969046,0.20309538,0.6938499,0.30615014,38.89
3.3381593,1.650704,0.79697645,105.0,105.0,30.0,0.8390047,0.1609953,0.65286565,0.34713438,22.9
-3.9416494,-1.6126813,0.037347466,180.0,180.0,0.333,0.7969641,0.20303595,0.6937065,0.3062935,15.59
0.573744,0.26732686,-0.102240324,180.0,180.0,5.0,0.79862905,0.20137091,0.68965966,0.31034037,13.43
0.69672036,-0.97636217,0.026447013,25.0,150.0,300.0,0.9048448,0.09515515,0.43680573,0.5631942,7.59
-1.6984288,-0.24040633,-1.9179637,160.0,300.0,60.0,0.78618276,0.21381718,0.70535266,0.2946474,34.829998
-4.418028,-1.4582921,0.6875149,160.0,160.0,0.333,0.8062003,0.19379961,0.6899989,0.31000108,13.15
0.59674144,-1.3708462,-0.081007734,225.0,205.0,2.5,0.7821129,0.21788712,0.69056535,0.30943468,10.6
-0.11963059,-0.36331514,-0.46603435,160.0,190.0,15.0,0.80269384,0.19730617,0.69169724,0.30830282,13.28
-1.7649782,-1.3506062,-1.2622933,25.0,220.0,60.0,0.8311473,0.16885267,0.70670706,0.29329294,14.68
-2.7985392,-1.7002131,0.9586429,140.0,140.0,2.0,0.81566894,0.18433103,0.6848056,0.31519446,13.6
-3.4874158,-0.51296145,-0.84769416,180.0,180.0,20.0,0.80391127,0.19608878,0.67645687,0.32354307,31.140001
0.12961115,-0.68711597,-1.4422972,100.0,220.0,120.0,0.8382806,0.16171938,0.6298838,0.3701162,12.2
0.22497924,-1.0608737,1.3725264,65.0,65.0,2.0,0.846197,0.15380305,0.67056227,0.32943767,4.19
2.084927,-1.2489725,-1.3120971,180.0,200.0,60.0,0.81197566,0.18802437,0.6502074,0.3497926,6.2000003
-3.9174607,-0.50494426,-1.2196164,25.0,215.0,60.0,0.83242357,0.16757643,0.70436674,0.2956333,32.239998
-1.8703847,-0.46499148,-0.4889673,230.0,230.0,0.167,0.7723901,0.22760984,0.70300686,0.2969932,18.61
-2.601258,-0.5136664,1.0026375,95.0,180.0,4.0,0.8126494,0.18735057,0.71508026,0.28491974,19.0
1.829127,-1.8469205,-1.464368,25.0,330.0,60.0,0.8010885,0.1989115,0.7553353,0.24466473,4.2000003
-0.14797877,-1.112156,1.3113333,80.0,80.0,0.083,0.8398724,0.1601276,0.6751491,0.32485092,3.6000001
-2.64964,-1.3260566,1.3595257,70.0,70.0,0.167,0.843764,0.156236,0.67316395,0.32683605,12.2
1.1545055,-0.1447339,-0.57284987,160.0,160.0,40.0,0.81953996,0.18046005,0.6544874,0.34551263,13.46
1.5682031,-0.13652454,-1.7282649,25.0,300.0,120.0,0.82928,0.17071998,0.6933261,0.30667388,7.846
-3.5022612,1.9121954,0.3617676,25.0,25.0,60.0,0.8753934,0.12460654,0.6082857,0.39171427,35.7
-0.8513802,-0.62334305,-0.70716405,240.0,240.0,2.0,0.7679675,0.23203248,0.7032661,0.2967339,13.27
1.976955,-0.08293034,0.28110033,95.0,95.0,180.0,0.88201135,0.117988676,0.5032611,0.4967389,8.56
3.4573393,0.5102493,-0.71816206,100.0,240.0,30.0,0.8037603,0.19623971,0.71965075,0.28034928,11.3
-0.19925074,-0.65411216,1.1857293,100.0,100.0,0.0167,0.83188576,0.16811424,0.6790104,0.3209896,9.37
-1.3977338,-0.859811,-1.0640547,100.0,280.0,30.0,0.7919951,0.2080049,0.7374679,0.2625321,16.55
-3.9004056,0.17795563,-1.5434659,25.0,280.0,60.0,0.8152249,0.18477511,0.733924,0.266076,31.18
1.1545055,-0.46410105,-0.89497465,240.0,240.0,8.0,0.77032363,0.22967635,0.6981498,0.30185023,9.92
-4.153401,-0.2552129,-0.23755111,160.0,160.0,20.0,0.81290567,0.18709427,0.6726391,0.3273609,30.72
-1.3977338,-0.75281864,-1.3110254,285.0,285.0,5.0,0.7451332,0.25486672,0.7088552,0.2911448,10.11
-0.5411444,-1.6549588,-0.8821849,50.0,185.0,120.0,0.85362613,0.1463739,0.62762374,0.3723763,8.22
-1.7090745,-0.73200893,0.56236243,165.0,175.0,0.0167,0.8009186,0.19908147,0.6959907,0.3040093,14.1
0.64739835,-1.0210577,0.7932929,150.0,150.0,1.5,0.8110932,0.18890682,0.6871167,0.31288335,4.6000004
-2.1710436,-1.848645,1.1051115,110.0,110.0,3.0,0.82872367,0.17127635,0.6782612,0.32173875,9.43
0.85663676,-1.694864,0.51593363,60.0,80.0,600.0,0.9528279,0.047172178,0.15708163,0.84291834,3.5000002
-1.704436,-1.5175265,0.6918168,160.0,160.0,0.0833,0.8061141,0.19388592,0.690216,0.30978394,8.42
-1.357976,-1.2354832,0.044566214,180.0,180.0,0.0167,0.7968508,0.20314917,0.6939797,0.3060203,14.89
-0.10279004,-1.5227906,-0.56661177,200.0,200.0,20.0,0.7945936,0.20540638,0.6802514,0.31974858,5.2000003
1.1545055,-0.51985854,-0.3244033,180.0,180.0,10.0,0.8004015,0.19959849,0.6852916,0.31470844,9.5
-1.2165072,-0.87098175,-0.12744467,25.0,255.0,0.0167,0.80175096,0.198249,0.7689158,0.23108426,5.6000004
-2.1672978,-1.1936883,-0.3244033,180.0,180.0,10.0,0.8004015,0.19959849,0.6852916,0.31470844,18.85
-0.53678554,0.0149761075,1.1533393,105.0,105.0,0.083,0.829866,0.17013402,0.6798986,0.3201014,13.09
-1.4500655,0.008807265,-0.032180395,180.0,180.0,3.0,0.7979168,0.20208319,0.6913975,0.30860254,15.65
-0.021180155,-0.36391428,-0.99085355,160.0,220.0,30.0,0.7992578,0.20074216,0.6931024,0.3068976,18.3
-1.4500655,-0.5475493,-0.84769416,180.0,180.0,20.0,0.80391127,0.19608878,0.67645687,0.32354307,14.38
-0.5048598,-2.0350907,-0.53898084,25.0,225.0,30.0,0.8202898,0.17971018,0.73354685,0.26645312,6.07
1.1545055,-0.6256036,1.1018505,140.0,126.0,1.0,0.8191506,0.18084937,0.67884505,0.3211549,5.9
-5.693348,-0.3981289,-0.7072966,130.0,180.0,60.0,0.8254004,0.17459959,0.6556714,0.34432858,38.73
3.3381593,-0.08271874,0.17218497,125.0,125.0,180.0,0.8726388,0.12736118,0.5097815,0.49021855,5.2400002
-0.24986637,-1.7222501,0.38583428,25.0,220.0,5.0,0.8133831,0.18661688,0.750837,0.24916293,2.7499998
0.14382733,-1.3066297,-1.5434659,25.0,280.0,60.0,0.8152249,0.18477511,0.733924,0.266076,10.4
-1.9349736,-1.7396115,-1.4539349,25.0,250.0,60.0,0.82332695,0.17667305,0.7205183,0.27948168,10.77
-2.64964,-1.6079848,1.3595257,70.0,70.0,0.167,0.843764,0.156236,0.67316395,0.32683605,8.9
3.3381593,1.4456178,0.10721126,140.0,140.0,180.0,0.86771834,0.13228163,0.51304054,0.4869595,10.87
-4.418028,-1.5281762,1.310849,80.0,80.0,0.167,0.8398974,0.1601026,0.67507416,0.3249258,10.65
2.4773784,-1.1694666,-0.5677371,25.0,230.0,30.0,0.8189413,0.18105873,0.7357429,0.26425713,2.9999998
0.009897312,0.25555313,-0.102240324,180.0,180.0,5.0,0.79862905,0.20137091,0.68965966,0.31034037,12.51
1.3504069,-0.2730007,-0.31661457,25.0,235.0,20.0,0.81426334,0.18573669,0.74571437,0.25428563,16.06
-1.1360509,-1.1492362,-1.7624018,160.0,250.0,60.0,0.8011155,0.19888444,0.6814122,0.3185878,17.03
-2.4872272,-1.2379738,-1.474464,280.0,280.0,30.0,0.7581625,0.24183752,0.6865049,0.3134951,24.789999
-0.07247263,-0.9620592,1.4291122,25.0,25.0,5.0,0.86150855,0.13849147,0.6601021,0.33989793,11.0
1.1545055,-0.5186857,-0.4290786,220.0,220.0,5.0,0.77929896,0.22070104,0.69705445,0.30294558,8.7300005
-2.724994,-1.3723042,-0.5873792,120.0,210.0,30.0,0.8089337,0.19106631,0.7000364,0.29996353,16.08
-2.724994,-0.89141375,-1.4494979,260.0,290.0,10.0,0.75058854,0.2494115,0.71409386,0.2859061,17.25
2.0664167,-1.3217562,-0.3695076,250.0,200.0,15.0,0.7837734,0.21622658,0.66953576,0.3304643,2.9000003
-2.1710436,-1.8566562,1.3488955,70.0,70.0,3.0,0.8445882,0.15541181,0.6706245,0.3293755,4.9700003
-1.9929662,-1.0985261,-0.9720173,210.0,255.0,2.0,0.76886255,0.23113747,0.71873546,0.28126454,11.37
-4.718985,0.25891802,-1.1824219,25.0,210.0,60.0,0.8336921,0.1663079,0.70201564,0.29798442,27.85
-1.7090745,0.2099846,0.9778096,140.0,140.0,0.0167,0.8150086,0.18499143,0.68654364,0.3134564,20.199999
-0.14797877,-0.83296055,0.13973635,100.0,100.0,60.0,0.84963083,0.1503692,0.6237106,0.37628946,18.06
1.1545055,-0.6340329,0.65709674,160.0,160.0,2.0,0.80677575,0.19322427,0.6885472,0.3114528,10.8
-0.60894513,-1.2633666,-0.54306656,160.0,230.0,5.0,0.78720015,0.21279989,0.71886665,0.28113335,12.77
0.94392407,-0.2774867,0.7724359,150.0,150.0,3.0,0.8116009,0.18839905,0.6858039,0.31419608,4.7000003
-1.7090745,-0.48554382,0.56236243,165.0,175.0,0.0167,0.8009186,0.19908147,0.6959907,0.3040093,14.73
-3.7098951,-0.3091347,-1.1549037,180.0,180.0,40.0,0.8107902,0.18920985,0.6584094,0.34159058,41.19
1.1545055,-0.5156918,-1.1549037,180.0,180.0,40.0,0.8107902,0.18920985,0.6584094,0.34159058,12.36
-0.19925074,-0.5986052,1.1857293,100.0,100.0,0.0167,0.83188576,0.16811424,0.6790104,0.3209896,12.7
-2.482947,-1.7672584,-1.1330242,220.0,220.0,300.0,0.87146753,0.12853242,0.40946,0.59054,11.03
1.080088,-1.4085602,-0.86604524,180.0,180.0,180.0,0.85380626,0.14619371,0.52172524,0.47827473,8.5
0.64739835,-1.9019742,-0.102240324,180.0,180.0,5.0,0.79862905,0.20137091,0.68965966,0.31034037,2.3999999
-0.60894513,-1.2657999,-0.72240233,160.0,230.0,10.0,0.78904665,0.2109534,0.7147396,0.28526035,10.55
0.75262064,-1.4869817,1.4303509,25.0,25.0,8.0,0.86229825,0.1377018,0.65735984,0.34264016,1.8500001
1.6405036,0.06530016,1.3113315,80.0,80.0,0.0833,0.83987254,0.16012752,0.67514884,0.32485119,6.2000003
-0.14797877,-1.1139162,0.5864536,170.0,170.0,0.083,0.8015348,0.19846527,0.6920725,0.30792755,9.6
0.5039733,-0.9511128,-1.5497148,25.0,305.0,60.0,0.80825603,0.19174396,0.7447772,0.2552228,13.0
1.6144052,0.12941669,-1.6642675,300.0,300.0,30.0,0.74735415,0.25264582,0.69023556,0.30976447,25.0
0.3152832,-0.41522396,-1.6438556,25.0,340.0,120.0,0.81869966,0.18130031,0.7121471,0.28785285,15.78
-0.8513802,-0.48552373,-0.06186308,185.0,195.0,0.0167,0.79149556,0.20850441,0.6996578,0.30034223,12.7300005
0.2470844,-0.9175475,-1.5257187,25.0,270.0,60.0,0.8179571,0.18204294,0.72950125,0.27049872,17.8
-3.5967855,-0.15912183,-0.31270504,220.0,220.0,0.5,0.7775825,0.22241744,0.7009043,0.29909566,2.9999998
1.4853187,-1.7031299,-1.5417352,25.0,310.0,60.0,0.80683845,0.19316155,0.7469126,0.25308743,4.2000003
-1.6142938,-1.6285524,1.001746,133.0,133.0,0.017,0.8180539,0.18194602,0.6852319,0.31476805,4.2900004
-1.1697581,-0.7399632,-1.3110254,285.0,285.0,5.0,0.7451332,0.25486672,0.7088552,0.2911448,20.85
1.1545055,-0.5964632,-0.18966103,200.0,200.0,5.0,0.7891263,0.21087372,0.69336945,0.30663055,9.17
3.6051545,-1.2405394,-1.301532,290.0,290.0,3.0,0.7415191,0.2584809,0.7114241,0.2885759,1.8
2.287703,-1.5089793,-1.3233535,300.0,300.0,0.5,0.73483807,0.26516193,0.7152808,0.2847193,4.23
0.10196279,-0.6897014,0.7932929,150.0,150.0,1.5,0.8110932,0.18890682,0.6871167,0.31288335,11.4
-0.39985335,0.51152366,-0.4270205,300.0,300.0,720.0,0.93153626,0.06846377,0.11874072,0.88125926,20.0
0.58865166,-1.3613771,1.0288446,120.0,120.0,4.0,0.82488185,0.1751181,0.6792706,0.32072935,4.9
-0.83025146,-1.3679837,-1.5276182,300.0,300.0,10.0,0.7389116,0.26108834,0.70734894,0.29265106,16.6
0.2470844,-0.9175475,-1.0927854,25.0,190.0,60.0,0.8386894,0.16131066,0.6925046,0.3074954,13.86
-0.5411444,1.7648903,-0.656155,180.0,180.0,15.0,0.8021623,0.19783776,0.6808905,0.31910953,23.0
-1.6053596,-0.4816577,-0.4889673,230.0,230.0,0.167,0.7723901,0.22760984,0.70300686,0.2969932,37.63
0.84679663,-0.781179,0.9499196,140.0,140.0,3.0,0.81600124,0.18399876,0.68392724,0.31607276,5.7000003
0.84679663,-1.3470494,-0.9573493,170.0,170.0,60.0,0.8217757,0.17822431,0.6378849,0.36211506,4.5800004
-0.53533745,0.89183027,0.34794208,80.0,80.0,180.0,0.8864697,0.11353032,0.50000036,0.49999967,17.43
0.71945286,-1.0820174,0.6432167,140.0,140.0,20.0,0.8215792,0.17842081,0.66879827,0.3312017,6.35
-0.5411444,-1.6549588,-0.8821849,50.0,185.0,120.0,0.85362613,0.1463739,0.62762374,0.3723763,11.26
3.3381593,1.6496826,0.1121251,105.0,105.0,60.0,0.8477662,0.15223372,0.6247304,0.3752696,33.23
0.14382733,-0.94259334,-1.6642675,300.0,300.0,30.0,0.74735415,0.25264582,0.69023556,0.30976447,13.3
-0.33699745,-1.128356,1.2967238,80.0,80.0,4.0,0.84103394,0.15896602,0.67164624,0.32835376,5.8
2.3349266,-0.9135477,-1.5276182,300.0,300.0,10.0,0.7389116,0.26108834,0.70734894,0.29265106,10.97
1.1545055,-0.6348963,0.93464243,140.0,140.0,5.0,0.81666446,0.18333557,0.68216664,0.31783336,5.76
0.27108344,-1.2326926,1.4406586,25.0,25.0,0.017,0.8601885,0.13981156,0.6646332,0.33536676,2.1000001
0.5875617,-0.749402,-0.3626857,25.0,170.0,240.0,0.88924736,0.11075271,0.508722,0.49127796,8.3
-4.05594,-1.8619893,1.2449558,25.0,25.0,20.0,0.8654192,0.13458076,0.64628685,0.35371312,9.8
-0.6356275,-0.679448,-1.3020617,300.0,270.0,10.0,0.74933094,0.25066903,0.6931641,0.30683592,20.0
-2.64964,1.2245716,0.69038135,160.0,160.0,0.167,0.806143,0.19385698,0.6901433,0.3098567,17.78
0.2470844,-0.11380763,0.3117288,50.0,50.0,60.0,0.86725587,0.13274409,0.6134531,0.3865469,16.48
0.9524719,-1.6094238,-0.42782888,25.0,200.0,30.0,0.82691497,0.17308503,0.7223941,0.27760586,4.4
2.5974307,-1.3091167,-0.84431326,250.0,250.0,1.0,0.76235205,0.23764798,0.7059223,0.2940777,3.2100003
0.6239969,-1.255309,-0.84769416,180.0,180.0,20.0,0.80391127,0.19608878,0.67645687,0.32354307,2.4999998
-1.357976,-0.7700066,-0.6675528,240.0,240.0,0.0167,0.76718503,0.23281497,0.7049462,0.29505378,14.29
1.1545055,-0.5877879,0.90635574,140.0,140.0,10.0,0.81831425,0.18168578,0.6777424,0.3222576,8.19
-0.40844083,-0.7700084,-1.1676538,25.0,300.0,30.0,0.7992306,0.20076942,0.76524746,0.23475257,16.7
-0.5411444,1.7555493,-0.656155,180.0,180.0,15.0,0.8021623,0.19783776,0.6808905,0.31910953,30.699999
-1.357976,-1.7197064,-0.078671984,190.0,190.0,0.0833,0.79213345,0.20786652,0.6957659,0.3042341,27.25
1.1545055,-0.9585253,-0.23755111,160.0,160.0,20.0,0.81290567,0.18709427,0.6726391,0.3273609,6.46
-1.4500655,-0.63387924,-0.3244033,180.0,180.0,10.0,0.8004015,0.19959849,0.6852916,0.31470844,13.6
-2.64964,-1.5477026,1.3565459,70.0,70.0,10.0,0.8466094,0.15339063,0.6643072,0.33569285,11.1
0.84679663,-1.6489712,-0.3236459,170.0,170.0,120.0,0.8403881,0.15961193,0.5798672,0.42013285,5.1
-0.7021227,-0.14107737,-0.18098408,25.0,250.0,10.0,0.80666345,0.19333653,0.75957316,0.24042688,16.710001
1.6144052,-0.8301429,0.9729351,140.0,140.0,0.5,0.8151697,0.18483034,0.68612057,0.31387946,9.4
0.9524719,-0.59674996,-0.6962879,170.0,170.0,30.0,0.8118502,0.18814977,0.6655619,0.33443812,9.5
-2.2175474,-0.40084088,-0.8651097,250.0,250.0,2.0,0.7627525,0.23724753,0.70507747,0.29492253,40.0
0.78046227,-1.9267751,-1.464368,25.0,330.0,60.0,0.8010885,0.1989115,0.7553353,0.24466473,4.5
-0.105770126,-0.8895499,-0.84769416,180.0,180.0,20.0,0.80391127,0.19608878,0.67645687,0.32354307,15.2
0.2470844,2.1288471,0.13973635,100.0,100.0,60.0,0.84963083,0.1503692,0.6237106,0.37628946,25.31
-2.64964,1.2235266,1.3595257,70.0,70.0,0.167,0.843764,0.156236,0.67316395,0.32683605,36.899998
3.3381593,-0.2632639,-1.0018685,25.0,315.0,15.0,0.78934056,0.21065947,0.78184557,0.2181544,7.1
1.7428236,-1.0250404,-0.67338973,240.0,240.0,0.333,0.7673099,0.23269008,0.70467865,0.29532135,5.19
1.1545055,-0.4848401,-0.23755111,160.0,160.0,20.0,0.81290567,0.18709427,0.6726391,0.3273609,7.86
-1.8019755,0.70490426,-1.9183245,360.0,360.0,60.0,0.7264439,0.2735561,0.6751145,0.32488555,31.0
0.12961115,-0.33878544,-1.6635048,25.0,220.0,120.0,0.8489609,0.1510391,0.6537302,0.3462698,15.0
1.8080336,1.2170038,0.28110033,95.0,95.0,180.0,0.88201135,0.117988676,0.5032611,0.4967389,19.24
-1.3803933,-0.80172867,-1.2100981,160.0,240.0,20.0,0.78969055,0.21030945,0.7110285,0.28897145,15.8
1.1545055,-0.48528126,0.6432167,140.0,140.0,20.0,0.8215792,0.17842081,0.66879827,0.3312017,5.9500003
0.66863286,-1.0761162,-1.0305127,80.0,200.0,60.0,0.82790864,0.17209135,0.68098354,0.31901646,12.6
0.5088838,-1.3423976,-0.003825408,180.0,180.0,2.0,0.79756,0.20244002,0.6922644,0.30773565,2.4999998
-0.33699745,-1.4561039,1.2316829,95.0,95.0,16.0,0.838745,0.16125503,0.6637141,0.33628586,7.5
0.71945286,-0.9019156,1.2018884,120.0,100.0,4.5,0.83024585,0.16975415,0.6689255,0.33107454,4.6000004
-1.6978815,0.03796085,-1.7213428,370.0,350.0,15.0,0.70777017,0.29222986,0.70641196,0.2935881,24.14
-4.718985,-0.48766088,-0.006981515,25.0,165.0,120.0,0.8613812,0.13861884,0.6251727,0.37482738,18.17
-1.6142938,-1.4029192,0.66480464,165.0,165.0,0.0167,0.8038113,0.19618866,0.6912027,0.3087973,10.11
1.1545055,0.42084306,-0.23755111,160.0,160.0,20.0,0.81290567,0.18709427,0.6726391,0.3273609,19.97
1.1545055,-0.48702192,0.93464243,140.0,140.0,5.0,0.81666446,0.18333557,0.68216664,0.31783336,4.8700004
1.1545055,-0.956103,-0.84769416,180.0,180.0,20.0,0.80391127,0.19608878,0.67645687,0.32354307,6.98
0.84679663,-0.79046565,1.0034009,130.0,130.0,0.25,0.8194233,0.18057664,0.6844645,0.31553555,2.9000003
-1.6142938,-1.628291,1.0054965,130.0,130.0,0.017,0.81934714,0.18065287,0.6846691,0.31533095,3.3899996
0.19596656,-0.5098848,-0.45647243,25.0,150.0,60.0,0.84831923,0.15168072,0.6729891,0.327011,12.690001
2.5974307,-1.1942273,-1.3334472,300.0,300.0,180.0,0.80475545,0.19524458,0.5476799,0.45232007,8.6
-4.704038,1.7283058,0.12498179,100.0,100.0,360.0,0.91645885,0.08354115,0.32860276,0.67139727,30.1
-4.1991014,-0.61475474,0.039256148,180.0,180.0,0.25,0.7969344,0.20306565,0.69377816,0.30622178,30.4
1.4853187,-1.9065698,-1.5417352,25.0,310.0,60.0,0.80683845,0.19316155,0.7469126,0.25308743,5.1
0.9524719,-0.372539,-1.0927854,25.0,190.0,60.0,0.8386894,0.16131066,0.6925046,0.3074954,11.49
0.9996035,-1.8660026,-1.464368,25.0,330.0,60.0,0.8010885,0.1989115,0.7553353,0.24466473,3.6999996
-0.5411444,-1.0888453,0.07702926,25.0,80.0,60.0,0.86403054,0.13596949,0.63738364,0.36261636,14.5
0.84679663,-0.76295096,1.0600804,120.0,120.0,10.0,0.8267904,0.17320956,0.67393243,0.32606757,8.83
1.9868374,-1.2526916,-1.147608,250.0,200.0,60.0,0.800163,0.19983697,0.6278747,0.37212527,6.0000005
-1.0048336,-1.5883566,-0.072173744,200.0,200.0,0.0167,0.78728646,0.2127135,0.6976605,0.3023395,7.79
-1.4500655,-0.5496507,-0.3244033,180.0,180.0,10.0,0.8004015,0.19959849,0.6852916,0.31470844,13.24
-0.54520595,-0.7865055,-0.2391944,180.0,180.0,540.0,0.92830473,0.07169529,0.20151517,0.79848486,12.0
-2.100564,-1.0645915,-0.9797414,25.0,310.0,15.0,0.79085326,0.20914675,0.7799181,0.22008193,16.92
-2.5768008,-0.68460816,-0.23755111,160.0,160.0,20.0,0.81290567,0.18709427,0.6726391,0.3273609,12.84
0.69672036,-1.8993982,-1.37474,25.0,235.0,60.0,0.8272721,0.17272784,0.71366256,0.28633747,4.1000004
0.4729573,-0.72160345,-0.7076906,25.0,250.0,30.0,0.8134682,0.18653172,0.7444101,0.2555899,5.42
-0.87634987,-0.49666128,-0.5757775,220.0,220.0,10.0,0.7811949,0.21880506,0.6927441,0.30725592,18.0
0.71945286,-0.9088919,1.3133204,80.0,80.0,10.0,0.8428,0.15719995,0.6662435,0.33375654,4.79
-3.3652868,-0.9421999,-0.003825408,180.0,180.0,2.0,0.79756,0.20244002,0.6922644,0.30773565,16.4
3.4573393,0.46688408,-0.71816206,100.0,240.0,30.0,0.8037603,0.19623971,0.71965075,0.28034928,6.2000003
1.976955,-0.088911496,0.2415279,105.0,105.0,180.0,0.8789555,0.12104453,0.50543475,0.49456525,8.79
2.5974307,-0.82229334,-1.2460182,205.0,205.0,60.0,0.8063995,0.19360048,0.6448849,0.3551151,4.5
1.3555439,-0.49314764,-0.32338563,220.0,220.0,1.0,0.77777374,0.22222628,0.70047796,0.29952207,6.41
-1.9349736,-0.38161114,-0.7076906,25.0,250.0,30.0,0.8134682,0.18653172,0.7444101,0.2555899,9.11
-0.68677104,-1.3498322,-0.3727348,310.0,200.0,20.0,0.77452904,0.22547096,0.64628494,0.35371506,10.0
-3.9308066,-0.09965042,-1.7282649,25.0,300.0,120.0,0.82928,0.17071998,0.6933261,0.30667388,27.08
0.95054066,-0.6042121,-0.5705528,250.0,235.0,1.5,0.7674713,0.23252867,0.6984301,0.30156988,12.92
0.4653507,-1.4321128,-0.30744335,230.0,220.0,1.75,0.77619004,0.22380993,0.6969236,0.30307642,8.5
1.635114,-1.5823784,-1.1852319,320.0,348.0,300.0,0.8281415,0.17185849,0.4461694,0.5538306,6.2000003
-4.1991014,-1.4075397,0.26283622,70.0,70.0,60.0,0.86042565,0.13957433,0.61756873,0.3824313,15.1
-1.7090745,-0.4856975,0.56236243,165.0,175.0,0.0167,0.8009186,0.19908147,0.6959907,0.3040093,14.82
-3.1451223,-1.0790416,-0.91481036,25.0,310.0,3.0,0.7864297,0.21357027,0.7881788,0.2118212,20.08
-0.65761137,-0.78320336,-0.8021784,25.0,260.0,30.0,0.8106843,0.18931568,0.7486731,0.25132695,12.0
-1.614094,-0.70588964,-0.07526992,200.0,200.0,0.167,0.7873422,0.21265785,0.69753164,0.3024684,9.3
-4.718985,0.2588555,-1.0919474,80.0,210.0,60.0,0.82529396,0.17470604,0.68585795,0.31414208,27.15
-5.4281945,-1.1219431,-1.5434659,25.0,280.0,60.0,0.8152249,0.18477511,0.733924,0.266076,26.8
0.84679663,-0.78937733,0.85088533,150.0,140.0,4.0,0.81470853,0.18529144,0.68004495,0.31995505,7.3
-1.1312306,0.004113951,0.9778096,140.0,140.0,0.0167,0.8150086,0.18499143,0.68654364,0.3134564,15.91
0.66863286,-1.7803787,0.266985,80.0,80.0,480.0,0.938118,0.061881993,0.22796495,0.772035,4.0000005
2.5952103,-0.87766135,-0.98195684,260.0,260.0,1.0,0.7570507,0.24294932,0.70772415,0.2922758,4.8700004
0.2470844,-0.9175475,-1.1824219,25.0,210.0,60.0,0.8336921,0.1663079,0.70201564,0.29798442,12.5
-2.2087169,0.05513812,-0.08136471,185.0,185.0,0.208,0.7945592,0.20544076,0.6947373,0.30526268,31.0
1.1545055,-1.2888166,0.73534894,25.0,120.0,20.0,0.8439273,0.15607269,0.6935547,0.30644527,6.26
2.1573102,-1.2242185,0.983932,130.0,130.0,10.0,0.8225921,0.17740798,0.6758403,0.32415968,2.8
-0.5411444,-1.6553744,0.8867338,50.0,185.0,0.0167,0.8172727,0.18272726,0.73300135,0.26699868,5.8500004
-2.4872272,-1.2403363,-1.474464,280.0,280.0,30.0,0.7581625,0.24183752,0.6865049,0.3134951,20.19
-0.26023686,-1.0143603,-0.4319155,160.0,160.0,30.0,0.81624603,0.18375397,0.66362363,0.33637637,9.85
-3.256619,-1.3425366,0.29646102,25.0,180.0,20.0,0.828962,0.171038,0.7215112,0.27848879,15.3
1.1545055,-0.58869404,-0.56661177,200.0,200.0,20.0,0.7945936,0.20540638,0.6802514,0.31974858,11.37
0.28806418,-0.22826242,0.97625065,140.0,140.0,0.17,0.81505966,0.18494032,0.6864095,0.31359056,9.03
-2.3938437,0.09460618,-0.7076906,25.0,250.0,30.0,0.8134682,0.18653172,0.7444101,0.2555899,20.99
-0.07247263,-1.0703313,1.441938,30.0,30.0,0.083,0.8584507,0.14154924,0.6655419,0.33445808,1.6000001
-1.0048336,-1.2941141,-0.077319875,185.0,185.0,0.0167,0.7944902,0.20550983,0.6949023,0.30509776,12.41
0.301921,-1.8662546,-1.474464,280.0,280.0,30.0,0.7581625,0.24183752,0.6865049,0.3134951,6.6000004
-1.2781038,-1.5976325,-1.2741053,280.0,280.0,5.0,0.747881,0.25211903,0.70795715,0.29204288,11.24
1.1545055,-0.45825782,0.67191076,170.0,140.0,4.0,0.81142634,0.18857369,0.6739949,0.3260051,5.4
0.12961115,-0.86127836,-0.78725284,100.0,250.0,30.0,0.80086696,0.19913308,0.72417367,0.27582636,12.610001
0.029868914,-0.48346984,-1.374115,295.0,295.0,5.0,0.739579,0.26042098,0.7106465,0.2893535,15.59
2.084927,-1.2116522,0.1009448,120.0,120.0,90.0,0.85068375,0.1493162,0.5988642,0.40113583,2.3999999
2.5974307,-1.3202177,-0.8347741,250.0,250.0,0.5,0.7621516,0.23784837,0.7063442,0.2936558,1.9900005
1.4853187,-1.7609843,-1.5417352,25.0,310.0,60.0,0.80683845,0.19316155,0.7469126,0.25308743,3.8999999
-4.42991,-2.102709,0.21763358,105.0,170.0,30.0,0.82233727,0.17766272,0.6852712,0.31472874,14.27
-0.2458794,-0.35866162,0.59156406,160.0,160.0,5.0,0.80780786,0.19219209,0.68592525,0.31407478,13.54
0.71945286,-1.4961051,1.1803231,100.0,100.0,1.0,0.8321896,0.16781035,0.6781384,0.32186165,4.0000005
1.1545055,-0.5026397,-0.102240324,180.0,180.0,5.0,0.79862905,0.20137091,0.68965966,0.31034037,7.42
-2.2275808,-0.87927383,-1.3501378,180.0,180.0,60.0,0.8174826,0.18251744,0.639891,0.36010894,17.89
1.1545055,-0.95732087,0.41992128,160.0,160.0,10.0,0.8095188,0.19048113,0.6815289,0.31847107,6.1800003
-2.9938831,-0.9662906,-0.1579177,160.0,200.0,10.0,0.79801214,0.20198786,0.70076144,0.29923853,17.82
-1.0833983,-1.5980064,0.5424112,170.0,170.0,2.0,0.8022083,0.19779173,0.6904089,0.30959114,6.78
-2.5768008,-0.6850719,0.06779883,160.0,160.0,15.0,0.81121814,0.1887819,0.6771,0.3229,12.81
-1.6142938,-1.629474,0.9666585,142.0,142.0,0.017,0.8141314,0.18586864,0.6869175,0.31308252,5.08
0.22497924,-1.1875782,0.8375356,150.0,146.0,0.5,0.8118711,0.18812884,0.6860524,0.31394762,7.2000003
3.0019646,-0.700095,-1.5970459,250.0,250.0,60.0,0.78517795,0.21482207,0.6537943,0.34620574,6.13
0.5842969,-1.138642,0.5358032,180.0,150.0,4.0,0.8069425,0.19305754,0.6759026,0.3240974,4.7000003
0.59674144,-1.5211493,-0.64774835,50.0,200.0,40.0,0.82621557,0.17378448,0.70705444,0.2929455,7.4
-4.42991,-0.18041909,-0.49988973,25.0,155.0,60.0,0.84714186,0.15285815,0.6754633,0.3245367,27.0
-1.2825875,-1.0550421,0.00830648,230.0,200.0,1.5,0.7823702,0.21762978,0.6875409,0.31245914,12.55
0.84679663,1.2321705,1.1717379,100.0,100.0,5.0,0.8334214,0.16657859,0.6745781,0.32542193,17.68
-1.4500655,-0.5713838,-0.102240324,180.0,180.0,5.0,0.79862905,0.20137091,0.68965966,0.31034037,17.64
-1.7090745,0.13352968,0.9778096,140.0,140.0,0.0167,0.8150086,0.18499143,0.68654364,0.3134564,22.79
0.20572765,-1.7778583,-0.9770535,275.0,250.0,30.0,0.76901513,0.23098482,0.67330194,0.3266981,9.04
1.1545055,-0.4781539,-1.6062498,200.0,200.0,90.0,0.8187126,0.18128735,0.6154543,0.38454562,12.93
-1.424945,-0.93568546,0.566437,170.0,170.0,1.0,0.8018572,0.19814287,0.6912773,0.3087227,11.4
1.5810528,-1.6557795,-1.7916462,280.0,280.0,60.0,0.7701182,0.22988182,0.6596749,0.34032512,6.4
-0.9198582,-0.23441379,0.033473663,180.0,180.0,0.5,0.79702383,0.20297618,0.6935622,0.3064378,16.16
-1.704436,-1.2328378,1.4422296,30.0,30.0,0.0167,0.8584329,0.14156707,0.6656019,0.3343981,12.47
1.5682031,-0.20160685,-1.8059349,230.0,250.0,120.0,0.8100584,0.18994159,0.60335416,0.39664587,12.150001
1.9867188,-1.249642,-0.7552167,220.0,220.0,30.0,0.7886613,0.2113387,0.67516875,0.32483122,4.8000007
-3.562356,-0.19896093,0.027586065,180.0,180.0,0.75,0.79711324,0.20288676,0.6933461,0.3066539,28.0
0.5842969,-0.8813861,0.5358032,180.0,150.0,4.0,0.8069425,0.19305754,0.6759026,0.3240974,8.0
-1.704436,-1.4299263,-0.077285394,190.0,190.0,0.0167,0.79210925,0.20789075,0.69582325,0.30417675,13.88
-0.13617091,-1.2563189,-0.4290786,220.0,220.0,5.0,0.77929896,0.22070104,0.69705445,0.30294558,9.2
0.66863286,-1.6883534,0.22862265,80.0,80.0,60.0,0.8569014,0.14309856,0.6196203,0.3803797,6.0000005
3.3381593,1.445999,0.018860966,150.0,150.0,180.0,0.86434925,0.13565077,0.51521266,0.48478737,9.68
-0.08666108,-0.30800363,-1.511874,25.0,320.0,60.0,0.80397946,0.19602057,0.75114775,0.24885225,14.04
-1.6142938,-1.220538,-0.09862903,185.0,185.0,1.0,0.794845,0.20515497,0.69405395,0.3059461,14.8
-2.724994,-1.3826635,-0.5873792,120.0,210.0,30.0,0.8089337,0.19106631,0.7000364,0.29996353,14.84
-1.6142938,-1.418444,1.4399993,25.0,25.0,0.167,0.86022836,0.13977166,0.6644973,0.33550268,8.8
2.5974307,-1.497311,-1.696672,320.0,320.0,15.0,0.7297385,0.27026153,0.7067401,0.29325998,2.9999998
1.1545055,-0.33388224,0.41992128,160.0,160.0,10.0,0.8095188,0.19048113,0.6815289,0.31847107,13.89
-2.3825579,-1.3172356,-0.7509624,25.0,290.0,5.0,0.7932201,0.2067799,0.77916217,0.22083783,24.83
-4.3380175,-1.2860698,0.22304407,170.0,100.0,120.0,0.8567822,0.14321785,0.5410372,0.45896277,15.35
0.5727593,-1.590894,-1.0722911,280.0,260.0,5.0,0.7546981,0.24530196,0.69855434,0.30144566,8.47
-1.6142938,-1.6357578,-0.07732615,185.0,185.0,0.017,0.7944903,0.2055097,0.694902,0.305098,9.59
-1.4500655,-0.5327843,-0.003825408,180.0,180.0,2.0,0.79756,0.20244002,0.6922644,0.30773565,16.65
-1.6533008,1.6956434,-1.452265,300.0,300.0,7.0,0.7376296,0.2623704,0.7098677,0.29013228,30.0
-1.6984288,-0.22936255,-1.9723537,160.0,300.0,90.0,0.79712397,0.20287608,0.6793823,0.32061765,27.7
3.3381593,-1.5294777,-1.1676538,25.0,300.0,30.0,0.7992306,0.20076942,0.76524746,0.23475257,4.4700003
-1.1360509,-1.4776059,-1.0295162,180.0,180.0,120.0,0.8364541,0.16354589,0.5819841,0.41801596,15.09
-1.4500655,-0.5434816,-0.003825408,180.0,180.0,2.0,0.79756,0.20244002,0.6922644,0.30773565,13.05
-0.14797877,-0.8347399,0.93464243,140.0,140.0,5.0,0.81666446,0.18333557,0.68216664,0.31783336,7.77
-1.704436,-1.3166119,1.44066,25.0,25.0,0.0167,0.8601883,0.13981164,0.6646335,0.33536646,10.16
0.4653507,-1.5859325,-0.27431244,240.0,220.0,2.0,0.77440536,0.2255947,0.6937776,0.30622238,4.98
1.1545055,-0.4993737,0.65709674,160.0,160.0,2.0,0.80677575,0.19322427,0.6885472,0.3114528,5.6500006
-0.044617105,-1.3105346,-1.3329856,270.0,270.0,10.0,0.7553664,0.24463367,0.70191985,0.29808015,12.5
-0.021180155,-1.1790979,-0.4319155,160.0,160.0,30.0,0.81624603,0.18375397,0.66362363,0.33637637,5.5600004
-0.5639342,-1.3764092,-1.1079285,250.0,250.0,30.0,0.7737754,0.22622462,0.68086356,0.3191364,11.77
-1.507276,-0.34028456,0.060808197,160.0,190.0,5.0,0.79916775,0.20083222,0.70030004,0.29969993,14.059999
1.7428236,-1.0249476,-0.6862241,240.0,240.0,1.0,0.7675732,0.23242682,0.70411396,0.29588607,8.22
-0.41318667,-1.5568585,-0.91961706,25.0,180.0,90.0,0.8498083,0.15019174,0.6609075,0.33909246,9.82
-2.7267275,-0.6329447,-0.70716405,240.0,240.0,2.0,0.7679675,0.23203248,0.7032661,0.2967339,13.07
2.3349266,-1.2948004,-1.6642675,300.0,300.0,30.0,0.74735415,0.25264582,0.69023556,0.30976447,3.4000003
-4.42991,0.007556969,-0.49988973,25.0,155.0,60.0,0.84714186,0.15285815,0.6754633,0.3245367,34.0
0.71945286,-1.0861831,0.41992128,160.0,160.0,10.0,0.8095188,0.19048113,0.6815289,0.31847107,6.43
-1.4500655,-0.57216597,-0.003825408,180.0,180.0,2.0,0.79756,0.20244002,0.6922644,0.30773565,14.41
0.64739835,-1.2329707,1.0844221,140.0,125.0,5.0,0.82072604,0.179274,0.67479473,0.32520527,3.3
-0.33699745,-1.1254697,1.3063926,80.0,80.0,1.0,0.84014493,0.15985505,0.6743308,0.3256692,4.5
1.6583828,-1.3601667,-1.1072545,250.0,250.0,10.0,0.76593924,0.2340608,0.6982685,0.30173153,5.3300004
0.71945286,-1.490265,1.2399993,90.0,90.0,7.0,0.8380155,0.16198452,0.6708733,0.32912675,4.8800006
-3.4259186,-0.89331025,-1.4494979,260.0,290.0,10.0,0.75058854,0.2494115,0.71409386,0.2859061,21.61
2.287703,-1.549837,-0.82422376,25.0,300.0,1.0,0.78874165,0.21125834,0.7857652,0.21423487,6.06
-0.26415893,-1.1566498,-1.2061965,25.0,320.0,30.0,0.79331213,0.20668788,0.7732452,0.22675478,12.8
-2.724994,-0.99733955,-1.5692579,155.0,260.0,30.0,0.78819686,0.21180315,0.713348,0.28665203,20.03
-1.357976,-1.2176516,0.044566214,180.0,180.0,0.0167,0.7968508,0.20314917,0.6939797,0.3060203,12.9800005
-0.47813618,0.20338774,0.9778096,140.0,140.0,0.0167,0.8150086,0.18499143,0.68654364,0.3134564,14.0
-1.6142938,-1.4644696,0.5812272,170.0,170.0,0.33,0.8016216,0.19837837,0.6918584,0.30814162,8.88
1.6293457,-1.5026209,-0.3415523,160.0,160.0,24.0,0.8142474,0.18575259,0.6690477,0.3309523,4.15
0.71945286,-1.5082386,1.0029569,130.0,130.0,0.3,0.81943977,0.18056029,0.6844205,0.31557944,2.3100002
-1.6978815,-0.11987803,1.2363286,90.0,90.0,3.0,0.836811,0.16318895,0.67445445,0.32554555,12.31
-0.010844635,-0.78773385,1.44066,25.0,25.0,0.0167,0.8601883,0.13981164,0.6646335,0.33536646,12.62
0.2470844,2.306701,0.13973635,100.0,100.0,60.0,0.84963083,0.1503692,0.6237106,0.37628946,31.0
1.541404,-0.51713103,-1.6935859,25.0,320.0,120.0,0.8240524,0.1759476,0.7028226,0.29717737,10.7
-0.13617091,-1.2563885,-0.33454758,220.0,220.0,1.5,0.77796483,0.22203521,0.7000512,0.29994878,7.2000003
-0.47813618,0.2037264,0.9778096,140.0,140.0,0.0167,0.8150086,0.18499143,0.68654364,0.3134564,14.9
0.8792198,-1.1793767,-1.2061965,25.0,320.0,30.0,0.79331213,0.20668788,0.7732452,0.22675478,5.09
0.94392407,-0.25298882,0.7724359,150.0,150.0,3.0,0.8116009,0.18839905,0.6858039,0.31419608,6.5
2.146338,-1.1743406,-1.5276182,300.0,300.0,10.0,0.7389116,0.26108834,0.70734894,0.29265106,3.9699996
2.5172434,0.5381095,-0.71816206,100.0,240.0,30.0,0.8037603,0.19623971,0.71965075,0.28034928,17.6
3.0019646,-0.6832952,-0.31270504,220.0,220.0,0.5,0.7775825,0.22241744,0.7009043,0.29909566,7.6600003
-1.4500655,-0.5107212,0.59156406,160.0,160.0,5.0,0.80780786,0.19219209,0.68592525,0.31407478,12.05
-1.704436,-1.4934896,1.0210221,125.0,125.0,0.0167,0.8214863,0.1785137,0.6837299,0.3162701,5.42
-3.256619,-0.6352305,-1.1810315,240.0,240.0,40.0,0.7826045,0.21739542,0.67004454,0.32995543,36.05
1.1545055,-0.49225923,-0.6844935,220.0,220.0,20.0,0.7849516,0.21504834,0.6840222,0.3159778,13.84
0.2470844,-0.9175475,-1.4042846,25.0,240.0,60.0,0.82596487,0.1740351,0.715959,0.28404105,15.6
-2.5466256,-1.5644149,1.1829181,100.0,100.0,0.5,0.8320352,0.16796483,0.6785819,0.32141805,17.0
1.6029807,-2.0243077,-1.7301034,150.0,240.0,120.0,0.825637,0.17436303,0.6242451,0.37575486,4.1600003
-2.182239,-1.2804233,-0.032180395,180.0,180.0,3.0,0.7979168,0.20208319,0.6913975,0.30860254,13.88
-0.46673763,-1.5034939,1.1603979,110.0,110.0,15.0,0.8324578,0.1675422,0.6675221,0.3324779,6.83
0.71945286,-0.15453848,1.1912065,100.0,100.0,10.0,0.83495086,0.16504908,0.6700994,0.32990068,7.3
2.3349266,-0.83559614,-1.5276182,300.0,300.0,10.0,0.7389116,0.26108834,0.70734894,0.29265106,8.38
-1.6323955,-0.4561902,-1.3860905,25.0,310.0,45.0,0.8016157,0.1983843,0.7582676,0.24173239,21.9
2.287703,-1.6828488,-1.5276182,300.0,300.0,10.0,0.7389116,0.26108834,0.70734894,0.29265106,3.4600003
-0.5411444,-1.6493107,-0.9291584,50.0,185.0,240.0,0.88377935,0.11622066,0.50852424,0.49147576,14.63
1.1545055,-0.27907696,-0.68345726,160.0,160.0,60.0,0.8259893,0.1740107,0.63587403,0.364126,18.28
-0.12794161,-0.8522255,-1.1958852,25.0,310.0,30.0,0.7962873,0.20371266,0.7692706,0.23072942,10.9
2.5974307,-1.5532564,-1.1879017,280.0,280.0,0.67,0.7460711,0.2539289,0.7115839,0.28841606,2.9000003
-0.48581427,-0.73737407,-1.2329295,285.0,285.0,1.0,0.7434497,0.25655034,0.71220046,0.28779957,7.89
2.4773784,-1.5247887,-1.322933,180.0,180.0,90.0,0.8271741,0.17282583,0.6113303,0.38866973,4.8800006
1.1545055,-0.50292856,-0.4290786,220.0,220.0,5.0,0.77929896,0.22070104,0.69705445,0.30294558,9.13
-3.272047,-1.036364,-0.9802622,190.0,180.0,30.0,0.8056892,0.1943108,0.664417,0.33558297,19.97
0.61348283,-1.4098297,-0.4290786,220.0,220.0,5.0,0.77929896,0.22070104,0.69705445,0.30294558,6.2000003
2.084927,-1.2375001,-1.3501378,180.0,180.0,60.0,0.8174826,0.18251744,0.639891,0.36010894,4.7000003
-2.1710436,-1.2826093,-0.032180395,180.0,180.0,3.0,0.7979168,0.20208319,0.6913975,0.30860254,8.61
-3.9416494,-1.5978342,0.40508586,25.0,160.0,15.0,0.8325371,0.16746287,0.71651524,0.2834848,14.08
-0.33699745,-1.0990658,1.1717379,100.0,100.0,5.0,0.8334214,0.16657859,0.6745781,0.32542193,8.0
2.084927,-1.0641744,-1.0325394,180.0,240.0,10.0,0.7823391,0.2176609,0.7136907,0.2863093,10.3
0.71945286,-1.1640817,0.021582652,180.0,180.0,1.0,0.79720265,0.20279734,0.6931299,0.30687007,11.3
0.10196279,-1.0308162,0.7932929,150.0,150.0,1.5,0.8110932,0.18890682,0.6871167,0.31288335,5.0
0.84679663,-0.7618124,1.0278614,120.0,120.0,5.0,0.8252011,0.17479888,0.6783841,0.32161584,7.1800003
3.6051545,-0.9557528,-0.50665605,200.0,200.0,15.0,0.7927829,0.2072171,0.6846572,0.31534278,2.5599997
-4.220417,-1.625048,0.9586429,140.0,140.0,2.0,0.81566894,0.18433103,0.6848056,0.31519446,13.7
1.1545055,0.014394813,-0.57284987,160.0,160.0,40.0,0.81953996,0.18046005,0.6544874,0.34551263,14.39
-0.93548656,-2.0116816,0.7867442,135.0,135.0,20.0,0.82369775,0.17630227,0.6678345,0.3321655,8.6
0.12961115,-0.9592429,-1.0878835,250.0,250.0,20.0,0.7698807,0.2301193,0.6896331,0.3103669,11.7
0.9524719,-1.6279416,1.1195171,110.0,110.0,0.083,0.82780606,0.17219396,0.6808441,0.31915593,1.9999998
-0.044617105,-1.310287,-1.188194,270.0,270.0,5.0,0.7533172,0.24668281,0.7061561,0.29384395,10.0
-4.3380175,-0.42158648,-0.7072966,130.0,180.0,60.0,0.8254004,0.17459959,0.6556714,0.34432858,28.87
0.64739835,-1.4729019,0.5179256,180.0,160.0,2.0,0.80338687,0.19661312,0.6825829,0.31741714,8.2
-1.6142938,0.28661183,1.3747691,25.0,25.0,15.0,0.86412615,0.13587385,0.6509205,0.3490795,16.1
1.976955,1.4435664,0.32467175,85.0,85.0,180.0,0.8850001,0.11499986,0.50108725,0.49891275,23.56
0.2470844,2.1282892,0.13973635,100.0,100.0,60.0,0.84963083,0.1503692,0.6237106,0.37628946,23.0
0.5875617,-0.75495446,-1.2167555,25.0,200.0,180.0,0.8693988,0.13060121,0.58575624,0.4142438,10.8
-0.14567302,-1.0888369,0.6757194,160.0,160.0,1.0,0.80643076,0.19356926,0.6894185,0.3105815,7.61
0.64739835,-1.1149555,0.5419768,165.0,165.0,5.0,0.80554354,0.19445652,0.6868611,0.31313887,10.04
0.2470844,2.1282907,0.13973635,100.0,100.0,60.0,0.84963083,0.1503692,0.6237106,0.37628946,20.58
-1.4500655,-0.63452935,0.41992128,160.0,160.0,10.0,0.8095188,0.19048113,0.6815289,0.31847107,13.07
-1.2582397,-1.387283,-0.8647406,180.0,180.0,240.0,0.86960447,0.13039558,0.46082744,0.5391726,12.400001
-2.5768008,-1.116932,-0.5394902,193.0,193.0,15.0,0.7961025,0.20389745,0.68334156,0.3166584,13.01
-1.9349736,0.27043855,-1.3878564,25.0,350.0,360.0,0.88289094,0.11710911,0.4881256,0.5118744,27.44
0.22497924,-1.0255238,0.98048484,135.0,135.0,2.0,0.81784207,0.18215787,0.6838663,0.31613368,6.36
0.20425926,-0.9522892,0.15363762,145.0,145.0,30.0,0.82268983,0.17731014,0.6607058,0.33929417,13.53
-1.7090745,-0.5330469,1.0493019,120.0,120.0,0.0167,0.8236057,0.17639427,0.68278897,0.31721103,12.07
3.1271765,-0.5854732,0.29965097,150.0,150.0,150.0,0.85638034,0.14361961,0.54558635,0.45441365,1.7700002
2.5974307,-1.5532504,-1.1792068,280.0,280.0,0.08,0.7458238,0.25417617,0.71207607,0.28792396,1.6999996
1.1545055,-0.4940771,-0.57284987,160.0,160.0,40.0,0.81953996,0.18046005,0.6544874,0.34551263,8.4800005
-0.53678554,0.005778128,1.3113315,80.0,80.0,0.0833,0.83987254,0.16012752,0.67514884,0.32485119,17.49
-1.4306849,1.2093914,-1.1676538,25.0,300.0,30.0,0.7992306,0.20076942,0.76524746,0.23475257,34.09
-4.718985,1.3262602,0.12498179,100.0,100.0,360.0,0.91645885,0.08354115,0.32860276,0.67139727,30.72
-1.357976,-1.1639386,-0.07217998,200.0,200.0,0.017,0.7872866,0.2127134,0.6976602,0.30233973,11.96
0.5450627,-1.9703792,0.7679304,25.0,25.0,45.0,0.87172955,0.12827042,0.62271875,0.37728125,2.7
-0.7967495,-1.0341134,-1.511874,25.0,320.0,60.0,0.80397946,0.19602057,0.75114775,0.24885225,15.3
-0.79297805,-1.3194522,-1.0416892,25.0,280.0,30.0,0.80502117,0.19497882,0.75705624,0.24294376,13.67
-1.704436,-1.2777898,0.044566214,180.0,180.0,0.0167,0.7968508,0.20314917,0.6939797,0.3060203,12.07
-1.108195,-1.5405914,-1.8845072,160.0,280.0,120.0,0.81324685,0.18675312,0.64196223,0.35803774,10.65
-1.0048336,-1.5564482,-0.072173744,200.0,200.0,0.0167,0.78728646,0.2127135,0.6976605,0.3023395,7.9
-4.418028,-1.6011393,1.0874283,25.0,100.0,15.0,0.8472473,0.15275274,0.6882739,0.31172612,9.8
0.9524719,-0.66031986,1.4399993,25.0,25.0,0.167,0.86022836,0.13977166,0.6644973,0.33550268,4.1000004
-0.5411444,-1.6565937,-0.87072563,50.0,185.0,60.0,0.8362566,0.16374338,0.68265575,0.3173442,7.04
1.3504069,-0.27315477,-0.31661457,25.0,235.0,20.0,0.81426334,0.18573669,0.74571437,0.25428563,8.5
-1.0048336,-1.2766763,0.813941,150.0,150.0,0.0167,0.81059,0.18940997,0.68841183,0.31158817,18.439999
1.5323579,-1.6092421,-1.1716902,295.0,275.0,2.0,0.74528706,0.2547129,0.7038428,0.29615718,6.09
-1.6142938,-0.97932595,1.3371903,75.0,75.0,0.0833,0.84181565,0.15818435,0.6741946,0.32580546,9.83
-3.8712382,-1.8252345,0.65709674,160.0,160.0,2.0,0.80677575,0.19322427,0.6885472,0.3114528,17.89
-5.9449954,-1.5850853,1.4111292,50.0,50.0,5.0,0.85261685,0.14738312,0.66496235,0.3350376,13.0
-3.256619,-0.48037186,-0.6844935,220.0,220.0,20.0,0.7849516,0.21504834,0.6840222,0.3159778,13.91
-2.1405716,-0.74510264,0.05572343,160.0,180.0,10.0,0.80382925,0.19617075,0.69122803,0.30877197,15.07
-2.1282141,-0.5279502,-1.6062498,200.0,200.0,90.0,0.8187126,0.18128735,0.6154543,0.38454562,24.82
1.1545055,-0.59496,-0.102240324,180.0,180.0,5.0,0.79862905,0.20137091,0.68965966,0.31034037,6.6400003
0.03690202,-0.82061625,-1.3110254,285.0,285.0,5.0,0.7451332,0.25486672,0.7088552,0.2911448,17.0
0.08356741,-1.0487297,1.44066,25.0,25.0,0.0167,0.8601883,0.13981164,0.6646335,0.33536646,7.01
0.71945286,-1.0875779,0.59156406,160.0,160.0,5.0,0.80780786,0.19219209,0.68592525,0.31407478,7.5
-1.9071524,1.4426695,-1.3466465,190.0,190.0,60.0,0.81310964,0.18689042,0.6418923,0.35810772,36.739998
0.9524719,-1.249662,0.08259028,110.0,110.0,60.0,0.84588283,0.15411717,0.6257491,0.3742509,2.7
1.976955,1.2168204,0.32467175,85.0,85.0,180.0,0.8850001,0.11499986,0.50108725,0.49891275,21.98
-0.66268075,-0.99980277,-1.3258415,25.0,260.0,50.0,0.81737965,0.18262038,0.73306423,0.2669358,14.96
1.4737054,-1.9559838,-1.4643681,25.0,330.0,60.0,0.8010885,0.1989115,0.7553353,0.24466473,4.8000007
1.9533008,-0.9235515,0.91169757,88.0,130.0,2.5,0.8267509,0.17324914,0.6949409,0.3050591,3.45
-2.5768013,-1.1192212,-0.3432932,193.0,193.0,10.0,0.79430175,0.20569828,0.68772435,0.31227562,8.45
0.7764777,-1.3957084,-0.33059558,200.0,200.0,10.0,0.7909605,0.20903951,0.6890301,0.31096992,4.7000003
1.154505,-0.4929926,-1.3286674,220.0,220.0,60.0,0.799508,0.20049204,0.6478662,0.35213375,10.36
-2.3084388,-0.21963567,1.1641982,25.0,90.0,15.0,0.8495933,0.15040673,0.6834196,0.31658036,11.0
-4.5834584,-0.6160728,0.78634757,150.0,150.0,2.0,0.81126255,0.18873744,0.6866794,0.31332064,33.0
-1.6978812,-0.86692435,-0.81750023,25.0,300.0,0.0167,0.7883791,0.21162094,0.78643745,0.2135626,20.0
1.5002037,-1.6407849,-1.5970459,250.0,250.0,60.0,0.78517795,0.21482207,0.6537943,0.34620574,7.1
0.5113704,-1.5041387,-0.17072204,182.0,182.0,5.0,0.7976934,0.20230661,0.6900317,0.3099683,7.41
0.20572717,-1.65827,-0.9770535,275.0,250.0,30.0,0.76901513,0.23098482,0.67330194,0.3266981,5.11
-3.2566192,-0.6368252,-1.5099229,240.0,240.0,60.0,0.7900357,0.20996428,0.65182346,0.3481766,36.61
1.154505,-0.25356886,0.7441279,150.0,150.0,5.0,0.8122763,0.18772368,0.68404895,0.31595105,10.01
0.58865243,-1.6507292,-0.10282689,170.0,100.0,40.0,0.83367383,0.16632612,0.6200615,0.37993845,4.92
1.7623367,-1.5953637,-0.8362676,250.0,250.0,0.58,0.76218367,0.2378163,0.7062767,0.2937233,2.5800002
-6.7880535,-1.302613,-0.48589897,230.0,230.0,0.0167,0.7723317,0.22766832,0.70313436,0.2968656,28.99
0.71945226,-0.210299,1.1912065,100.0,100.0,10.0,0.83495086,0.16504908,0.6700994,0.32990068,6.1
0.22497945,-1.0534348,1.2722195,85.0,85.0,2.0,0.8384849,0.16151506,0.67439264,0.3256074,4.4900002
-0.012275832,0.316543,-1.2056208,25.0,325.0,30.0,0.79181254,0.20818746,0.7752143,0.22478573,13.43
-2.6496396,-1.5375704,1.3595257,70.0,70.0,0.167,0.843764,0.156236,0.67316395,0.32683605,10.0
-0.6443006,-0.53420424,-1.5009689,280.0,280.0,15.0,0.7520281,0.24797192,0.69947976,0.30052027,13.6
0.71945226,-1.0889751,-0.32440326,180.0,180.0,10.0,0.8004015,0.19959849,0.6852916,0.31470844,7.11
-4.7040377,1.7292598,0.12498188,100.0,100.0,360.0,0.91645885,0.08354115,0.32860276,0.67139727,39.079998
-1.6142942,-0.83702826,0.58783114,170.0,170.0,0.017,0.80151147,0.19848847,0.6921297,0.30787036,8.8
-0.60894525,-1.2624998,-1.0301821,160.0,230.0,20.0,0.7927042,0.20729573,0.70637745,0.29362252,11.940001
1.4853187,-0.96509486,-1.1676538,25.0,300.0,30.0,0.7992306,0.20076942,0.76524746,0.23475257,9.2
-1.4500651,-0.32615235,-0.10224034,180.0,180.0,5.0,0.79862905,0.20137091,0.68965966,0.31034037,19.83
-1.0561738,-0.91772336,-0.10405662,25.0,250.0,5.0,0.804933,0.19506691,0.7632663,0.2367337,10.7
0.58429694,-0.5907393,0.5358033,180.0,150.0,4.0,0.8069425,0.19305754,0.6759026,0.3240974,15.8
-1.9349735,-0.42802113,-1.2061967,25.0,320.0,30.0,0.79331213,0.20668788,0.7732452,0.22675478,20.99
3.0019653,-0.68447965,-0.75521666,220.0,220.0,30.0,0.7886613,0.2113387,0.67516875,0.32483122,4.34
-1.004834,-1.7749504,-0.6765323,240.0,240.0,0.5,0.7673758,0.23262414,0.70453733,0.29546267,7.2200003
-2.6421752,0.75147814,0.9762151,25.0,125.0,1.0,0.83707225,0.16292778,0.71203995,0.28796005,20.19
0.84679675,-0.7651864,1.0099161,120.0,120.0,20.0,0.8299347,0.17006528,0.6649348,0.3350652,7.05
-2.1672978,-1.184245,-0.32440326,180.0,180.0,10.0,0.8004015,0.19959849,0.6852916,0.31470844,14.9800005
-1.7090744,0.13450848,0.97780955,140.0,140.0,0.0167,0.8150086,0.18499143,0.68654364,0.3134564,23.8
-5.282396,-0.5411679,-0.70716393,240.0,240.0,2.0,0.7679675,0.23203248,0.7032661,0.2967339,30.060001
-1.9083993,-0.708165,-0.48896724,230.0,230.0,0.167,0.7723901,0.22760984,0.70300686,0.2969932,15.78
-2.3635397,-1.0715374,-0.88896865,250.0,250.0,3.0,0.7631524,0.23684756,0.7042312,0.29576874,26.33
1.154505,-0.5056551,0.41992128,160.0,160.0,10.0,0.8095188,0.19048113,0.6815289,0.31847107,7.46
-3.2604437,-1.1567754,-1.5970459,250.0,250.0,60.0,0.78517795,0.21482207,0.6537943,0.34620574,22.77
1.031045,-1.1460441,-1.9542191,170.0,320.0,75.0,0.78380144,0.21619864,0.6991286,0.30087137,9.82
-0.07247232,-1.4077691,1.4291123,25.0,25.0,5.0,0.86150855,0.13849147,0.6601021,0.33989793,10.0
3.0019653,-0.57757133,-0.6803466,200.0,200.0,30.0,0.7981797,0.2018203,0.67134315,0.32865685,5.8700004
0.24708368,2.2156148,0.13973635,100.0,100.0,60.0,0.84963083,0.1503692,0.6237106,0.37628946,23.06
1.154505,0.4380094,-0.6834573,160.0,160.0,60.0,0.8259893,0.1740107,0.63587403,0.364126,19.98
1.154505,-0.5268278,0.41992128,160.0,160.0,10.0,0.8095188,0.19048113,0.6815289,0.31847107,7.9500003
-3.2566192,-0.48024273,-0.9332684,220.0,220.0,40.0,0.7923239,0.20767611,0.66618836,0.33381158,14.7
-1.9929659,-1.2481542,-1.8363163,210.0,255.0,120.0,0.81197035,0.18802963,0.61263317,0.3873668,23.46
1.154505,-0.50483453,-0.32440326,180.0,180.0,10.0,0.8004015,0.19959849,0.6852916,0.31470844,14.68
0.84679675,-0.5386591,0.63431376,160.0,150.0,5.0,0.81062424,0.18937573,0.6810514,0.3189486,6.5
-0.07247232,-1.4144123,1.4406601,25.0,25.0,0.0167,0.8601883,0.13981164,0.6646335,0.33536646,5.53
-3.5967865,-0.25605455,1.1857275,100.0,100.0,0.017,0.8318859,0.16811416,0.67901015,0.32098988,17.4
0.9439245,-1.4157348,-0.58135116,25.0,280.0,0.0167,0.7944022,0.20559786,0.7787719,0.22122815,11.0
2.3349261,-1.3551564,-0.9320092,300.0,250.0,10.0,0.75612164,0.24387836,0.6834979,0.31650206,5.2000003
-0.1479787,-1.1134893,1.0487897,120.0,120.0,0.083,0.823627,0.17637298,0.68273056,0.31726938,6.8
1.5016501,-1.4495555,-1.5518017,25.0,295.0,60.0,0.8110674,0.18893263,0.74047107,0.25952893,5.8
2.5495977,-0.12226782,-0.180984,25.0,250.0,10.0,0.80666345,0.19333653,0.75957316,0.24042688,4.6000004
-0.2606756,1.3121951,0.5137378,25.0,25.0,300.0,0.9227483,0.07725168,0.3691746,0.6308254,19.23
0.6686331,-1.6883585,0.22862262,80.0,80.0,60.0,0.8569014,0.14309856,0.6196203,0.3803797,2.9999998
-1.6142942,-1.4645945,0.58678824,170.0,170.0,0.067,0.8015291,0.1984709,0.69208634,0.30791363,10.97
1.154505,-0.48121455,-0.42907858,220.0,220.0,5.0,0.77929896,0.22070104,0.69705445,0.30294558,19.88
-0.41446406,-0.9362284,1.1912065,100.0,100.0,10.0,0.83495086,0.16504908,0.6700994,0.32990068,11.9
-1.6142942,-1.6318945,0.71305454,157.0,157.0,0.017,0.80744934,0.19255069,0.6897157,0.3102843,7.4500003
2.1573105,-1.2270623,1.1912065,100.0,100.0,10.0,0.83495086,0.16504908,0.6700994,0.32990068,2.2
1.154505,-0.50421125,-0.23755117,160.0,160.0,20.0,0.81290567,0.18709427,0.6726391,0.3273609,11.55
0.101962835,-1.3797948,0.79329294,150.0,150.0,1.5,0.8110932,0.18890682,0.6871167,0.31288335,8.96
-1.6052312,-0.68864626,-0.95108056,250.0,250.0,5.0,0.763951,0.236049,0.7025346,0.2974654,14.5
0.5967411,-1.5035267,-0.19408968,200.0,190.0,5.0,0.79214597,0.20785405,0.68855864,0.31144133,6.5800004
1.154505,-1.8293786,0.96325547,140.0,140.0,1.5,0.8155027,0.18449737,0.6852442,0.3147558,2.2899997
-2.7455335,-0.6214522,1.0456803,120.0,120.0,0.5,0.8237609,0.17623903,0.6823632,0.31763682,16.34
-0.93548644,-1.2120118,-1.2129388,160.0,200.0,300.0,0.882391,0.11760897,0.41866615,0.5813339,18.23
-3.9416494,-0.6408559,0.033473633,180.0,180.0,0.5,0.79702383,0.20297618,0.6935622,0.3064378,18.64
1.154505,-0.49475756,0.90635574,140.0,140.0,10.0,0.81831425,0.18168578,0.6777424,0.3222576,6.05
-0.93548644,-1.1675063,-1.252739,160.0,220.0,210.0,0.8556652,0.14433478,0.5206782,0.47932178,16.9
0.84679675,-0.7234392,1.1603979,110.0,110.0,15.0,0.8324578,0.1675422,0.6675221,0.3324779,6.73
-3.8151116,1.1701205,0.81184345,150.0,150.0,0.167,0.8106411,0.18935896,0.68828076,0.3117193,29.300001
0.5967411,-1.1638218,-1.4472008,160.0,200.0,60.0,0.8152505,0.18474953,0.65647393,0.3435261,5.9700003
-4.429911,0.7678964,0.12498188,100.0,100.0,360.0,0.91645885,0.08354115,0.32860276,0.67139727,29.11
-0.5411441,-1.6565999,-0.8707256,50.0,185.0,60.0,0.8362566,0.16374338,0.68265575,0.3173442,7.17
0.101962835,-0.64417034,0.87469816,160.0,130.0,1.5,0.8149976,0.18500239,0.67431784,0.3256822,6.32
